{
"type": "FeatureCollection",
"name": "gym_accessibility",
"crs": { "type": "name", "properties": { "name": "urn:ogc:def:crs:OGC:1.3:CRS84" } },
"features": [
{ "type": "Feature", "properties": { "GymType": "球類運動設施/籃球場館", "Name": "內湖高中活動中心", "Addr": "臺北市內湖區紫陽里文德路218號", "OperationTel": "02-27977035", "WebUrl": "http://web.nhsh.tp.edu.tw/", "Lat": 25.0782333086234, "Lng": 121.58699154853799, "PassEasyEle": 1.0, "PassEasyParking": 1.0, "PassEasyShower": 1.0, "PassEasyToilet": 1.0, "PassEasyWay": 1.0, "WheelchairAuditorium": 0.0 }, "geometry": { "type": "Point", "coordinates": [ 121.586991548537995, 25.0782333086234 ] } },
{ "type": "Feature", "properties": { "GymType": "球類運動設施/羽球場館", "Name": "成淵高中綜合球場", "Addr": "臺北市大同區承德路二段235號", "OperationTel": "02-25531969", "WebUrl": "http://www.cyhs.tp.edu.tw", "Lat": 25.060833018657799, "Lng": 121.518659591675, "PassEasyEle": 3.0, "PassEasyParking": 3.0, "PassEasyShower": 1.0, "PassEasyToilet": 3.0, "PassEasyWay": 1.0, "WheelchairAuditorium": 0.0 }, "geometry": { "type": "Point", "coordinates": [ 121.518659591675004, 25.060833018657799 ] } },
{ "type": "Feature", "properties": { "GymType": "球類運動設施/籃球場館", "Name": "百齡高中活動中心", "Addr": "臺北市士林區義信里承德路4段177號", "OperationTel": "02-28831568", "WebUrl": "http://www.blsh.tp.edu.tw", "Lat": 25.086453976244101, "Lng": 121.523551940918, "PassEasyEle": 2.0, "PassEasyParking": 1.0, "PassEasyShower": 1.0, "PassEasyToilet": 3.0, "PassEasyWay": 3.0, "WheelchairAuditorium": 0.0 }, "geometry": { "type": "Point", "coordinates": [ 121.523551940917997, 25.086453976244101 ] } },
{ "type": "Feature", "properties": { "GymType": "球類運動設施/籃球場館", "Name": "政大附中體育館", "Addr": "臺北市文山區政大一街353號", "OperationTel": "02-82377500#9323", "WebUrl": "http://www.ahs.nccu.edu.tw", "Lat": 24.987876532359799, "Lng": 121.584818959236, "PassEasyEle": 4.0, "PassEasyParking": 5.0, "PassEasyShower": 0.0, "PassEasyToilet": 50.0, "PassEasyWay": 2.0, "WheelchairAuditorium": 0.0 }, "geometry": { "type": "Point", "coordinates": [ 121.584818959236003, 24.987876532359799 ] } },
{ "type": "Feature", "properties": { "GymType": "球類運動設施/籃球場館", "Name": "百齡高中籃球場", "Addr": "臺北市士林區義信里承德路4段177號", "OperationTel": "02-28831568", "WebUrl": "http://www.blsh.tp.edu.tw", "Lat": 25.086502560109, "Lng": 121.523938179016, "PassEasyEle": 0.0, "PassEasyParking": 0.0, "PassEasyShower": 0.0, "PassEasyToilet": 0.0, "PassEasyWay": 0.0, "WheelchairAuditorium": 0.0 }, "geometry": { "type": "Point", "coordinates": [ 121.523938179016, 25.086502560109 ] } },
{ "type": "Feature", "properties": { "GymType": "球類運動設施/羽球場館", "Name": "麗山高中體育館", "Addr": "臺北市內湖區環山路二段100號", "OperationTel": "02-26570435#302", "WebUrl": "http://www.lssh.tp.edu.tw", "Lat": 25.085268523963698, "Lng": 121.577378511429, "PassEasyEle": 0.0, "PassEasyParking": 0.0, "PassEasyShower": 0.0, "PassEasyToilet": 1.0, "PassEasyWay": 1.0, "WheelchairAuditorium": 0.0 }, "geometry": { "type": "Point", "coordinates": [ 121.577378511429004, 25.085268523963698 ] } },
{ "type": "Feature", "properties": { "GymType": "球類運動設施/排球場館", "Name": "百齡高中排球場(館)", "Addr": "臺北市士林區義信里承德路4段177號", "OperationTel": "02-28831568", "WebUrl": "http://www.blsh.tp.edu.tw", "Lat": 25.0865171352647, "Lng": 121.523825526237, "PassEasyEle": 0.0, "PassEasyParking": 12.0, "PassEasyShower": 0.0, "PassEasyToilet": 2.0, "PassEasyWay": 1.0, "WheelchairAuditorium": 0.0 }, "geometry": { "type": "Point", "coordinates": [ 121.523825526237005, 25.0865171352647 ] } },
{ "type": "Feature", "properties": { "GymType": "陸上/射擊運動設施/田徑場", "Name": "百齡高中田徑場", "Addr": "臺北市士林區義信里承德路4段177號", "OperationTel": "02-28831568", "WebUrl": "http://www.blsh.tp.edu.tw", "Lat": 25.086206198233, "Lng": 121.524131298065, "PassEasyEle": 0.0, "PassEasyParking": 2.0, "PassEasyShower": 0.0, "PassEasyToilet": 2.0, "PassEasyWay": 1.0, "WheelchairAuditorium": 0.0 }, "geometry": { "type": "Point", "coordinates": [ 121.524131298065001, 25.086206198233 ] } },
{ "type": "Feature", "properties": { "GymType": "球類運動設施/籃球場館", "Name": "政治大學體育館", "Addr": "臺北市文山區指南路二段64號", "OperationTel": "02-29393091#62964", "WebUrl": "http://sports.nccu.edu.tw/", "Lat": 24.985002883359002, "Lng": 121.57365560531601, "PassEasyEle": 0.0, "PassEasyParking": 1.0, "PassEasyShower": 2.0, "PassEasyToilet": 2.0, "PassEasyWay": 2.0, "WheelchairAuditorium": 0.0 }, "geometry": { "type": "Point", "coordinates": [ 121.573655605316006, 24.985002883359002 ] } },
{ "type": "Feature", "properties": { "GymType": "球類運動設施/羽球場館", "Name": "木柵高工活動中心", "Addr": "臺北市文山區萬芳里木柵路4段77號", "OperationTel": "02-22300506#303", "WebUrl": "http://www.mcvs.tp.edu.tw", "Lat": 24.995652820176801, "Lng": 121.571556810999, "PassEasyEle": 0.0, "PassEasyParking": 2.0, "PassEasyShower": 0.0, "PassEasyToilet": 2.0, "PassEasyWay": 1.0, "WheelchairAuditorium": 0.0 }, "geometry": { "type": "Point", "coordinates": [ 121.571556810998999, 24.995652820176801 ] } },
{ "type": "Feature", "properties": { "GymType": "陸上/射擊運動設施/環形或直線慢跑場（非田徑場）", "Name": "政大實小操場", "Addr": "臺北市文山區指南路三段12號", "OperationTel": "02-29393610#622", "WebUrl": "http://www.es.nccu.edu.tw", "Lat": 24.984211086569999, "Lng": 121.578787368562, "PassEasyEle": 0.0, "PassEasyParking": 0.0, "PassEasyShower": 1.0, "PassEasyToilet": 1.0, "PassEasyWay": 0.0, "WheelchairAuditorium": 0.0 }, "geometry": { "type": "Point", "coordinates": [ 121.578787368562004, 24.984211086569999 ] } },
{ "type": "Feature", "properties": { "GymType": "球類運動設施/排球場館", "Name": "政治大學綜合球類練習區", "Addr": "臺北市文山區指南路二段64號", "OperationTel": "02-29393091#62964", "WebUrl": "http://sports.nccu.edu.tw", "Lat": 24.9845895780627, "Lng": 121.57411158084901, "PassEasyEle": 0.0, "PassEasyParking": 0.0, "PassEasyShower": 0.0, "PassEasyToilet": 0.0, "PassEasyWay": 0.0, "WheelchairAuditorium": 0.0 }, "geometry": { "type": "Point", "coordinates": [ 121.574111580849006, 24.9845895780627 ] } },
{ "type": "Feature", "properties": { "GymType": "水上/冰上運動設施/游泳池", "Name": "國立政治大學游泳館", "Addr": "臺北市文山區指南路二段64號", "OperationTel": "02-29393091#62964", "WebUrl": "http://www.nccu.edu.tw", "Lat": 24.985484260717399, "Lng": 121.577603816986, "PassEasyEle": 0.0, "PassEasyParking": 0.0, "PassEasyShower": 1.0, "PassEasyToilet": 0.0, "PassEasyWay": 0.0, "WheelchairAuditorium": 0.0 }, "geometry": { "type": "Point", "coordinates": [ 121.577603816985999, 24.985484260717399 ] } },
{ "type": "Feature", "properties": { "GymType": "球類運動設施/籃球場館", "Name": "靜修女中體育館", "Addr": "臺北市大同區雙連里寧夏路72號", "OperationTel": "02-25574345#304", "WebUrl": "http://www.bish.tp.edu.tw", "Lat": 25.057826468144899, "Lng": 121.515189886486, "PassEasyEle": 1.0, "PassEasyParking": 1.0, "PassEasyShower": 0.0, "PassEasyToilet": 0.0, "PassEasyWay": 1.0, "WheelchairAuditorium": 0.0 }, "geometry": { "type": "Point", "coordinates": [ 121.515189886485999, 25.057826468144899 ] } },
{ "type": "Feature", "properties": { "GymType": "冒險性運動設施/攀岩場/抱石場", "Name": "靜修女中攀岩場", "Addr": "臺北市大同區雙連里寧夏路72號", "OperationTel": "02-25574345", "WebUrl": "http://www.bish.tp.edu.tw", "Lat": 25.057878951073899, "Lng": 121.51515984522101, "PassEasyEle": 1.0, "PassEasyParking": 0.0, "PassEasyShower": 0.0, "PassEasyToilet": 1.0, "PassEasyWay": 1.0, "WheelchairAuditorium": 0.0 }, "geometry": { "type": "Point", "coordinates": [ 121.515159845221007, 25.057878951073899 ] } },
{ "type": "Feature", "properties": { "GymType": "球類運動設施/網球場館", "Name": "政治大學網球場", "Addr": "臺北市文山區指南路二段64號", "OperationTel": "02-29393091#62964", "WebUrl": "http://sports.nccu.edu.tw/", "Lat": 24.982301786559301, "Lng": 121.578244864941, "PassEasyEle": 0.0, "PassEasyParking": 0.0, "PassEasyShower": 0.0, "PassEasyToilet": 0.0, "PassEasyWay": 0.0, "WheelchairAuditorium": 0.0 }, "geometry": { "type": "Point", "coordinates": [ 121.578244864940999, 24.982301786559301 ] } },
{ "type": "Feature", "properties": { "GymType": "球類運動設施/排球場館", "Name": "政治大學環山運動園區", "Addr": "臺北市文山區指南路二段64號", "OperationTel": "02-29393091#62964", "WebUrl": "http://sports.nccu.edu.tw/", "Lat": 24.9812101473456, "Lng": 121.577941775322, "PassEasyEle": 1.0, "PassEasyParking": 0.0, "PassEasyShower": 1.0, "PassEasyToilet": 1.0, "PassEasyWay": 0.0, "WheelchairAuditorium": 0.0 }, "geometry": { "type": "Point", "coordinates": [ 121.577941775322003, 24.9812101473456 ] } },
{ "type": "Feature", "properties": { "GymType": "陸上/射擊運動設施/田徑場", "Name": "政治大學田徑場", "Addr": "臺北市文山區指南路二段64號", "OperationTel": "02-29393091#62964", "WebUrl": "http://sports.nccu.edu.tw", "Lat": 24.985321370610201, "Lng": 121.574395895004, "PassEasyEle": 0.0, "PassEasyParking": 0.0, "PassEasyShower": 0.0, "PassEasyToilet": 0.0, "PassEasyWay": 0.0, "WheelchairAuditorium": 0.0 }, "geometry": { "type": "Point", "coordinates": [ 121.574395895004002, 24.985321370610201 ] } },
{ "type": "Feature", "properties": { "GymType": "球類運動設施/羽球場館", "Name": "南港高工活動中心", "Addr": "臺北市南港區南港里興中路29號", "OperationTel": "02-27825432#1209", "WebUrl": "http://www.nkhs.tp.edu.tw", "Lat": 25.0553563479356, "Lng": 121.608127355576, "PassEasyEle": 0.0, "PassEasyParking": 0.0, "PassEasyShower": 0.0, "PassEasyToilet": 0.0, "PassEasyWay": 0.0, "WheelchairAuditorium": 0.0 }, "geometry": { "type": "Point", "coordinates": [ 121.608127355576002, 25.0553563479356 ] } },
{ "type": "Feature", "properties": { "GymType": "陸上/射擊運動設施/田徑場", "Name": "南港高工田徑場", "Addr": "臺北市南港區南港里興中路29號", "OperationTel": "02-27825432#1209", "WebUrl": "http://www.nkhs.tp.edu.tw", "Lat": 25.056143604042202, "Lng": 121.60844385623901, "PassEasyEle": 0.0, "PassEasyParking": 0.0, "PassEasyShower": 0.0, "PassEasyToilet": 0.0, "PassEasyWay": 0.0, "WheelchairAuditorium": 0.0 }, "geometry": { "type": "Point", "coordinates": [ 121.608443856239006, 25.056143604042202 ] } },
{ "type": "Feature", "properties": { "GymType": "球類運動設施/籃球場館", "Name": "南港高工籃球場", "Addr": "臺北市南港區南港里興中路29號", "OperationTel": "02-27825432#1209", "WebUrl": "http://www.nkhs.tp.edu.tw", "Lat": 25.055973518274602, "Lng": 121.608508229256, "PassEasyEle": 0.0, "PassEasyParking": 0.0, "PassEasyShower": 0.0, "PassEasyToilet": 0.0, "PassEasyWay": 1.0, "WheelchairAuditorium": 0.0 }, "geometry": { "type": "Point", "coordinates": [ 121.608508229256003, 25.055973518274602 ] } },
{ "type": "Feature", "properties": { "GymType": "水上/冰上運動設施/游泳池", "Name": "市立華江高中活動中心", "Addr": "臺北市萬華區西藏路213號", "OperationTel": "02-23396689", "WebUrl": "http://www.hcsh.tp.edu.tw/", "Lat": 25.027740870652099, "Lng": 121.496279239655, "PassEasyEle": 0.0, "PassEasyParking": 1.0, "PassEasyShower": 1.0, "PassEasyToilet": 2.0, "PassEasyWay": 1.0, "WheelchairAuditorium": 0.0 }, "geometry": { "type": "Point", "coordinates": [ 121.496279239654996, 25.027740870652099 ] } },
{ "type": "Feature", "properties": { "GymType": "球類運動設施/籃球場館", "Name": "中國科技大學體育館", "Addr": "臺北市文山區興隆路三段56號", "OperationTel": "02-29313416#2149", "WebUrl": "http://www.cute.edu.tw/", "Lat": 24.998796758308, "Lng": 121.555588245392, "PassEasyEle": 0.0, "PassEasyParking": 0.0, "PassEasyShower": 0.0, "PassEasyToilet": 0.0, "PassEasyWay": 0.0, "WheelchairAuditorium": 0.0 }, "geometry": { "type": "Point", "coordinates": [ 121.555588245392002, 24.998796758308 ] } },
{ "type": "Feature", "properties": { "GymType": "陸上/射擊運動設施/環形或直線慢跑場（非田徑場）", "Name": "中國科技大學環形/直線慢跑道(非田徑場型)", "Addr": "臺北市文山區興隆路三段56號", "OperationTel": "02-29313416#2149", "WebUrl": "http://www.cute.edu.tw/", "Lat": 24.997299295859499, "Lng": 121.554826498032, "PassEasyEle": 0.0, "PassEasyParking": 0.0, "PassEasyShower": 0.0, "PassEasyToilet": 0.0, "PassEasyWay": 0.0, "WheelchairAuditorium": 0.0 }, "geometry": { "type": "Point", "coordinates": [ 121.554826498032, 24.997299295859499 ] } },
{ "type": "Feature", "properties": { "GymType": "球類運動設施/籃球場館", "Name": "臺灣戲曲學院籃球場", "Addr": "臺北市內湖區內湖路二段177號", "OperationTel": "02-27962666", "WebUrl": "http://www.tcpa.edu.tw/bin/home.php", "Lat": 25.082161321386199, "Lng": 121.586263489226, "PassEasyEle": 0.0, "PassEasyParking": 0.0, "PassEasyShower": 0.0, "PassEasyToilet": 0.0, "PassEasyWay": 0.0, "WheelchairAuditorium": 0.0 }, "geometry": { "type": "Point", "coordinates": [ 121.586263489225999, 25.082161321386199 ] } },
{ "type": "Feature", "properties": { "GymType": "陸上/射擊運動設施/田徑場", "Name": "國立臺灣戲曲學院田徑場", "Addr": "臺北市內湖區內湖路二段177號", "OperationTel": "02-27962666", "WebUrl": "http://www.tcpa.edu.tw/bin/home.php", "Lat": 25.082224336834098, "Lng": 121.586581546107, "PassEasyEle": 0.0, "PassEasyParking": 0.0, "PassEasyShower": 0.0, "PassEasyToilet": 0.0, "PassEasyWay": 0.0, "WheelchairAuditorium": 0.0 }, "geometry": { "type": "Point", "coordinates": [ 121.586581546106999, 25.082224336834098 ] } },
{ "type": "Feature", "properties": { "GymType": "陸上/射擊運動設施/田徑場", "Name": "大直高中活動中心", "Addr": "臺北市中山區劍潭里北安路420號", "OperationTel": "02-25334017", "WebUrl": "http://www.dcsh.tp.edu.tw", "Lat": 25.079263351602702, "Lng": 121.54296040535, "PassEasyEle": 0.0, "PassEasyParking": 1.0, "PassEasyShower": 0.0, "PassEasyToilet": 0.0, "PassEasyWay": 1.0, "WheelchairAuditorium": 0.0 }, "geometry": { "type": "Point", "coordinates": [ 121.542960405350001, 25.079263351602702 ] } },
{ "type": "Feature", "properties": { "GymType": "陸上/射擊運動設施/田徑場", "Name": "大直高中田徑場", "Addr": "臺北市中山區劍潭里北安路420號", "OperationTel": "02-25334017", "WebUrl": "http://www.dcsh.tp.edu.tw", "Lat": 25.078165286612201, "Lng": 121.543389558792, "PassEasyEle": 0.0, "PassEasyParking": 1.0, "PassEasyShower": 0.0, "PassEasyToilet": 0.0, "PassEasyWay": 1.0, "WheelchairAuditorium": 0.0 }, "geometry": { "type": "Point", "coordinates": [ 121.543389558792001, 25.078165286612201 ] } },
{ "type": "Feature", "properties": { "GymType": "球類運動設施/排球場館", "Name": "南港高工排球場(館)", "Addr": "臺北市南港區南港里興中路29號", "OperationTel": "02-27825432#1209", "WebUrl": "http://www.nkhs.tp.edu.tw", "Lat": 25.055492417253799, "Lng": 121.60857796669001, "PassEasyEle": 0.0, "PassEasyParking": 0.0, "PassEasyShower": 0.0, "PassEasyToilet": 0.0, "PassEasyWay": 0.0, "WheelchairAuditorium": 0.0 }, "geometry": { "type": "Point", "coordinates": [ 121.608577966690007, 25.055492417253799 ] } },
{ "type": "Feature", "properties": { "GymType": "球類運動設施/排球場館", "Name": "內湖高工排球場(館)", "Addr": "臺北市內湖區港墘里內湖路1段520號", "OperationTel": "02-26574874#205", "WebUrl": "http://www.nihs.tp.edu.tw", "Lat": 25.079661762129, "Lng": 121.574900150299, "PassEasyEle": 1.0, "PassEasyParking": 1.0, "PassEasyShower": 0.0, "PassEasyToilet": 1.0, "PassEasyWay": 1.0, "WheelchairAuditorium": 0.0 }, "geometry": { "type": "Point", "coordinates": [ 121.574900150299001, 25.079661762129 ] } },
{ "type": "Feature", "properties": { "GymType": "球類運動設施/羽球場館", "Name": "羽球場館", "Addr": "臺北市大安區和平東路二段134號", "OperationTel": "02-27321104#83412", "WebUrl": "http://www.ntue.edu.tw/", "Lat": 25.022637013142599, "Lng": 121.544709205627, "PassEasyEle": null, "PassEasyParking": null, "PassEasyShower": null, "PassEasyToilet": null, "PassEasyWay": null, "WheelchairAuditorium": null }, "geometry": { "type": "Point", "coordinates": [ 121.544709205627001, 25.022637013142599 ] } },
{ "type": "Feature", "properties": { "GymType": "球類運動設施/籃球場館", "Name": "臺北商業大學學生活動中心", "Addr": "臺北市中正區濟南路一段321號", "OperationTel": "02-23226177", "WebUrl": "http://www.ntub.edu.tw", "Lat": 25.042302710396299, "Lng": 121.526073217392, "PassEasyEle": 1.0, "PassEasyParking": 0.0, "PassEasyShower": 1.0, "PassEasyToilet": 1.0, "PassEasyWay": 1.0, "WheelchairAuditorium": 0.0 }, "geometry": { "type": "Point", "coordinates": [ 121.526073217391996, 25.042302710396299 ] } },
{ "type": "Feature", "properties": { "GymType": "陸上/射擊運動設施/田徑場", "Name": "臺北教育大學田徑場", "Addr": "臺北市大安區和平東路二段134號", "OperationTel": "02-27321104#83412", "WebUrl": "http://www.ntue.edu.tw/", "Lat": 25.022734231459001, "Lng": 121.54582500457801, "PassEasyEle": null, "PassEasyParking": null, "PassEasyShower": null, "PassEasyToilet": null, "PassEasyWay": null, "WheelchairAuditorium": null }, "geometry": { "type": "Point", "coordinates": [ 121.545825004578006, 25.022734231459001 ] } },
{ "type": "Feature", "properties": { "GymType": "球類運動設施/籃球場館", "Name": "臺北商業大學籃球場", "Addr": "臺北市中正區濟南路一段321號", "OperationTel": "02-23226177", "WebUrl": "http://www.ntub.edu.tw", "Lat": 25.042127745279799, "Lng": 121.52523636817899, "PassEasyEle": null, "PassEasyParking": null, "PassEasyShower": null, "PassEasyToilet": null, "PassEasyWay": null, "WheelchairAuditorium": null }, "geometry": { "type": "Point", "coordinates": [ 121.525236368178994, 25.042127745279799 ] } },
{ "type": "Feature", "properties": { "GymType": "球類運動設施/排球場館", "Name": "臺北商業大學排球場", "Addr": "臺北市中正區濟南路一段321號", "OperationTel": "02-23226177", "WebUrl": "http://www.ntub.edu.tw", "Lat": 25.042254109000101, "Lng": 121.52564406395, "PassEasyEle": 0.0, "PassEasyParking": 0.0, "PassEasyShower": 0.0, "PassEasyToilet": 0.0, "PassEasyWay": 0.0, "WheelchairAuditorium": 0.0 }, "geometry": { "type": "Point", "coordinates": [ 121.525644063949997, 25.042254109000101 ] } },
{ "type": "Feature", "properties": { "GymType": "阻力運動設施/多功能健身房/體適能中心（此空間中具有兩種以上之阻力運動器材設備）", "Name": "靜修女中多功能體適能場地", "Addr": "臺北市大同區雙連里寧夏路72號", "OperationTel": "02-25574345#304", "WebUrl": "http://www.bish.tp.edu.tw", "Lat": 25.057926355940001, "Lng": 121.51548010112499, "PassEasyEle": 1.0, "PassEasyParking": 0.0, "PassEasyShower": 0.0, "PassEasyToilet": 1.0, "PassEasyWay": 1.0, "WheelchairAuditorium": 0.0 }, "geometry": { "type": "Point", "coordinates": [ 121.515480101124993, 25.057926355940001 ] } },
{ "type": "Feature", "properties": { "GymType": "球類運動設施/籃球場館", "Name": "中山女中活動中心", "Addr": "臺北市中山區力行里長安東路2段141號", "OperationTel": "02-25073148#340", "WebUrl": "http://www.csghs.tp.edu.tw", "Lat": 25.048970639339192, "Lng": 121.53844892978668, "PassEasyEle": 0.0, "PassEasyParking": 0.0, "PassEasyShower": 0.0, "PassEasyToilet": 0.0, "PassEasyWay": 0.0, "WheelchairAuditorium": 0.0 }, "geometry": { "type": "Point", "coordinates": [ 121.538448929786682, 25.048970639339192 ] } },
{ "type": "Feature", "properties": { "GymType": "冒險性運動設施/其他設施", "Name": "靜修女中戶外探索教育場", "Addr": "臺北市大同區雙連里寧夏路59號", "OperationTel": "02-25574345#304", "WebUrl": "http://www.bish.tp.edu.tw", "Lat": 25.0579345444403, "Lng": 121.515631914008, "PassEasyEle": 1.0, "PassEasyParking": 0.0, "PassEasyShower": 0.0, "PassEasyToilet": 1.0, "PassEasyWay": 1.0, "WheelchairAuditorium": 0.0 }, "geometry": { "type": "Point", "coordinates": [ 121.515631914007997, 25.0579345444403 ] } },
{ "type": "Feature", "properties": { "GymType": "陸上/射擊運動設施/田徑場", "Name": "中山女中田徑場", "Addr": "臺北市中山區力行里長安東路2段141號", "OperationTel": "02-25073148#340", "WebUrl": "http://www.csghs.tp.edu.tw", "Lat": 25.049250081796899, "Lng": 121.53779715299601, "PassEasyEle": null, "PassEasyParking": null, "PassEasyShower": null, "PassEasyToilet": null, "PassEasyWay": null, "WheelchairAuditorium": null }, "geometry": { "type": "Point", "coordinates": [ 121.537797152996006, 25.049250081796899 ] } },
{ "type": "Feature", "properties": { "GymType": "阻力運動設施/多功能健身房/體適能中心（此空間中具有兩種以上之阻力運動器材設備）", "Name": "世新大學體育館", "Addr": "臺北市文山區木柵路一段17巷1號", "OperationTel": "02-22368225#83078", "WebUrl": "http://www.shu.edu.tw", "Lat": 24.9898603320731, "Lng": 121.545411944389, "PassEasyEle": 0.0, "PassEasyParking": 0.0, "PassEasyShower": 0.0, "PassEasyToilet": 0.0, "PassEasyWay": 0.0, "WheelchairAuditorium": 0.0 }, "geometry": { "type": "Point", "coordinates": [ 121.545411944389002, 24.9898603320731 ] } },
{ "type": "Feature", "properties": { "GymType": "球類運動設施/籃球場館", "Name": "內湖高工綜合球場", "Addr": "臺北市內湖區港墘里內湖路1段520號", "OperationTel": "02-26574874#205", "WebUrl": "http://www.nihs.tp.edu.tw", "Lat": 25.0799824330742, "Lng": 121.57431006431599, "PassEasyEle": 0.0, "PassEasyParking": 0.0, "PassEasyShower": 0.0, "PassEasyToilet": 0.0, "PassEasyWay": 0.0, "WheelchairAuditorium": 0.0 }, "geometry": { "type": "Point", "coordinates": [ 121.574310064315995, 25.0799824330742 ] } },
{ "type": "Feature", "properties": { "GymType": "水上/冰上運動設施/游泳池", "Name": "國立臺北教育大學泳健館", "Addr": "臺北市大安區和平東路二段134號", "OperationTel": "02-27373378", "WebUrl": "https://www.facebook.com/HandlePowerYongJian", "Lat": 25.022714787801899, "Lng": 121.544044017792, "PassEasyEle": null, "PassEasyParking": null, "PassEasyShower": null, "PassEasyToilet": null, "PassEasyWay": null, "WheelchairAuditorium": null }, "geometry": { "type": "Point", "coordinates": [ 121.544044017792004, 25.022714787801899 ] } },
{ "type": "Feature", "properties": { "GymType": "球類運動設施/籃球場館", "Name": "內湖高中籃球場", "Addr": "臺北市內湖區紫陽里文德路218號", "OperationTel": "02-27977035", "WebUrl": "http://web.nhsh.tp.edu.tw/", "Lat": 25.0771838219583, "Lng": 121.58762454986601, "PassEasyEle": 0.0, "PassEasyParking": 1.0, "PassEasyShower": 0.0, "PassEasyToilet": 0.0, "PassEasyWay": 0.0, "WheelchairAuditorium": 0.0 }, "geometry": { "type": "Point", "coordinates": [ 121.587624549866007, 25.0771838219583 ] } },
{ "type": "Feature", "properties": { "GymType": "球類運動設施/網球場館", "Name": "臺北教育大學網球場", "Addr": "臺北市大安區和平東路二段134號", "OperationTel": "02-27321104#83412", "WebUrl": "http://www.ntue.edu.tw/", "Lat": 25.0221120329036, "Lng": 121.54485940933201, "PassEasyEle": null, "PassEasyParking": null, "PassEasyShower": null, "PassEasyToilet": null, "PassEasyWay": null, "WheelchairAuditorium": null }, "geometry": { "type": "Point", "coordinates": [ 121.544859409332005, 25.0221120329036 ] } },
{ "type": "Feature", "properties": { "GymType": "球類運動設施/籃球場館", "Name": "臺北市立大學體育館（天母校區）", "Addr": "臺北市士林區忠誠路二段101號", "OperationTel": "02-28718288#7314", "WebUrl": "http://www.uTaipei.edu.tw", "Lat": 25.116115693789201, "Lng": 121.534881591797, "PassEasyEle": 0.0, "PassEasyParking": 0.0, "PassEasyShower": 0.0, "PassEasyToilet": 0.0, "PassEasyWay": 0.0, "WheelchairAuditorium": 0.0 }, "geometry": { "type": "Point", "coordinates": [ 121.534881591797003, 25.116115693789201 ] } },
{ "type": "Feature", "properties": { "GymType": "球類運動設施/排球場館", "Name": "臺北教育大學排球場", "Addr": "臺北市大安區和平東路二段134號", "OperationTel": "02-27321104#83412", "WebUrl": "http://www.ntue.edu.tw/", "Lat": 25.023181434722499, "Lng": 121.544516086578, "PassEasyEle": null, "PassEasyParking": null, "PassEasyShower": null, "PassEasyToilet": null, "PassEasyWay": null, "WheelchairAuditorium": null }, "geometry": { "type": "Point", "coordinates": [ 121.544516086578, 25.023181434722499 ] } },
{ "type": "Feature", "properties": { "GymType": "球類運動設施/籃球場館", "Name": "臺北教育大學籃球場", "Addr": "臺北市大安區和平東路二段134號", "OperationTel": "02-27321104#83412", "WebUrl": "http://www.ntue.edu.tw/", "Lat": 25.0234147575176, "Lng": 121.544709205627, "PassEasyEle": null, "PassEasyParking": null, "PassEasyShower": null, "PassEasyToilet": null, "PassEasyWay": null, "WheelchairAuditorium": null }, "geometry": { "type": "Point", "coordinates": [ 121.544709205627001, 25.0234147575176 ] } },
{ "type": "Feature", "properties": { "GymType": "球類運動設施/籃球場館", "Name": "建國中學活動中心", "Addr": "臺北市中正區龍光里南海路56號", "OperationTel": "02-23034381", "WebUrl": "https://www2.ck.tp.edu.tw/", "Lat": 25.029539322245899, "Lng": 121.51260852813699, "PassEasyEle": 1.0, "PassEasyParking": 0.0, "PassEasyShower": 0.0, "PassEasyToilet": 2.0, "PassEasyWay": 1.0, "WheelchairAuditorium": 0.0 }, "geometry": { "type": "Point", "coordinates": [ 121.512608528136994, 25.029539322245899 ] } },
{ "type": "Feature", "properties": { "GymType": "球類運動設施/籃球場館", "Name": "建國中學籃球場", "Addr": "臺北市中正區龍光里南海路56號", "OperationTel": "02-23034381#308", "WebUrl": "http://www.ck.tp.edu.tw", "Lat": 25.029728887229702, "Lng": 121.513134241104, "PassEasyEle": 0.0, "PassEasyParking": 0.0, "PassEasyShower": 0.0, "PassEasyToilet": 0.0, "PassEasyWay": 0.0, "WheelchairAuditorium": 0.0 }, "geometry": { "type": "Point", "coordinates": [ 121.513134241103998, 25.029728887229702 ] } },
{ "type": "Feature", "properties": { "GymType": "球類運動設施/排球場館", "Name": "建國中學排球場(館)", "Addr": "臺北市中正區龍光里南海路56號", "OperationTel": "02-23034381#308", "WebUrl": "http://www.ck.tp.edu.tw", "Lat": 25.030093434452301, "Lng": 121.513375639915, "PassEasyEle": 0.0, "PassEasyParking": 0.0, "PassEasyShower": 0.0, "PassEasyToilet": 0.0, "PassEasyWay": 0.0, "WheelchairAuditorium": 0.0 }, "geometry": { "type": "Point", "coordinates": [ 121.513375639914997, 25.030093434452301 ] } },
{ "type": "Feature", "properties": { "GymType": "陸上/射擊運動設施/田徑場", "Name": "建國中學田徑場", "Addr": "臺北市中正區龍光里南海路56號", "OperationTel": "02-23034381#308", "WebUrl": "http://www.ck.tp.edu.tw", "Lat": 25.030105586007799, "Lng": 121.51254951953899, "PassEasyEle": 0.0, "PassEasyParking": 0.0, "PassEasyShower": 0.0, "PassEasyToilet": 0.0, "PassEasyWay": 0.0, "WheelchairAuditorium": 0.0 }, "geometry": { "type": "Point", "coordinates": [ 121.512549519538993, 25.030105586007799 ] } },
{ "type": "Feature", "properties": { "GymType": "阻力運動設施/多功能健身房/體適能中心（此空間中具有兩種以上之阻力運動器材設備）", "Name": "中國科技大學健身房(含重量訓練室)", "Addr": "臺北市文山區興隆路三段56號", "OperationTel": "02-29313416#2149", "WebUrl": "http://www.cute.edu.tw/", "Lat": 24.9984467037856, "Lng": 121.554794311523, "PassEasyEle": 0.0, "PassEasyParking": 0.0, "PassEasyShower": 0.0, "PassEasyToilet": 0.0, "PassEasyWay": 0.0, "WheelchairAuditorium": 0.0 }, "geometry": { "type": "Point", "coordinates": [ 121.554794311522997, 24.9984467037856 ] } },
{ "type": "Feature", "properties": { "GymType": "球類運動設施/撞球場館", "Name": "中國科技大學撞球場", "Addr": "臺北市文山區興隆路三段56號", "OperationTel": "02-29313416#2149", "WebUrl": "http://www.cute.edu.tw/", "Lat": 24.998743277820498, "Lng": 121.554681658745, "PassEasyEle": 0.0, "PassEasyParking": 0.0, "PassEasyShower": 0.0, "PassEasyToilet": 0.0, "PassEasyWay": 0.0, "WheelchairAuditorium": 0.0 }, "geometry": { "type": "Point", "coordinates": [ 121.554681658744997, 24.998743277820498 ] } },
{ "type": "Feature", "properties": { "GymType": "陸上/射擊運動設施/田徑場", "Name": "田徑場", "Addr": "臺北市中山區中央里長春路167號", "OperationTel": "02-25054269#122", "WebUrl": "http://www.ttsh.tp.edu.tw/releaseRedirect.do?unitID=183&pageID=3042", "Lat": 25.055560451856199, "Lng": 121.535568237305, "PassEasyEle": 0.0, "PassEasyParking": 2.0, "PassEasyShower": 0.0, "PassEasyToilet": 0.0, "PassEasyWay": 0.0, "WheelchairAuditorium": 0.0 }, "geometry": { "type": "Point", "coordinates": [ 121.535568237305, 25.055560451856199 ] } },
{ "type": "Feature", "properties": { "GymType": "球類運動設施/籃球場館", "Name": "大同高中籃球場", "Addr": "臺北市中山區中央里長春路167號", "OperationTel": "02-25054269#122", "WebUrl": "http://www.ttsh.tp.edu.tw/releaseRedirect.do?unitID=183&pageID=3042", "Lat": 25.056178258981301, "Lng": 121.536217046705, "PassEasyEle": 0.0, "PassEasyParking": 2.0, "PassEasyShower": 0.0, "PassEasyToilet": 0.0, "PassEasyWay": 0.0, "WheelchairAuditorium": 0.0 }, "geometry": { "type": "Point", "coordinates": [ 121.536217046705005, 25.056178258981301 ] } },
{ "type": "Feature", "properties": { "GymType": "球類運動設施/籃球場館", "Name": "泰北高中體育館", "Addr": "臺北市士林區福林里福林路240號", "OperationTel": "02-28825560#332", "WebUrl": "http://www.tpsh.tp.edu.tw", "Lat": 25.097205115381598, "Lng": 121.53535902500199, "PassEasyEle": 0.0, "PassEasyParking": 2.0, "PassEasyShower": 0.0, "PassEasyToilet": 0.0, "PassEasyWay": 2.0, "WheelchairAuditorium": 0.0 }, "geometry": { "type": "Point", "coordinates": [ 121.535359025001995, 25.097205115381598 ] } },
{ "type": "Feature", "properties": { "GymType": "球類運動設施/排球場館", "Name": "大同高中排球場", "Addr": "臺北市中山區中央里長春路167號", "OperationTel": "02-25054269#122", "WebUrl": "http://www.ttsh.tp.edu.tw/releaseRedirect.do?unitID=183&pageID=3042", "Lat": 25.056211638283099, "Lng": 121.53465092182201, "PassEasyEle": 0.0, "PassEasyParking": 2.0, "PassEasyShower": 0.0, "PassEasyToilet": 0.0, "PassEasyWay": 0.0, "WheelchairAuditorium": 0.0 }, "geometry": { "type": "Point", "coordinates": [ 121.534650921822006, 25.056211638283099 ] } },
{ "type": "Feature", "properties": { "GymType": "水上/冰上運動設施/游泳池", "Name": "臺北市立大學詩欣館（天母校區）", "Addr": "臺北市士林區忠誠路二段101號", "OperationTel": "02-28718288#7314", "WebUrl": "http://www.uTaipei.edu.tw", "Lat": 25.1102188994141, "Lng": 121.53718829155, "PassEasyEle": 0.0, "PassEasyParking": 0.0, "PassEasyShower": 0.0, "PassEasyToilet": 0.0, "PassEasyWay": 0.0, "WheelchairAuditorium": 0.0 }, "geometry": { "type": "Point", "coordinates": [ 121.537188291549995, 25.1102188994141 ] } },
{ "type": "Feature", "properties": { "GymType": "水上/冰上運動設施/游泳池", "Name": "大同高中游泳池(館)", "Addr": "臺北市中山區中央里長春路167號", "OperationTel": "02-25054269", "WebUrl": "http://www.ttsh.tp.edu.tw/releaseRedirect.do?unitID=183&pageID=3042", "Lat": 25.055842309092601, "Lng": 121.534742116928, "PassEasyEle": 0.0, "PassEasyParking": 2.0, "PassEasyShower": 0.0, "PassEasyToilet": 0.0, "PassEasyWay": 1.0, "WheelchairAuditorium": 0.0 }, "geometry": { "type": "Point", "coordinates": [ 121.534742116928001, 25.055842309092601 ] } },
{ "type": "Feature", "properties": { "GymType": "球類運動設施/羽球場館", "Name": "大同高中活動中心", "Addr": "臺北市中山區中央里長春路167號", "OperationTel": "02-25054269#122", "WebUrl": "http://www.ttsh.tp.edu.tw/releaseRedirect.do?unitID=183&pageID=3042", "Lat": 25.056853102126698, "Lng": 121.53572380542801, "PassEasyEle": 1.0, "PassEasyParking": 3.0, "PassEasyShower": 0.0, "PassEasyToilet": 1.0, "PassEasyWay": 1.0, "WheelchairAuditorium": 50.0 }, "geometry": { "type": "Point", "coordinates": [ 121.535723805428006, 25.056853102126698 ] } },
{ "type": "Feature", "properties": { "GymType": "球類運動設施/籃球場館", "Name": "國立臺灣大學綜合體育館", "Addr": "臺北市大安區羅斯福路四段1號", "OperationTel": "02-33665959#272", "WebUrl": "https://ntusportscenter.ntu.edu.tw/#/", "Lat": 25.021666040982801, "Lng": 121.53530001640399, "PassEasyEle": 1.0, "PassEasyParking": 4.0, "PassEasyShower": 0.0, "PassEasyToilet": 24.0, "PassEasyWay": 2.0, "WheelchairAuditorium": 0.0 }, "geometry": { "type": "Point", "coordinates": [ 121.535300016403994, 25.021666040982801 ] } },
{ "type": "Feature", "properties": { "GymType": "球類運動設施/排球場館", "Name": "內湖高中排球場", "Addr": "臺北市內湖區紫陽里文德路218號", "OperationTel": "02-27977035", "WebUrl": "http://web.nhsh.tp.edu.tw/", "Lat": 25.0778494696366, "Lng": 121.587088108063, "PassEasyEle": 0.0, "PassEasyParking": 1.0, "PassEasyShower": 0.0, "PassEasyToilet": 0.0, "PassEasyWay": 1.0, "WheelchairAuditorium": 0.0 }, "geometry": { "type": "Point", "coordinates": [ 121.587088108063, 25.0778494696366 ] } },
{ "type": "Feature", "properties": { "GymType": "球類運動設施/籃球場館", "Name": "銘傳大學體育館", "Addr": "臺北市士林區中山北路五段250號", "OperationTel": "02-28824564#2325", "WebUrl": "http://www.mcu.edu.tw", "Lat": 25.085598897064799, "Lng": 121.53350830078099, "PassEasyEle": 0.0, "PassEasyParking": 1.0, "PassEasyShower": 1.0, "PassEasyToilet": 0.0, "PassEasyWay": 1.0, "WheelchairAuditorium": 0.0 }, "geometry": { "type": "Point", "coordinates": [ 121.533508300780994, 25.085598897064799 ] } },
{ "type": "Feature", "properties": { "GymType": "水上/冰上運動設施/游泳池", "Name": "大理高中活動中心", "Addr": "臺北市萬華區長順街2號", "OperationTel": "02-23026959#136", "WebUrl": "http://www.tlsh.tp.edu.tw", "Lat": 25.029713454673502, "Lng": 121.49133981784, "PassEasyEle": 0.0, "PassEasyParking": 3.0, "PassEasyShower": 1.0, "PassEasyToilet": 1.0, "PassEasyWay": 2.0, "WheelchairAuditorium": 0.0 }, "geometry": { "type": "Point", "coordinates": [ 121.49133981784, 25.029713454673502 ] } },
{ "type": "Feature", "properties": { "GymType": "球類運動設施/籃球場館", "Name": "臺北醫學大學綜合球場", "Addr": "臺北市信義區吳興街250號", "OperationTel": "02-27361661#2274", "WebUrl": "http://pe.tmu.edu.tw", "Lat": 25.0260298868326, "Lng": 121.561376452446, "PassEasyEle": 2.0, "PassEasyParking": 0.0, "PassEasyShower": 0.0, "PassEasyToilet": 1.0, "PassEasyWay": 1.0, "WheelchairAuditorium": 0.0 }, "geometry": { "type": "Point", "coordinates": [ 121.561376452445998, 25.0260298868326 ] } },
{ "type": "Feature", "properties": { "GymType": "水上/冰上運動設施/游泳池", "Name": "成功高中運動中心(舞動陽光有限公司成功營業所)", "Addr": "臺北市中正區濟南路1段71號", "OperationTel": "02-23216256#276", "WebUrl": "http://www.cksh.tp.edu.tw", "Lat": 25.043012288587601, "Lng": 121.523015499115, "PassEasyEle": 1.0, "PassEasyParking": 2.0, "PassEasyShower": 1.0, "PassEasyToilet": 1.0, "PassEasyWay": 1.0, "WheelchairAuditorium": 1.0 }, "geometry": { "type": "Point", "coordinates": [ 121.523015499115004, 25.043012288587601 ] } },
{ "type": "Feature", "properties": { "GymType": "技擊運動設施/柔道場", "Name": "大同高中柔道場", "Addr": "臺北市中山區中央里長春路167號", "OperationTel": "02-25054269#122", "WebUrl": "http://www.ttsh.tp.edu.tw/releaseRedirect.do?unitID=183&pageID=3042", "Lat": 25.056279672486301, "Lng": 121.53407156467399, "PassEasyEle": 0.0, "PassEasyParking": 2.0, "PassEasyShower": 0.0, "PassEasyToilet": 0.0, "PassEasyWay": 0.0, "WheelchairAuditorium": 0.0 }, "geometry": { "type": "Point", "coordinates": [ 121.534071564673994, 25.056279672486301 ] } },
{ "type": "Feature", "properties": { "GymType": "阻力運動設施/多功能健身房/體適能中心（此空間中具有兩種以上之阻力運動器材設備）", "Name": "臺北醫學大學健身房(含重量訓練室)", "Addr": "臺北市信義區吳興街250號", "OperationTel": "(02)27361661", "WebUrl": "http://pe.tmu.edu.tw", "Lat": 25.026005582913299, "Lng": 121.56134963035601, "PassEasyEle": null, "PassEasyParking": null, "PassEasyShower": null, "PassEasyToilet": null, "PassEasyWay": null, "WheelchairAuditorium": null }, "geometry": { "type": "Point", "coordinates": [ 121.561349630356005, 25.026005582913299 ] } },
{ "type": "Feature", "properties": { "GymType": "阻力運動設施/多功能健身房/體適能中心（此空間中具有兩種以上之阻力運動器材設備）", "Name": "臺北醫學大學體適能教室", "Addr": "臺北市信義區吳興街250號", "OperationTel": "(02)27361661", "WebUrl": "http://pe.tmu.edu.tw", "Lat": 25.026000722128899, "Lng": 121.561344265938, "PassEasyEle": null, "PassEasyParking": null, "PassEasyShower": null, "PassEasyToilet": null, "PassEasyWay": null, "WheelchairAuditorium": null }, "geometry": { "type": "Point", "coordinates": [ 121.561344265938004, 25.026000722128899 ] } },
{ "type": "Feature", "properties": { "GymType": "球類運動設施/桌球場館", "Name": "臺北醫學大學桌球場(館)", "Addr": "臺北市信義區吳興街250號", "OperationTel": "(02)27361661", "WebUrl": "http://pe.tmu.edu.tw", "Lat": 25.0259035063998, "Lng": 121.561199426651, "PassEasyEle": null, "PassEasyParking": null, "PassEasyShower": null, "PassEasyToilet": null, "PassEasyWay": null, "WheelchairAuditorium": null }, "geometry": { "type": "Point", "coordinates": [ 121.561199426651001, 25.0259035063998 ] } },
{ "type": "Feature", "properties": { "GymType": "冒險性運動設施/攀岩場/抱石場", "Name": "臺北醫學大學攀岩場", "Addr": "臺北市信義區吳興街250號", "OperationTel": "(02)27361661", "WebUrl": "http://pe.tmu.edu.tw", "Lat": 25.025879202455499, "Lng": 121.561177968979, "PassEasyEle": null, "PassEasyParking": null, "PassEasyShower": null, "PassEasyToilet": null, "PassEasyWay": null, "WheelchairAuditorium": null }, "geometry": { "type": "Point", "coordinates": [ 121.561177968978996, 25.025879202455499 ] } },
{ "type": "Feature", "properties": { "GymType": "水上/冰上運動設施/游泳池", "Name": "臺北藝術大學游泳池(館)", "Addr": "臺北市北投區學園路1號", "OperationTel": "02-28941022", "WebUrl": "http://www.tnua.edu.tw", "Lat": 25.136320014106801, "Lng": 121.473544836044, "PassEasyEle": 0.0, "PassEasyParking": 2.0, "PassEasyShower": 1.0, "PassEasyToilet": 1.0, "PassEasyWay": 1.0, "WheelchairAuditorium": 0.0 }, "geometry": { "type": "Point", "coordinates": [ 121.473544836043999, 25.136320014106801 ] } },
{ "type": "Feature", "properties": { "GymType": "陸上/射擊運動設施/田徑場", "Name": "臺北醫學大學田徑場", "Addr": "臺北市信義區吳興街250號", "OperationTel": "(02)27361661", "WebUrl": "http://pe.tmu.edu.tw", "Lat": 25.025879202455499, "Lng": 121.561521291733, "PassEasyEle": null, "PassEasyParking": null, "PassEasyShower": null, "PassEasyToilet": null, "PassEasyWay": null, "WheelchairAuditorium": null }, "geometry": { "type": "Point", "coordinates": [ 121.561521291733001, 25.025879202455499 ] } },
{ "type": "Feature", "properties": { "GymType": "球類運動設施/高爾夫球練習場", "Name": "臺北醫學大學高爾夫球練習場", "Addr": "臺北市信義區吳興街250號", "OperationTel": "(02)27361661", "WebUrl": "http://pe.tmu.edu.tw", "Lat": 25.026025026049101, "Lng": 121.56133890152, "PassEasyEle": null, "PassEasyParking": null, "PassEasyShower": null, "PassEasyToilet": null, "PassEasyWay": null, "WheelchairAuditorium": null }, "geometry": { "type": "Point", "coordinates": [ 121.561338901520003, 25.026025026049101 ] } },
{ "type": "Feature", "properties": { "GymType": "球類運動設施/籃球場館", "Name": "臺北醫學大學籃球場", "Addr": "臺北市信義區吳興街250號", "OperationTel": "(02)27361661", "WebUrl": "http://pe.tmu.edu.tw", "Lat": 25.026044469181802, "Lng": 121.561403274536, "PassEasyEle": null, "PassEasyParking": null, "PassEasyShower": null, "PassEasyToilet": null, "PassEasyWay": null, "WheelchairAuditorium": null }, "geometry": { "type": "Point", "coordinates": [ 121.561403274536005, 25.026044469181802 ] } },
{ "type": "Feature", "properties": { "GymType": "球類運動設施/排球場館", "Name": "臺北醫學大學排球場(館)", "Addr": "臺北市信義區吳興街250號", "OperationTel": "(02)27361661", "WebUrl": "http://pe.tmu.edu.tw", "Lat": 25.0260153044816, "Lng": 121.56135499477401, "PassEasyEle": null, "PassEasyParking": null, "PassEasyShower": null, "PassEasyToilet": null, "PassEasyWay": null, "WheelchairAuditorium": null }, "geometry": { "type": "Point", "coordinates": [ 121.561354994774007, 25.0260153044816 ] } },
{ "type": "Feature", "properties": { "GymType": "球類運動設施/網球場館", "Name": "臺北醫學大學網球場(館)", "Addr": "臺北市信義區吳興街250號", "OperationTel": "07-27361661#2274", "WebUrl": "http://pe.tmu.edu.tw", "Lat": 25.026049329964501, "Lng": 121.561403274536, "PassEasyEle": 0.0, "PassEasyParking": 0.0, "PassEasyShower": 0.0, "PassEasyToilet": 0.0, "PassEasyWay": 0.0, "WheelchairAuditorium": 0.0 }, "geometry": { "type": "Point", "coordinates": [ 121.561403274536005, 25.026049329964501 ] } },
{ "type": "Feature", "properties": { "GymType": "球類運動設施/籃球場館", "Name": "臺灣科技大學體育館", "Addr": "臺北市大安區基隆路四段43號", "OperationTel": "02-27333141#7168", "WebUrl": "http://www.ntust.edu.tw", "Lat": 25.014635681782501, "Lng": 121.54323399066899, "PassEasyEle": null, "PassEasyParking": null, "PassEasyShower": null, "PassEasyToilet": null, "PassEasyWay": null, "WheelchairAuditorium": null }, "geometry": { "type": "Point", "coordinates": [ 121.543233990668995, 25.014635681782501 ] } },
{ "type": "Feature", "properties": { "GymType": "陸上/射擊運動設施/田徑場", "Name": "臺北藝術大學田徑場", "Addr": "臺北市北投區學園路1號", "OperationTel": "02-28961000#3663", "WebUrl": "http://www.tnua.edu.tw", "Lat": 25.137582673168701, "Lng": 121.473759412766, "PassEasyEle": 0.0, "PassEasyParking": 0.0, "PassEasyShower": 0.0, "PassEasyToilet": 0.0, "PassEasyWay": 1.0, "WheelchairAuditorium": 0.0 }, "geometry": { "type": "Point", "coordinates": [ 121.473759412766, 25.137582673168701 ] } },
{ "type": "Feature", "properties": { "GymType": "球類運動設施/籃球場館", "Name": "臺北藝術大學籃球場", "Addr": "臺北市北投區學園路1號", "OperationTel": "02-28961000#3663", "WebUrl": "http://www.tnua.edu.tw", "Lat": 25.137203876821101, "Lng": 121.473437547684, "PassEasyEle": 0.0, "PassEasyParking": 1.0, "PassEasyShower": 0.0, "PassEasyToilet": 0.0, "PassEasyWay": 1.0, "WheelchairAuditorium": 0.0 }, "geometry": { "type": "Point", "coordinates": [ 121.473437547684, 25.137203876821101 ] } },
{ "type": "Feature", "properties": { "GymType": "球類運動設施/網球場館", "Name": "臺北藝術大學網球場(館)", "Addr": "臺北市北投區學園路1號", "OperationTel": "02-28961000#3663", "WebUrl": "http://www.tnua.edu.tw", "Lat": 25.1365239829933, "Lng": 121.47464990615801, "PassEasyEle": 0.0, "PassEasyParking": 0.0, "PassEasyShower": 0.0, "PassEasyToilet": 0.0, "PassEasyWay": 0.0, "WheelchairAuditorium": 0.0 }, "geometry": { "type": "Point", "coordinates": [ 121.474649906158007, 25.1365239829933 ] } },
{ "type": "Feature", "properties": { "GymType": "球類運動設施/排球場館", "Name": "臺北藝術大學排球場(館)", "Addr": "臺北市北投區學園路1號", "OperationTel": "02-28961000#3663", "WebUrl": "http://www.tnua.edu.tw", "Lat": 25.1365094137984, "Lng": 121.474429965019, "PassEasyEle": null, "PassEasyParking": null, "PassEasyShower": null, "PassEasyToilet": null, "PassEasyWay": null, "WheelchairAuditorium": null }, "geometry": { "type": "Point", "coordinates": [ 121.474429965018999, 25.1365094137984 ] } },
{ "type": "Feature", "properties": { "GymType": "球類運動設施/羽球場館", "Name": "銘傳大學羽球場(館)", "Addr": "臺北市士林區中山北路五段250號", "OperationTel": "02-28824564#2325", "WebUrl": "http://www.mcu.edu.tw", "Lat": 25.087046698078499, "Lng": 121.527661085129, "PassEasyEle": 0.0, "PassEasyParking": 0.0, "PassEasyShower": 0.0, "PassEasyToilet": 0.0, "PassEasyWay": 0.0, "WheelchairAuditorium": 0.0 }, "geometry": { "type": "Point", "coordinates": [ 121.527661085128997, 25.087046698078499 ] } },
{ "type": "Feature", "properties": { "GymType": "球類運動設施/籃球場館", "Name": "銘傳大學室外籃球場", "Addr": "臺北市士林區中山北路五段250號", "OperationTel": "02-28824564#2325", "WebUrl": "http://www.mcu.edu.tw", "Lat": 25.0870078311609, "Lng": 121.527628898621, "PassEasyEle": 1.0, "PassEasyParking": 1.0, "PassEasyShower": 0.0, "PassEasyToilet": 1.0, "PassEasyWay": 1.0, "WheelchairAuditorium": 2.0 }, "geometry": { "type": "Point", "coordinates": [ 121.527628898621003, 25.0870078311609 ] } },
{ "type": "Feature", "properties": { "GymType": "陸上/射擊運動設施/田徑場", "Name": "銘傳大學田徑場", "Addr": "臺北市士林區中山北路五段250號", "OperationTel": "02-28824564#2325", "WebUrl": "http://www.mcu.edu.tw", "Lat": 25.087017547891499, "Lng": 121.52765035629299, "PassEasyEle": 0.0, "PassEasyParking": 0.0, "PassEasyShower": 0.0, "PassEasyToilet": 1.0, "PassEasyWay": 1.0, "WheelchairAuditorium": 1.0 }, "geometry": { "type": "Point", "coordinates": [ 121.527650356292995, 25.087017547891499 ] } },
{ "type": "Feature", "properties": { "GymType": "球類運動設施/籃球場館", "Name": "達人女中籃球場", "Addr": "臺北市內湖區內湖路二段314號", "OperationTel": "02-27956899#401", "WebUrl": "http://www.trgsh.tp.edu.tw", "Lat": 25.081248103377501, "Lng": 121.587710380554, "PassEasyEle": 3.0, "PassEasyParking": 4.0, "PassEasyShower": 0.0, "PassEasyToilet": 1.0, "PassEasyWay": 2.0, "WheelchairAuditorium": 0.0 }, "geometry": { "type": "Point", "coordinates": [ 121.587710380554, 25.081248103377501 ] } },
{ "type": "Feature", "properties": { "GymType": "阻力運動設施/多功能健身房/體適能中心（此空間中具有兩種以上之阻力運動器材設備）", "Name": "銘傳大學健身房(含重量訓練室)", "Addr": "臺北市士林區中山北路五段250號", "OperationTel": "02-28824564#2325", "WebUrl": "http://www.mcu.edu.tw", "Lat": 25.087036981350298, "Lng": 121.527634263039, "PassEasyEle": 0.0, "PassEasyParking": 0.0, "PassEasyShower": 0.0, "PassEasyToilet": 0.0, "PassEasyWay": 0.0, "WheelchairAuditorium": 0.0 }, "geometry": { "type": "Point", "coordinates": [ 121.527634263039005, 25.087036981350298 ] } },
{ "type": "Feature", "properties": { "GymType": "水上/冰上運動設施/游泳池", "Name": "國立臺灣科技大學游泳池(館)", "Addr": "臺北市大安區基隆路四段43號", "OperationTel": "02-27333141#5530", "WebUrl": "http://www.ntust.edu.tw", "Lat": 25.0146210980779, "Lng": 121.543196439743, "PassEasyEle": null, "PassEasyParking": null, "PassEasyShower": null, "PassEasyToilet": null, "PassEasyWay": null, "WheelchairAuditorium": null }, "geometry": { "type": "Point", "coordinates": [ 121.543196439742999, 25.0146210980779 ] } },
{ "type": "Feature", "properties": { "GymType": "陸上/射擊運動設施/田徑場", "Name": "臺灣科技大學田徑場", "Addr": "臺北市大安區基隆路四段43號", "OperationTel": "02-27333141#7168", "WebUrl": "http://www.ntust.edu.tw", "Lat": 25.0146308205479, "Lng": 121.54323399066899, "PassEasyEle": null, "PassEasyParking": null, "PassEasyShower": null, "PassEasyToilet": null, "PassEasyWay": null, "WheelchairAuditorium": null }, "geometry": { "type": "Point", "coordinates": [ 121.543233990668995, 25.0146308205479 ] } },
{ "type": "Feature", "properties": { "GymType": "球類運動設施/籃球場館", "Name": "臺灣科技大學籃球場", "Addr": "臺北市大安區基隆路四段43號", "OperationTel": "02-27333141#7168", "WebUrl": "http://www.ntust.edu.tw", "Lat": 25.014635681782501, "Lng": 121.543239355087, "PassEasyEle": null, "PassEasyParking": null, "PassEasyShower": null, "PassEasyToilet": null, "PassEasyWay": null, "WheelchairAuditorium": null }, "geometry": { "type": "Point", "coordinates": [ 121.543239355086996, 25.014635681782501 ] } },
{ "type": "Feature", "properties": { "GymType": "球類運動設施/網球場館", "Name": "臺灣科技大學網球場(館)", "Addr": "臺北市大安區基隆路四段43號", "OperationTel": "02-27333141#7168", "WebUrl": "http://www.ntust.edu.tw", "Lat": 25.014662418569699, "Lng": 121.543250083923, "PassEasyEle": null, "PassEasyParking": null, "PassEasyShower": null, "PassEasyToilet": null, "PassEasyWay": null, "WheelchairAuditorium": null }, "geometry": { "type": "Point", "coordinates": [ 121.543250083922999, 25.014662418569699 ] } },
{ "type": "Feature", "properties": { "GymType": "球類運動設施/排球場館", "Name": "臺灣科技大學排球場(館)", "Addr": "臺北市大安區基隆路四段43號", "OperationTel": "02-27333141#7168", "WebUrl": "http://www.ntust.edu.tw", "Lat": 25.014635681782501, "Lng": 121.543271541595, "PassEasyEle": null, "PassEasyParking": null, "PassEasyShower": null, "PassEasyToilet": null, "PassEasyWay": null, "WheelchairAuditorium": null }, "geometry": { "type": "Point", "coordinates": [ 121.543271541595004, 25.014635681782501 ] } },
{ "type": "Feature", "properties": { "GymType": "球類運動設施/撞球場館", "Name": "臺灣科技大學撞球場", "Addr": "臺北市大安區基隆路四段43號", "OperationTel": "02-27376912", "WebUrl": "http://www.ntust.edu.tw", "Lat": 25.014635681782501, "Lng": 121.54327690601301, "PassEasyEle": null, "PassEasyParking": null, "PassEasyShower": null, "PassEasyToilet": null, "PassEasyWay": null, "WheelchairAuditorium": null }, "geometry": { "type": "Point", "coordinates": [ 121.543276906013006, 25.014635681782501 ] } },
{ "type": "Feature", "properties": { "GymType": "球類運動設施/桌球場館", "Name": "臺灣科技大學桌球場(館)", "Addr": "臺北市大安區基隆路四段43號", "OperationTel": "02-27333141#7168", "WebUrl": "http://www.ntust.edu.tw", "Lat": 25.0146308205479, "Lng": 121.543266177177, "PassEasyEle": null, "PassEasyParking": null, "PassEasyShower": null, "PassEasyToilet": null, "PassEasyWay": null, "WheelchairAuditorium": null }, "geometry": { "type": "Point", "coordinates": [ 121.543266177177003, 25.0146308205479 ] } },
{ "type": "Feature", "properties": { "GymType": "球類運動設施/籃球場館", "Name": "松山工農學生活動中心", "Addr": "臺北市信義區忠孝東路5段236巷15號", "OperationTel": "02-27226616", "WebUrl": "http://www.saihs.edu.tw", "Lat": 25.039121708390802, "Lng": 121.572199165821, "PassEasyEle": 2.0, "PassEasyParking": 0.0, "PassEasyShower": 0.0, "PassEasyToilet": 3.0, "PassEasyWay": 0.0, "WheelchairAuditorium": 0.0 }, "geometry": { "type": "Point", "coordinates": [ 121.572199165821004, 25.039121708390802 ] } },
{ "type": "Feature", "properties": { "GymType": "球類運動設施/籃球場館", "Name": "育成高中活動中心", "Addr": "臺北市南港區重陽路366號", "OperationTel": "02-26530475#541", "WebUrl": "http://www.yucsh.tp.edu.tw", "Lat": 25.058043688998001, "Lng": 121.60923242569, "PassEasyEle": 0.0, "PassEasyParking": 0.0, "PassEasyShower": 0.0, "PassEasyToilet": 0.0, "PassEasyWay": 0.0, "WheelchairAuditorium": 0.0 }, "geometry": { "type": "Point", "coordinates": [ 121.609232425689996, 25.058043688998001 ] } },
{ "type": "Feature", "properties": { "GymType": "阻力運動設施/多功能健身房/體適能中心（此空間中具有兩種以上之阻力運動器材設備）", "Name": "中華科技大學重量訓練室", "Addr": "臺北市南港區研究院路三段245號", "OperationTel": "02-26546773", "WebUrl": "http://www.cust.edu.tw/sports/", "Lat": 25.032681688588902, "Lng": 121.610871255398, "PassEasyEle": 0.0, "PassEasyParking": 0.0, "PassEasyShower": 0.0, "PassEasyToilet": 0.0, "PassEasyWay": 0.0, "WheelchairAuditorium": 0.0 }, "geometry": { "type": "Point", "coordinates": [ 121.610871255397996, 25.032681688588902 ] } },
{ "type": "Feature", "properties": { "GymType": "阻力運動設施/多功能健身房/體適能中心（此空間中具有兩種以上之阻力運動器材設備）", "Name": "中華科技大學體適能教室", "Addr": "臺北市南港區研究院路三段245號", "OperationTel": "02-26546773", "WebUrl": "http://www.cust.edu.tw/sports/", "Lat": 25.0327230030009, "Lng": 121.610847115517, "PassEasyEle": 0.0, "PassEasyParking": 0.0, "PassEasyShower": 0.0, "PassEasyToilet": 0.0, "PassEasyWay": 0.0, "WheelchairAuditorium": 0.0 }, "geometry": { "type": "Point", "coordinates": [ 121.610847115517004, 25.0327230030009 ] } },
{ "type": "Feature", "properties": { "GymType": "陸上/射擊運動設施/田徑場", "Name": "中華科技大學操場", "Addr": "臺北市南港區研究院路三段245號", "OperationTel": "02-26546773", "WebUrl": "http://www.cust.edu.tw/sports/", "Lat": 25.032698700407199, "Lng": 121.610847115517, "PassEasyEle": 0.0, "PassEasyParking": 0.0, "PassEasyShower": 0.0, "PassEasyToilet": 0.0, "PassEasyWay": 0.0, "WheelchairAuditorium": 0.0 }, "geometry": { "type": "Point", "coordinates": [ 121.610847115517004, 25.032698700407199 ] } },
{ "type": "Feature", "properties": { "GymType": "舞蹈運動設施/多功能舞蹈運動教室（含舞蹈教室/韻律教室/瑜珈教室等類型空間）", "Name": "中華科技大學舞蹈教室", "Addr": "臺北市南港區研究院路三段245號", "OperationTel": "02-26546773", "WebUrl": "http://www.cust.edu.tw/sports/", "Lat": 25.032973319435101, "Lng": 121.610004901886, "PassEasyEle": 1.0, "PassEasyParking": 0.0, "PassEasyShower": 0.0, "PassEasyToilet": 0.0, "PassEasyWay": 1.0, "WheelchairAuditorium": 0.0 }, "geometry": { "type": "Point", "coordinates": [ 121.610004901886001, 25.032973319435101 ] } },
{ "type": "Feature", "properties": { "GymType": "球類運動設施/羽球場館", "Name": "中華科技大學學生活動中心", "Addr": "臺北市南港區研究院路三段245號", "OperationTel": "02-26546773", "WebUrl": "http://www.cust.edu.tw/sports/", "Lat": 25.032115436716001, "Lng": 121.610423326492, "PassEasyEle": 0.0, "PassEasyParking": 0.0, "PassEasyShower": 0.0, "PassEasyToilet": 0.0, "PassEasyWay": 1.0, "WheelchairAuditorium": 0.0 }, "geometry": { "type": "Point", "coordinates": [ 121.610423326491997, 25.032115436716001 ] } },
{ "type": "Feature", "properties": { "GymType": "球類運動設施/滾球場", "Name": "臺灣科技大學滾球場", "Addr": "臺北市大安區基隆路四段43號", "OperationTel": "02-27333141#7168", "WebUrl": "http://www.ntust.edu.tw", "Lat": 25.014645404251301, "Lng": 121.543271541595, "PassEasyEle": null, "PassEasyParking": null, "PassEasyShower": null, "PassEasyToilet": null, "PassEasyWay": null, "WheelchairAuditorium": null }, "geometry": { "type": "Point", "coordinates": [ 121.543271541595004, 25.014645404251301 ] } },
{ "type": "Feature", "properties": { "GymType": "球類運動設施/籃球場館", "Name": "開南商工活動中心", "Addr": "臺北市中正區東門里濟南路1段6號", "OperationTel": "02-23212666#212", "WebUrl": "http://www.knvs.tp.edu.tw", "Lat": 25.0415493865904, "Lng": 121.521239876747, "PassEasyEle": 0.0, "PassEasyParking": 0.0, "PassEasyShower": 0.0, "PassEasyToilet": 0.0, "PassEasyWay": 0.0, "WheelchairAuditorium": 0.0 }, "geometry": { "type": "Point", "coordinates": [ 121.521239876747003, 25.0415493865904 ] } },
{ "type": "Feature", "properties": { "GymType": "球類運動設施/籃球場館", "Name": "台北海洋科技大學體育館", "Addr": "臺北市士林區延平北路九段212號", "OperationTel": "02-28102292#2247", "WebUrl": "http://www.tumt.edu.tw", "Lat": 25.1089729587673, "Lng": 121.47069901227999, "PassEasyEle": null, "PassEasyParking": null, "PassEasyShower": null, "PassEasyToilet": null, "PassEasyWay": null, "WheelchairAuditorium": null }, "geometry": { "type": "Point", "coordinates": [ 121.470699012279994, 25.1089729587673 ] } },
{ "type": "Feature", "properties": { "GymType": "水上/冰上運動設施/游泳池", "Name": "台北海洋科技大學游泳池(館)", "Addr": "臺北市士林區延平北路九段212號", "OperationTel": "02-28102292#2246", "WebUrl": "http://www.tcmt.edu.tw", "Lat": 25.109130827193098, "Lng": 121.47203207016, "PassEasyEle": 0.0, "PassEasyParking": 50.0, "PassEasyShower": 0.0, "PassEasyToilet": 0.0, "PassEasyWay": 0.0, "WheelchairAuditorium": 0.0 }, "geometry": { "type": "Point", "coordinates": [ 121.472032070159997, 25.109130827193098 ] } },
{ "type": "Feature", "properties": { "GymType": "陸上/射擊運動設施/田徑場", "Name": "台北海洋科技大學田徑場", "Addr": "臺北市士林區延平北路九段212號", "OperationTel": "02-28102292#2246", "WebUrl": "http://www.tumt.edu.tw", "Lat": 25.108722797613702, "Lng": 121.47105574607799, "PassEasyEle": 0.0, "PassEasyParking": 0.0, "PassEasyShower": 0.0, "PassEasyToilet": 0.0, "PassEasyWay": 0.0, "WheelchairAuditorium": 0.0 }, "geometry": { "type": "Point", "coordinates": [ 121.471055746077994, 25.108722797613702 ] } },
{ "type": "Feature", "properties": { "GymType": "球類運動設施/籃球場館", "Name": "幼華高中籃球場", "Addr": "臺北市北投區北投路二段55號", "OperationTel": "02-28921166#225", "WebUrl": "http://www.shvs.tp.edu.tw", "Lat": 25.133027326369898, "Lng": 121.49657428264599, "PassEasyEle": 0.0, "PassEasyParking": 0.0, "PassEasyShower": 0.0, "PassEasyToilet": 0.0, "PassEasyWay": 0.0, "WheelchairAuditorium": 0.0 }, "geometry": { "type": "Point", "coordinates": [ 121.496574282645994, 25.133027326369898 ] } },
{ "type": "Feature", "properties": { "GymType": "球類運動設施/網球場館", "Name": "台北海洋科技大學網球場(館)", "Addr": "臺北市士林區延平北路九段212號", "OperationTel": "02-28059999#3109", "WebUrl": "http://www.tumt.edu.tw", "Lat": 25.1091745445672, "Lng": 121.469768285751, "PassEasyEle": null, "PassEasyParking": null, "PassEasyShower": null, "PassEasyToilet": null, "PassEasyWay": null, "WheelchairAuditorium": null }, "geometry": { "type": "Point", "coordinates": [ 121.469768285751002, 25.1091745445672 ] } },
{ "type": "Feature", "properties": { "GymType": "球類運動設施/籃球場館", "Name": "東吳大學體育館", "Addr": "臺北市士林區臨溪路70號", "OperationTel": "(02)28819471#5606", "WebUrl": "http://www.scu.edu.tw/physical/", "Lat": 25.0941567071309, "Lng": 121.546365469694, "PassEasyEle": null, "PassEasyParking": null, "PassEasyShower": null, "PassEasyToilet": null, "PassEasyWay": null, "WheelchairAuditorium": null }, "geometry": { "type": "Point", "coordinates": [ 121.546365469693995, 25.0941567071309 ] } },
{ "type": "Feature", "properties": { "GymType": "球類運動設施/羽球場館", "Name": "中正高中活動中心", "Addr": "臺北市北投區文林北路77號", "OperationTel": "02-28234811#330", "WebUrl": "http://www.ccsh.tp.edu.tw", "Lat": 25.104892596430499, "Lng": 121.515682339668, "PassEasyEle": 1.0, "PassEasyParking": 0.0, "PassEasyShower": 0.0, "PassEasyToilet": 2.0, "PassEasyWay": 1.0, "WheelchairAuditorium": 0.0 }, "geometry": { "type": "Point", "coordinates": [ 121.515682339668004, 25.104892596430499 ] } },
{ "type": "Feature", "properties": { "GymType": "球類運動設施/籃球場館", "Name": "東吳大學籃球場", "Addr": "臺北市士林區臨溪路70號", "OperationTel": "(02)28819471#5606", "WebUrl": "http://www.scu.edu.tw/physical/", "Lat": 25.095502388345, "Lng": 121.54468506574599, "PassEasyEle": null, "PassEasyParking": null, "PassEasyShower": null, "PassEasyToilet": null, "PassEasyWay": null, "WheelchairAuditorium": null }, "geometry": { "type": "Point", "coordinates": [ 121.544685065745995, 25.095502388345 ] } },
{ "type": "Feature", "properties": { "GymType": "球類運動設施/網球場館", "Name": "東吳大學網球場(館)", "Addr": "臺北市士林區臨溪路70號", "OperationTel": "(02)28819471#5606", "WebUrl": "http://www.scu.edu.tw/physical/", "Lat": 25.095679706245999, "Lng": 121.54430687427499, "PassEasyEle": null, "PassEasyParking": null, "PassEasyShower": null, "PassEasyToilet": null, "PassEasyWay": null, "WheelchairAuditorium": null }, "geometry": { "type": "Point", "coordinates": [ 121.544306874274994, 25.095679706245999 ] } },
{ "type": "Feature", "properties": { "GymType": "球類運動設施/排球場館", "Name": "東吳大學排球場(館)", "Addr": "臺北市士林區臨溪路70號", "OperationTel": "(02)28819471#5606", "WebUrl": "http://www.scu.edu.tw/physical/", "Lat": 25.095436804946601, "Lng": 121.545277833939, "PassEasyEle": null, "PassEasyParking": null, "PassEasyShower": null, "PassEasyToilet": null, "PassEasyWay": null, "WheelchairAuditorium": null }, "geometry": { "type": "Point", "coordinates": [ 121.545277833938997, 25.095436804946601 ] } },
{ "type": "Feature", "properties": { "GymType": "舞蹈運動設施/多功能舞蹈運動教室（含舞蹈教室/韻律教室/瑜珈教室等類型空間）", "Name": "東吳大學舞蹈教室", "Addr": "臺北市士林區臨溪路70號", "OperationTel": "(02)28819471#5606", "WebUrl": "http://www.scu.edu.tw/physical/", "Lat": 25.094086264926801, "Lng": 121.546366810799, "PassEasyEle": null, "PassEasyParking": null, "PassEasyShower": null, "PassEasyToilet": null, "PassEasyWay": null, "WheelchairAuditorium": null }, "geometry": { "type": "Point", "coordinates": [ 121.546366810799, 25.094086264926801 ] } },
{ "type": "Feature", "properties": { "GymType": "阻力運動設施/多功能健身房/體適能中心（此空間中具有兩種以上之阻力運動器材設備）", "Name": "東吳大學健身房(含重量訓練室)", "Addr": "臺北市士林區臨溪路70號", "OperationTel": "(02)28819471#5606", "WebUrl": "http://www.scu.edu.tw/physical/", "Lat": 25.0940959810953, "Lng": 121.546425819397, "PassEasyEle": null, "PassEasyParking": null, "PassEasyShower": null, "PassEasyToilet": null, "PassEasyWay": null, "WheelchairAuditorium": null }, "geometry": { "type": "Point", "coordinates": [ 121.546425819397001, 25.0940959810953 ] } },
{ "type": "Feature", "properties": { "GymType": "球類運動設施/桌球場館", "Name": "東吳大學桌球場(館)", "Addr": "臺北市士林區臨溪路70號", "OperationTel": "(02)28819471#5606", "WebUrl": "http://www.scu.edu.tw/physical/", "Lat": 25.094163994253101, "Lng": 121.54628098011, "PassEasyEle": null, "PassEasyParking": null, "PassEasyShower": null, "PassEasyToilet": null, "PassEasyWay": null, "WheelchairAuditorium": null }, "geometry": { "type": "Point", "coordinates": [ 121.546280980109998, 25.094163994253101 ] } },
{ "type": "Feature", "properties": { "GymType": "球類運動設施/籃球場館", "Name": "東吳大學體育館", "Addr": "臺北市中正區貴陽街一段56號", "OperationTel": "(02)28819471#5606", "WebUrl": "http://www.scu.edu.tw/physical/", "Lat": 25.0378750441552, "Lng": 121.51001751422901, "PassEasyEle": null, "PassEasyParking": null, "PassEasyShower": null, "PassEasyToilet": null, "PassEasyWay": null, "WheelchairAuditorium": null }, "geometry": { "type": "Point", "coordinates": [ 121.510017514229006, 25.0378750441552 ] } },
{ "type": "Feature", "properties": { "GymType": "舞蹈運動設施/多功能舞蹈運動教室（含舞蹈教室/韻律教室/瑜珈教室等類型空間）", "Name": "東吳大學城中校區舞蹈教室", "Addr": "台北市中正區貴陽街一段56號", "OperationTel": "02-28819471#5606", "WebUrl": "http://www.scu.edu.tw/physical/", "Lat": 25.038772983901499, "Lng": 121.50974795222299, "PassEasyEle": null, "PassEasyParking": null, "PassEasyShower": null, "PassEasyToilet": null, "PassEasyWay": null, "WheelchairAuditorium": null }, "geometry": { "type": "Point", "coordinates": [ 121.509747952222995, 25.038772983901499 ] } },
{ "type": "Feature", "properties": { "GymType": "阻力運動設施/多功能健身房/體適能中心（此空間中具有兩種以上之阻力運動器材設備）", "Name": "東吳大學健身房(含重量訓練室)", "Addr": "臺北市中正區貴陽街一段56號", "OperationTel": "(02)28819471#5606", "WebUrl": "http://www.scu.edu.tw/physical/", "Lat": 25.038808220915801, "Lng": 121.510001420975, "PassEasyEle": null, "PassEasyParking": null, "PassEasyShower": null, "PassEasyToilet": null, "PassEasyWay": null, "WheelchairAuditorium": null }, "geometry": { "type": "Point", "coordinates": [ 121.510001420975001, 25.038808220915801 ] } },
{ "type": "Feature", "properties": { "GymType": "陸上/射擊運動設施/田徑場", "Name": "中正高中田徑場", "Addr": "臺北市北投區文林北路77號", "OperationTel": "02-28234811#330", "WebUrl": "http://www.ccsh.tp.edu.tw", "Lat": 25.103437720026299, "Lng": 121.51534974575, "PassEasyEle": 0.0, "PassEasyParking": 0.0, "PassEasyShower": 0.0, "PassEasyToilet": 0.0, "PassEasyWay": 0.0, "WheelchairAuditorium": 0.0 }, "geometry": { "type": "Point", "coordinates": [ 121.515349745750001, 25.103437720026299 ] } },
{ "type": "Feature", "properties": { "GymType": "球類運動設施/桌球場館", "Name": "東吳大學桌球場(館)", "Addr": "臺北市中正區貴陽街一段56號", "OperationTel": "(02)28819471#5606", "WebUrl": "http://www.scu.edu.tw/physical/", "Lat": 25.038907856556801, "Lng": 121.509929001331, "PassEasyEle": null, "PassEasyParking": null, "PassEasyShower": null, "PassEasyToilet": null, "PassEasyWay": null, "WheelchairAuditorium": null }, "geometry": { "type": "Point", "coordinates": [ 121.509929001331002, 25.038907856556801 ] } },
{ "type": "Feature", "properties": { "GymType": "球類運動設施/籃球場館", "Name": "東吳大學城中校區室外籃球場", "Addr": "臺北市中正區貴陽街一段56號", "OperationTel": "02-28819471#5606", "WebUrl": "http://www.scu.edu.tw/physical/", "Lat": 25.037973465476501, "Lng": 121.509817689657, "PassEasyEle": null, "PassEasyParking": null, "PassEasyShower": null, "PassEasyToilet": null, "PassEasyWay": null, "WheelchairAuditorium": null }, "geometry": { "type": "Point", "coordinates": [ 121.509817689656998, 25.037973465476501 ] } },
{ "type": "Feature", "properties": { "GymType": "球類運動設施/籃球場館", "Name": "中正高中籃球場", "Addr": "臺北市北投區文林北路77號", "OperationTel": "02-28234811#330", "WebUrl": "http://www.ccsh.tp.edu.tw", "Lat": 25.104001213441801, "Lng": 121.51496887207, "PassEasyEle": 0.0, "PassEasyParking": 0.0, "PassEasyShower": 0.0, "PassEasyToilet": 0.0, "PassEasyWay": 0.0, "WheelchairAuditorium": 0.0 }, "geometry": { "type": "Point", "coordinates": [ 121.51496887207, 25.104001213441801 ] } },
{ "type": "Feature", "properties": { "GymType": "球類運動設施/排球場館", "Name": "中正高中排球場(館)", "Addr": "臺北市北投區文林北路77號", "OperationTel": "02-28234811#330", "WebUrl": "http://www.ccsh.tp.edu.tw", "Lat": 25.1039769249861, "Lng": 121.51494473218899, "PassEasyEle": 0.0, "PassEasyParking": 0.0, "PassEasyShower": 0.0, "PassEasyToilet": 0.0, "PassEasyWay": 0.0, "WheelchairAuditorium": 0.0 }, "geometry": { "type": "Point", "coordinates": [ 121.514944732188994, 25.1039769249861 ] } },
{ "type": "Feature", "properties": { "GymType": "球類運動設施/籃球場館", "Name": "開平餐飲學校操場", "Addr": "臺北市大安區復興南路2段148巷24號", "OperationTel": "02-27556939#373", "WebUrl": "http://www.kpvs.tp.edu.tw", "Lat": 25.028593011897399, "Lng": 121.542272418737, "PassEasyEle": 0.0, "PassEasyParking": 0.0, "PassEasyShower": 0.0, "PassEasyToilet": 1.0, "PassEasyWay": 0.0, "WheelchairAuditorium": 0.0 }, "geometry": { "type": "Point", "coordinates": [ 121.542272418736999, 25.028593011897399 ] } },
{ "type": "Feature", "properties": { "GymType": "阻力運動設施/舉重室/健力室", "Name": "臺北科技大學體適能運動中心(有氧訓練室)", "Addr": "臺北市大安區忠孝東路三段1號", "OperationTel": "02-27712171#3320", "WebUrl": "http://www.ntut.edu.tw", "Lat": 25.042897040410999, "Lng": 121.534400310366, "PassEasyEle": 0.0, "PassEasyParking": 0.0, "PassEasyShower": 0.0, "PassEasyToilet": 0.0, "PassEasyWay": 0.0, "WheelchairAuditorium": 0.0 }, "geometry": { "type": "Point", "coordinates": [ 121.534400310365996, 25.042897040410999 ] } },
{ "type": "Feature", "properties": { "GymType": "阻力運動設施/多功能健身房/體適能中心（此空間中具有兩種以上之阻力運動器材設備）", "Name": "臺北科技大學運動體適能運動教室", "Addr": "臺北市大安區忠孝東路三段1號", "OperationTel": "02-27712171#3320", "WebUrl": "http://www.ntut.edu.tw", "Lat": 25.043037899089299, "Lng": 121.534246258434, "PassEasyEle": 0.0, "PassEasyParking": 0.0, "PassEasyShower": 0.0, "PassEasyToilet": 0.0, "PassEasyWay": 0.0, "WheelchairAuditorium": 0.0 }, "geometry": { "type": "Point", "coordinates": [ 121.534246258433996, 25.043037899089299 ] } },
{ "type": "Feature", "properties": { "GymType": "阻力運動設施/多功能健身房/體適能中心（此空間中具有兩種以上之阻力運動器材設備）", "Name": "臺北科技大學健身房(含重量訓練室)", "Addr": "臺北市大安區忠孝東路三段1號", "OperationTel": "02-27712171#3320", "WebUrl": "http://www.ntut.edu.tw", "Lat": 25.043036208718799, "Lng": 121.534296403906, "PassEasyEle": 0.0, "PassEasyParking": 0.0, "PassEasyShower": 0.0, "PassEasyToilet": 0.0, "PassEasyWay": 0.0, "WheelchairAuditorium": 0.0 }, "geometry": { "type": "Point", "coordinates": [ 121.534296403905998, 25.043036208718799 ] } },
{ "type": "Feature", "properties": { "GymType": "球類運動設施/籃球場館", "Name": "臺北市信義運動中心", "Addr": "臺北市 信義區 松勤街100號", "OperationTel": "02-87861911", "WebUrl": "https://xysc.teamxports.com/", "Lat": 25.031848106597401, "Lng": 121.566553115845, "PassEasyEle": 1.0, "PassEasyParking": 0.0, "PassEasyShower": 0.0, "PassEasyToilet": 5.0, "PassEasyWay": 2.0, "WheelchairAuditorium": 0.0 }, "geometry": { "type": "Point", "coordinates": [ 121.566553115844997, 25.031848106597401 ] } },
{ "type": "Feature", "properties": { "GymType": "水上/冰上運動設施/游泳池", "Name": "實踐大學游泳池(館)(臺北校區)", "Addr": "臺北市中山區大直街70號", "OperationTel": "02-25381111#3811", "WebUrl": "http://www.usc.edu.tw", "Lat": 25.084592519447501, "Lng": 121.545632421839, "PassEasyEle": 0.0, "PassEasyParking": 0.0, "PassEasyShower": 0.0, "PassEasyToilet": 0.0, "PassEasyWay": 0.0, "WheelchairAuditorium": 0.0 }, "geometry": { "type": "Point", "coordinates": [ 121.545632421839002, 25.084592519447501 ] } },
{ "type": "Feature", "properties": { "GymType": "球類運動設施/網球場館", "Name": "實踐大學網球場(館)(臺北校區)", "Addr": "臺北市中山區大直街70號", "OperationTel": "02-25381111#3811", "WebUrl": "http://www.sportnew.usc.edu.tw/", "Lat": 25.084586057759001, "Lng": 121.545608389351, "PassEasyEle": 0.0, "PassEasyParking": 0.0, "PassEasyShower": 0.0, "PassEasyToilet": 0.0, "PassEasyWay": 0.0, "WheelchairAuditorium": 0.0 }, "geometry": { "type": "Point", "coordinates": [ 121.545608389351003, 25.084586057759001 ] } },
{ "type": "Feature", "properties": { "GymType": "球類運動設施/籃球場館", "Name": "實踐大學體育館(臺北校區)", "Addr": "臺北市中山區大直街70號", "OperationTel": "02-25381111#3811", "WebUrl": "http://www.sportnew.usc.edu.tw/", "Lat": 25.0845711907292, "Lng": 121.545625770013, "PassEasyEle": 0.0, "PassEasyParking": 0.0, "PassEasyShower": 0.0, "PassEasyToilet": 0.0, "PassEasyWay": 0.0, "WheelchairAuditorium": 0.0 }, "geometry": { "type": "Point", "coordinates": [ 121.545625770013004, 25.0845711907292 ] } },
{ "type": "Feature", "properties": { "GymType": "舞蹈運動設施/多功能舞蹈運動教室（含舞蹈教室/韻律教室/瑜珈教室等類型空間）", "Name": "臺北科技大學多功能舞蹈教室", "Addr": "臺北市大安區忠孝東路三段1號", "OperationTel": "02-27712171#3320", "WebUrl": "http://www.ntut.edu.tw", "Lat": 25.043464278034602, "Lng": 121.53585255146, "PassEasyEle": 0.0, "PassEasyParking": 0.0, "PassEasyShower": 0.0, "PassEasyToilet": 0.0, "PassEasyWay": 0.0, "WheelchairAuditorium": 0.0 }, "geometry": { "type": "Point", "coordinates": [ 121.535852551459996, 25.043464278034602 ] } },
{ "type": "Feature", "properties": { "GymType": "球類運動設施/撞球場館", "Name": "臺北科技大學中正館 7樓撞球教室", "Addr": "臺北市大安區忠孝東路三段1號", "OperationTel": "02-27712171#3320", "WebUrl": "http://www.ntut.edu.tw", "Lat": 25.043459417941801, "Lng": 121.535857915878, "PassEasyEle": 0.0, "PassEasyParking": 0.0, "PassEasyShower": 0.0, "PassEasyToilet": 0.0, "PassEasyWay": 0.0, "WheelchairAuditorium": 0.0 }, "geometry": { "type": "Point", "coordinates": [ 121.535857915877997, 25.043459417941801 ] } },
{ "type": "Feature", "properties": { "GymType": "陸上/射擊運動設施/田徑場", "Name": "臺北科技大學東校區運動園區（爬竿區）", "Addr": "臺北市大安區忠孝東路三段1號", "OperationTel": "02-27712171#3320", "WebUrl": "http://www.ntut.edu.tw", "Lat": 25.0428276042481, "Lng": 121.537633538246, "PassEasyEle": 0.0, "PassEasyParking": 0.0, "PassEasyShower": 0.0, "PassEasyToilet": 0.0, "PassEasyWay": 0.0, "WheelchairAuditorium": 0.0 }, "geometry": { "type": "Point", "coordinates": [ 121.537633538245998, 25.0428276042481 ] } },
{ "type": "Feature", "properties": { "GymType": "球類運動設施/排球場館", "Name": "臺北科技大學東校區運動園區（排球場）", "Addr": "臺北市大安區忠孝東路三段1號", "OperationTel": "02-27712171#3327", "WebUrl": "http://www.ntut.edu.tw", "Lat": 25.043073039954201, "Lng": 121.538184732199, "PassEasyEle": 0.0, "PassEasyParking": 2.0, "PassEasyShower": 0.0, "PassEasyToilet": 0.0, "PassEasyWay": 1.0, "WheelchairAuditorium": 0.0 }, "geometry": { "type": "Point", "coordinates": [ 121.538184732198999, 25.043073039954201 ] } },
{ "type": "Feature", "properties": { "GymType": "球類運動設施/籃球場館", "Name": "臺北科技大學東校區運動園區（籃球比賽場）", "Addr": "臺北市大安區忠孝東路三段1號", "OperationTel": "02-27712171#3320", "WebUrl": "http://www.ntut.edu.tw", "Lat": 25.043187252442099, "Lng": 121.53755843639399, "PassEasyEle": 0.0, "PassEasyParking": 0.0, "PassEasyShower": 0.0, "PassEasyToilet": 0.0, "PassEasyWay": 0.0, "WheelchairAuditorium": 0.0 }, "geometry": { "type": "Point", "coordinates": [ 121.537558436393994, 25.043187252442099 ] } },
{ "type": "Feature", "properties": { "GymType": "球類運動設施/籃球場館", "Name": "臺北科技大學東校區運動園區（籃球練習場）", "Addr": "臺北市大安區忠孝東路三段1號", "OperationTel": "02-27712171#3320", "WebUrl": "http://www.ntut.edu.tw", "Lat": 25.043235853468499, "Lng": 121.53787493705801, "PassEasyEle": 0.0, "PassEasyParking": 0.0, "PassEasyShower": 0.0, "PassEasyToilet": 0.0, "PassEasyWay": 0.0, "WheelchairAuditorium": 0.0 }, "geometry": { "type": "Point", "coordinates": [ 121.537874937058007, 25.043235853468499 ] } },
{ "type": "Feature", "properties": { "GymType": "球類運動設施/網球場館", "Name": "臺北科技大學東校區運動園區（網球場）", "Addr": "臺北市大安區忠孝東路三段1號", "OperationTel": "02-27712171#3327", "WebUrl": "http://www.ntut.edu.tw", "Lat": 25.043192112545601, "Lng": 121.53721511364, "PassEasyEle": 0.0, "PassEasyParking": 0.0, "PassEasyShower": 0.0, "PassEasyToilet": 0.0, "PassEasyWay": 0.0, "WheelchairAuditorium": 0.0 }, "geometry": { "type": "Point", "coordinates": [ 121.537215113640002, 25.043192112545601 ] } },
{ "type": "Feature", "properties": { "GymType": "球類運動設施/足球場館", "Name": "臺北科技大學東校區運動園區（足球場）", "Addr": "臺北市大安區忠孝東路三段1號", "OperationTel": "02-27712171#3320", "WebUrl": "http://www.ntut.edu.tw", "Lat": 25.042395052996, "Lng": 121.53755843639399, "PassEasyEle": 0.0, "PassEasyParking": 0.0, "PassEasyShower": 0.0, "PassEasyToilet": 0.0, "PassEasyWay": 0.0, "WheelchairAuditorium": 0.0 }, "geometry": { "type": "Point", "coordinates": [ 121.537558436393994, 25.042395052996 ] } },
{ "type": "Feature", "properties": { "GymType": "舞蹈運動設施/多功能舞蹈運動教室（含舞蹈教室/韻律教室/瑜珈教室等類型空間）", "Name": "臺北科技大學第三教學大樓B1體適能運動中心(舞蹈教室)", "Addr": "臺北市大安區忠孝東路三段1號", "OperationTel": "02-27712171#3320", "WebUrl": "http://www.ntut.edu.tw", "Lat": 25.043023741394201, "Lng": 121.534353313509, "PassEasyEle": 0.0, "PassEasyParking": 0.0, "PassEasyShower": 0.0, "PassEasyToilet": 0.0, "PassEasyWay": 0.0, "WheelchairAuditorium": 0.0 }, "geometry": { "type": "Point", "coordinates": [ 121.534353313509001, 25.043023741394201 ] } },
{ "type": "Feature", "properties": { "GymType": "球類運動設施/籃球場館", "Name": "臺北科技大學14.中正館5F綜合球場", "Addr": "臺北市大安區忠孝東路三段1號", "OperationTel": "02-27712171#3320", "WebUrl": "http://www.ntut.edu.tw", "Lat": 25.0434156770987, "Lng": 121.53582572937, "PassEasyEle": 0.0, "PassEasyParking": 0.0, "PassEasyShower": 0.0, "PassEasyToilet": 0.0, "PassEasyWay": 0.0, "WheelchairAuditorium": 0.0 }, "geometry": { "type": "Point", "coordinates": [ 121.535825729370004, 25.0434156770987 ] } },
{ "type": "Feature", "properties": { "GymType": "球類運動設施/桌球場館", "Name": "臺北科技大學中正館B1桌球室", "Addr": "臺北市大安區忠孝東路三段1號", "OperationTel": "02-27712171#3320", "WebUrl": "http://www.ntut.edu.tw", "Lat": 25.043437547522199, "Lng": 121.53585255146, "PassEasyEle": 0.0, "PassEasyParking": 0.0, "PassEasyShower": 0.0, "PassEasyToilet": 0.0, "PassEasyWay": 0.0, "WheelchairAuditorium": 0.0 }, "geometry": { "type": "Point", "coordinates": [ 121.535852551459996, 25.043437547522199 ] } },
{ "type": "Feature", "properties": { "GymType": "陸上/射擊運動設施/田徑場", "Name": "臺北科技大學東校區運動園區(田徑場)", "Addr": "臺北市大安區忠孝東路三段1號", "OperationTel": "02-27712171#3320", "WebUrl": "http://www.ntut.edu.tw", "Lat": 25.0426331993798, "Lng": 121.537456512451, "PassEasyEle": 0.0, "PassEasyParking": 0.0, "PassEasyShower": 0.0, "PassEasyToilet": 0.0, "PassEasyWay": 0.0, "WheelchairAuditorium": 0.0 }, "geometry": { "type": "Point", "coordinates": [ 121.537456512451001, 25.0426331993798 ] } },
{ "type": "Feature", "properties": { "GymType": "陸上/射擊運動設施/田徑場", "Name": "復興高中田徑場", "Addr": "臺北市北投區復興四路70號", "OperationTel": "02-28914131#330", "WebUrl": "http://www.fhsh.tp.edu.tw", "Lat": 25.1427400142077, "Lng": 121.50200843811, "PassEasyEle": 0.0, "PassEasyParking": 0.0, "PassEasyShower": 0.0, "PassEasyToilet": 0.0, "PassEasyWay": 0.0, "WheelchairAuditorium": 0.0 }, "geometry": { "type": "Point", "coordinates": [ 121.502008438109996, 25.1427400142077 ] } },
{ "type": "Feature", "properties": { "GymType": "水上/冰上運動設施/游泳池", "Name": "復興高中游泳池(館)", "Addr": "臺北市北投區復興四路70號", "OperationTel": "02-28914131#330", "WebUrl": "http://www.fhsh.tp.edu.tw", "Lat": 25.144060880068601, "Lng": 121.502920389175, "PassEasyEle": 0.0, "PassEasyParking": 0.0, "PassEasyShower": 0.0, "PassEasyToilet": 0.0, "PassEasyWay": 0.0, "WheelchairAuditorium": 0.0 }, "geometry": { "type": "Point", "coordinates": [ 121.502920389175003, 25.144060880068601 ] } },
{ "type": "Feature", "properties": { "GymType": "球類運動設施/羽球場館", "Name": "復興高中中正堂", "Addr": "臺北市北投區復興四路70號", "OperationTel": "02-28914131#330", "WebUrl": "http://www.fhsh.tp.edu.tw", "Lat": 25.143274189622701, "Lng": 121.502625346184, "PassEasyEle": 0.0, "PassEasyParking": 0.0, "PassEasyShower": 0.0, "PassEasyToilet": 0.0, "PassEasyWay": 0.0, "WheelchairAuditorium": 0.0 }, "geometry": { "type": "Point", "coordinates": [ 121.502625346184004, 25.143274189622701 ] } },
{ "type": "Feature", "properties": { "GymType": "水上/冰上運動設施/游泳池", "Name": "德明財經科技大學游泳池", "Addr": "臺北市內湖區環山路一段56號", "OperationTel": "02-87513132", "WebUrl": "http://www.takming.edu.tw", "Lat": 25.0867724431053, "Lng": 121.56531393528, "PassEasyEle": 2.0, "PassEasyParking": 2.0, "PassEasyShower": 0.0, "PassEasyToilet": 0.0, "PassEasyWay": 0.0, "WheelchairAuditorium": 0.0 }, "geometry": { "type": "Point", "coordinates": [ 121.565313935280003, 25.0867724431053 ] } },
{ "type": "Feature", "properties": { "GymType": "陸上/射擊運動設施/田徑場", "Name": "開南商工田徑場", "Addr": "臺北市中正區東門里濟南路1段6號", "OperationTel": "02-23212666#212", "WebUrl": "http://www.knvs.tp.edu.tw", "Lat": 25.0417292126936, "Lng": 121.521674394608, "PassEasyEle": 1.0, "PassEasyParking": 0.0, "PassEasyShower": 0.0, "PassEasyToilet": 0.0, "PassEasyWay": 5.0, "WheelchairAuditorium": 0.0 }, "geometry": { "type": "Point", "coordinates": [ 121.521674394607999, 25.0417292126936 ] } },
{ "type": "Feature", "properties": { "GymType": "球類運動設施/籃球場館", "Name": "臺北市北投運動中心", "Addr": "臺北市 北投區 石牌路1段39巷100號", "OperationTel": "02-28202880", "WebUrl": "http://www.btsport.org.tw/", "Lat": 25.1168977019917, "Lng": 121.50969564914701, "PassEasyEle": 3.0, "PassEasyParking": 3.0, "PassEasyShower": 0.0, "PassEasyToilet": 4.0, "PassEasyWay": 1.0, "WheelchairAuditorium": 0.0 }, "geometry": { "type": "Point", "coordinates": [ 121.509695649147005, 25.1168977019917 ] } },
{ "type": "Feature", "properties": { "GymType": "球類運動設施/排球場館", "Name": "德明財經科技大學排球場", "Addr": "臺北市內湖區環山路一段56號", "OperationTel": "02-26585801#5196", "WebUrl": "http://www.takming.edu.tw", "Lat": 25.087462378978302, "Lng": 121.56692326068899, "PassEasyEle": 0.0, "PassEasyParking": 0.0, "PassEasyShower": 0.0, "PassEasyToilet": 0.0, "PassEasyWay": 0.0, "WheelchairAuditorium": 0.0 }, "geometry": { "type": "Point", "coordinates": [ 121.566923260688995, 25.087462378978302 ] } },
{ "type": "Feature", "properties": { "GymType": "球類運動設施/桌球場館", "Name": "德明財經科技大學桌球教室", "Addr": "臺北市內湖區環山路一段56號", "OperationTel": "02-26585801#5196", "WebUrl": "http://www.takming.edu.tw", "Lat": 25.087233502014101, "Lng": 121.56576991081199, "PassEasyEle": 0.0, "PassEasyParking": 0.0, "PassEasyShower": 0.0, "PassEasyToilet": 0.0, "PassEasyWay": 0.0, "WheelchairAuditorium": 0.0 }, "geometry": { "type": "Point", "coordinates": [ 121.565769910811994, 25.087233502014101 ] } },
{ "type": "Feature", "properties": { "GymType": "陸上/射擊運動設施/田徑場", "Name": "臺灣師範大學體育館", "Addr": "臺北市大安區和平東路一段162號", "OperationTel": "02-77343177", "WebUrl": "http://www.ntnu.edu.tw", "Lat": 25.026145330383301, "Lng": 121.527375429869, "PassEasyEle": 1.0, "PassEasyParking": 0.0, "PassEasyShower": 0.0, "PassEasyToilet": 1.0, "PassEasyWay": 3.0, "WheelchairAuditorium": 0.0 }, "geometry": { "type": "Point", "coordinates": [ 121.527375429868997, 25.026145330383301 ] } },
{ "type": "Feature", "properties": { "GymType": "陸上/射擊運動設施/田徑場", "Name": "臺灣師範大學田徑場", "Addr": "臺北市大安區和平東路一段162號", "OperationTel": "02-77343176", "WebUrl": "http://www.ntnu.edu.tw", "Lat": 25.026152013954, "Lng": 121.527300998569, "PassEasyEle": 0.0, "PassEasyParking": 0.0, "PassEasyShower": 0.0, "PassEasyToilet": 0.0, "PassEasyWay": 0.0, "WheelchairAuditorium": 0.0 }, "geometry": { "type": "Point", "coordinates": [ 121.527300998569004, 25.026152013954 ] } },
{ "type": "Feature", "properties": { "GymType": "球類運動設施/籃球場館", "Name": "臺北市萬華運動中心", "Addr": "臺北市 萬華區 西寧南路6之1號", "OperationTel": "02-23759900", "WebUrl": "http://whsc.com.tw/", "Lat": 25.0475175282915, "Lng": 121.50675058364899, "PassEasyEle": 1.0, "PassEasyParking": 1.0, "PassEasyShower": 0.0, "PassEasyToilet": 5.0, "PassEasyWay": 1.0, "WheelchairAuditorium": 0.0 }, "geometry": { "type": "Point", "coordinates": [ 121.506750583648994, 25.0475175282915 ] } },
{ "type": "Feature", "properties": { "GymType": "水上/冰上運動設施/游泳池", "Name": "臺北市松山運動中心", "Addr": "臺北市 松山區 敦化北路1號", "OperationTel": "02-66176789", "WebUrl": "http://sssc.com.tw/", "Lat": 25.048576988883301, "Lng": 121.550191640854, "PassEasyEle": 1.0, "PassEasyParking": 2.0, "PassEasyShower": 2.0, "PassEasyToilet": 2.0, "PassEasyWay": 1.0, "WheelchairAuditorium": 0.0 }, "geometry": { "type": "Point", "coordinates": [ 121.550191640853996, 25.048576988883301 ] } },
{ "type": "Feature", "properties": { "GymType": "陸上/射擊運動設施/田徑場", "Name": "喬治工商田徑場、籃球場", "Addr": "臺北市信義區基隆路二段155號", "OperationTel": "02-27386515#220", "WebUrl": "http://www.gvs.tp.edu.tw", "Lat": 25.0256410235468, "Lng": 121.555202007294, "PassEasyEle": 3.0, "PassEasyParking": 30.0, "PassEasyShower": 0.0, "PassEasyToilet": 2.0, "PassEasyWay": 2.0, "WheelchairAuditorium": 10.0 }, "geometry": { "type": "Point", "coordinates": [ 121.555202007294, 25.0256410235468 ] } },
{ "type": "Feature", "properties": { "GymType": "水上/冰上運動設施/游泳池", "Name": "國立臺灣師範大學游泳池(館)", "Addr": "臺北市大安區和平東路一段162號", "OperationTel": "02-77343181", "WebUrl": "http://www.ntnu.edu.tw", "Lat": 25.025407704984001, "Lng": 121.526792049408, "PassEasyEle": null, "PassEasyParking": null, "PassEasyShower": null, "PassEasyToilet": null, "PassEasyWay": null, "WheelchairAuditorium": null }, "geometry": { "type": "Point", "coordinates": [ 121.526792049408002, 25.025407704984001 ] } },
{ "type": "Feature", "properties": { "GymType": "球類運動設施/籃球場館", "Name": "大同高中綜合球場", "Addr": "臺北市中山區聚英里中山北路3段40號", "OperationTel": "02-25858785#603", "WebUrl": "http://www.tsh.ttu.edu.tw", "Lat": 25.067312196754798, "Lng": 121.520365488723, "PassEasyEle": 0.0, "PassEasyParking": 0.0, "PassEasyShower": 0.0, "PassEasyToilet": 0.0, "PassEasyWay": 0.0, "WheelchairAuditorium": 0.0 }, "geometry": { "type": "Point", "coordinates": [ 121.520365488723002, 25.067312196754798 ] } },
{ "type": "Feature", "properties": { "GymType": "陸上/射擊運動設施/田徑場", "Name": "松山工農田徑場", "Addr": "臺北市信義區忠孝東路5段236巷15號", "OperationTel": "02-27226616#351", "WebUrl": "http://www.saihs.edu.tw", "Lat": 25.039629605002101, "Lng": 121.573001146317, "PassEasyEle": 0.0, "PassEasyParking": 0.0, "PassEasyShower": 0.0, "PassEasyToilet": 0.0, "PassEasyWay": 0.0, "WheelchairAuditorium": 0.0 }, "geometry": { "type": "Point", "coordinates": [ 121.573001146316997, 25.039629605002101 ] } },
{ "type": "Feature", "properties": { "GymType": "球類運動設施/籃球場館", "Name": "松山家商活動中心", "Addr": "臺北市信義區松山路655號", "OperationTel": "02-27261118#330", "WebUrl": "http://www.ssvs.tp.edu.tw", "Lat": 25.035721906104101, "Lng": 121.58047914505001, "PassEasyEle": 1.0, "PassEasyParking": 1.0, "PassEasyShower": 0.0, "PassEasyToilet": 1.0, "PassEasyWay": 1.0, "WheelchairAuditorium": 0.0 }, "geometry": { "type": "Point", "coordinates": [ 121.580479145050006, 25.035721906104101 ] } },
{ "type": "Feature", "properties": { "GymType": "球類運動設施/籃球場館", "Name": "公館校區體育館", "Addr": "臺北市文山區汀州路四段88號", "OperationTel": "02-77496853", "WebUrl": "https://www.phr.ntnu.edu.tw/", "Lat": 25.008706047763301, "Lng": 121.53530672192601, "PassEasyEle": 0.0, "PassEasyParking": 0.0, "PassEasyShower": 0.0, "PassEasyToilet": 0.0, "PassEasyWay": 0.0, "WheelchairAuditorium": 0.0 }, "geometry": { "type": "Point", "coordinates": [ 121.535306721926005, 25.008706047763301 ] } },
{ "type": "Feature", "properties": { "GymType": "球類運動設施/籃球場館", "Name": "大誠高中籃球場", "Addr": "臺北市文山區萬興里秀明路2段175號", "OperationTel": "02-22348989#34", "WebUrl": "http://www.tcsh.tp.edu.tw", "Lat": 24.990672319290901, "Lng": 121.57839775085399, "PassEasyEle": 1.0, "PassEasyParking": 1.0, "PassEasyShower": 0.0, "PassEasyToilet": 2.0, "PassEasyWay": 1.0, "WheelchairAuditorium": 0.0 }, "geometry": { "type": "Point", "coordinates": [ 121.578397750853995, 24.990672319290901 ] } },
{ "type": "Feature", "properties": { "GymType": "陸上/射擊運動設施/田徑場", "Name": "臺灣師範大學田徑場、足球場", "Addr": "臺北市文山區", "OperationTel": "02-77496853", "WebUrl": "https://www.phr.ntnu.edu.tw/", "Lat": 25.0089527670821, "Lng": 121.535954475403, "PassEasyEle": 0.0, "PassEasyParking": 10.0, "PassEasyShower": 0.0, "PassEasyToilet": 1.0, "PassEasyWay": 2.0, "WheelchairAuditorium": 0.0 }, "geometry": { "type": "Point", "coordinates": [ 121.535954475403003, 25.0089527670821 ] } },
{ "type": "Feature", "properties": { "GymType": "球類運動設施/籃球場館", "Name": "松山工農籃球場", "Addr": "臺北市信義區忠孝東路5段236巷15號", "OperationTel": "02-27226616#351", "WebUrl": "http://www.saihs.edu.tw", "Lat": 25.040154510294801, "Lng": 121.57360196113601, "PassEasyEle": 0.0, "PassEasyParking": 0.0, "PassEasyShower": 0.0, "PassEasyToilet": 0.0, "PassEasyWay": 0.0, "WheelchairAuditorium": 0.0 }, "geometry": { "type": "Point", "coordinates": [ 121.573601961136006, 25.040154510294801 ] } },
{ "type": "Feature", "properties": { "GymType": "球類運動設施/籃球場館", "Name": "師大附中體育館", "Addr": "臺北市大安區和安里信義路3段143號", "OperationTel": "02-27075215#271", "WebUrl": "http://www.hs.ntnu.edu.tw", "Lat": 25.034083357922199, "Lng": 121.539847754175, "PassEasyEle": 0.0, "PassEasyParking": 0.0, "PassEasyShower": 0.0, "PassEasyToilet": 2.0, "PassEasyWay": 1.0, "WheelchairAuditorium": 0.0 }, "geometry": { "type": "Point", "coordinates": [ 121.539847754175, 25.034083357922199 ] } },
{ "type": "Feature", "properties": { "GymType": "阻力運動設施/多功能健身房/體適能中心（此空間中具有兩種以上之阻力運動器材設備）", "Name": "大誠高中健身房", "Addr": "臺北市文山區萬興里秀明路2段175號", "OperationTel": "02-22348989#34", "WebUrl": "http://www.tcsh.tp.edu.tw", "Lat": 24.990939739056799, "Lng": 121.578419208527, "PassEasyEle": 1.0, "PassEasyParking": 1.0, "PassEasyShower": 0.0, "PassEasyToilet": 2.0, "PassEasyWay": 1.0, "WheelchairAuditorium": 0.0 }, "geometry": { "type": "Point", "coordinates": [ 121.578419208526995, 24.990939739056799 ] } },
{ "type": "Feature", "properties": { "GymType": "球類運動設施/籃球場館", "Name": "師大附中籃球場", "Addr": "臺北市大安區和安里信義路3段143號", "OperationTel": "02-27075215#271", "WebUrl": "http://www.hs.ntnu.edu.tw", "Lat": 25.035753417254, "Lng": 121.540558715879, "PassEasyEle": 0.0, "PassEasyParking": 0.0, "PassEasyShower": 0.0, "PassEasyToilet": 0.0, "PassEasyWay": 0.0, "WheelchairAuditorium": 0.0 }, "geometry": { "type": "Point", "coordinates": [ 121.540558715879001, 25.035753417254 ] } },
{ "type": "Feature", "properties": { "GymType": "阻力運動設施/多功能健身房/體適能中心（此空間中具有兩種以上之阻力運動器材設備）", "Name": "師大附中健身房(含重量訓練室)", "Addr": "臺北市大安區和安里信義路3段143號", "OperationTel": "02-27075215#271", "WebUrl": "http://www.hs.ntnu.edu.tw", "Lat": 25.033699963278199, "Lng": 121.540310382843, "PassEasyEle": 0.0, "PassEasyParking": 0.0, "PassEasyShower": 0.0, "PassEasyToilet": 2.0, "PassEasyWay": 0.0, "WheelchairAuditorium": 0.0 }, "geometry": { "type": "Point", "coordinates": [ 121.540310382843003, 25.033699963278199 ] } },
{ "type": "Feature", "properties": { "GymType": "陸上/射擊運動設施/田徑場", "Name": "德明財經科技大學田徑場", "Addr": "臺北市內湖區環山路一段56號", "OperationTel": "02-26585801#5196", "WebUrl": "http://www.takming.edu.tw", "Lat": 25.087193323378401, "Lng": 121.56723976135299, "PassEasyEle": 0.0, "PassEasyParking": 0.0, "PassEasyShower": 0.0, "PassEasyToilet": 0.0, "PassEasyWay": 1.0, "WheelchairAuditorium": 0.0 }, "geometry": { "type": "Point", "coordinates": [ 121.567239761352994, 25.087193323378401 ] } },
{ "type": "Feature", "properties": { "GymType": "阻力運動設施/多功能健身房/體適能中心（此空間中具有兩種以上之阻力運動器材設備）", "Name": "臺北市文山運動中心", "Addr": "臺北市 文山區 興隆路三段222號", "OperationTel": "02-22308268", "WebUrl": "https://wssc.cyc.org.tw/", "Lat": 24.997008795754901, "Lng": 121.559686660767, "PassEasyEle": 1.0, "PassEasyParking": 7.0, "PassEasyShower": 2.0, "PassEasyToilet": 5.0, "PassEasyWay": 3.0, "WheelchairAuditorium": 0.0 }, "geometry": { "type": "Point", "coordinates": [ 121.559686660766999, 24.997008795754901 ] } },
{ "type": "Feature", "properties": { "GymType": "球類運動設施/排球場館", "Name": "師大附中排球場(館)", "Addr": "臺北市大安區和安里信義路3段143號", "OperationTel": "02-27075215#271", "WebUrl": "http://www.hs.ntnu.edu.tw", "Lat": 25.035634853655701, "Lng": 121.541074307456, "PassEasyEle": 0.0, "PassEasyParking": 0.0, "PassEasyShower": 0.0, "PassEasyToilet": 0.0, "PassEasyWay": 0.0, "WheelchairAuditorium": 0.0 }, "geometry": { "type": "Point", "coordinates": [ 121.541074307456, 25.035634853655701 ] } },
{ "type": "Feature", "properties": { "GymType": "球類運動設施/羽球場館", "Name": "大同大學室內運動場", "Addr": "臺北市中山區中山北路三段40號", "OperationTel": "02-21822928#7519", "WebUrl": "http://www.ttu.edu.tw", "Lat": 25.068204512806801, "Lng": 121.520716845989, "PassEasyEle": 0.0, "PassEasyParking": 0.0, "PassEasyShower": 0.0, "PassEasyToilet": 0.0, "PassEasyWay": 0.0, "WheelchairAuditorium": 0.0 }, "geometry": { "type": "Point", "coordinates": [ 121.520716845989, 25.068204512806801 ] } },
{ "type": "Feature", "properties": { "GymType": "球類運動設施/籃球場館", "Name": "大同大學籃球場", "Addr": "臺北市中山區中山北路三段40號", "OperationTel": "02-21822928#7519", "WebUrl": "http://www.ttu.edu.tw", "Lat": 25.068270110796401, "Lng": 121.520158946514, "PassEasyEle": 0.0, "PassEasyParking": 0.0, "PassEasyShower": 0.0, "PassEasyToilet": 0.0, "PassEasyWay": 0.0, "WheelchairAuditorium": 0.0 }, "geometry": { "type": "Point", "coordinates": [ 121.520158946514002, 25.068270110796401 ] } },
{ "type": "Feature", "properties": { "GymType": "水上/冰上運動設施/游泳池", "Name": "松山高中活動中心", "Addr": "臺北市信義區基隆路一段156號", "OperationTel": "02-27535968#260", "WebUrl": "http://www.sssh.tp.edu.tw", "Lat": 25.043634381158402, "Lng": 121.565608978271, "PassEasyEle": 1.0, "PassEasyParking": 1.0, "PassEasyShower": 1.0, "PassEasyToilet": 1.0, "PassEasyWay": 1.0, "WheelchairAuditorium": 0.0 }, "geometry": { "type": "Point", "coordinates": [ 121.565608978271001, 25.043634381158402 ] } },
{ "type": "Feature", "properties": { "GymType": "球類運動設施/網球場館", "Name": "大同大學網球場", "Addr": "臺北市中山區中山北路三段40號", "OperationTel": "02-21822928#7519", "WebUrl": "http://www.ttu.edu.tw", "Lat": 25.068029584662501, "Lng": 121.520166993141, "PassEasyEle": 0.0, "PassEasyParking": 0.0, "PassEasyShower": 0.0, "PassEasyToilet": 0.0, "PassEasyWay": 1.0, "WheelchairAuditorium": 0.0 }, "geometry": { "type": "Point", "coordinates": [ 121.520166993141004, 25.068029584662501 ] } },
{ "type": "Feature", "properties": { "GymType": "球類運動設施/排球場館", "Name": "大同大學排球場", "Addr": "臺北市中山區中山北路三段40號", "OperationTel": "02-21822928#7519", "WebUrl": "http://www.ttu.edu.tw", "Lat": 25.067711311981601, "Lng": 121.520429849625, "PassEasyEle": 0.0, "PassEasyParking": 0.0, "PassEasyShower": 0.0, "PassEasyToilet": 0.0, "PassEasyWay": 0.0, "WheelchairAuditorium": 0.0 }, "geometry": { "type": "Point", "coordinates": [ 121.520429849625003, 25.067711311981601 ] } },
{ "type": "Feature", "properties": { "GymType": "球類運動設施/籃球場館", "Name": "陽明大學活動中心", "Addr": "臺北市北投區立農街二段155號", "OperationTel": "02-28267000#2169", "WebUrl": "http://pe.web.ym.edu.tw/", "Lat": 25.121621702150701, "Lng": 121.51424869895, "PassEasyEle": 0.0, "PassEasyParking": 0.0, "PassEasyShower": 0.0, "PassEasyToilet": 0.0, "PassEasyWay": 0.0, "WheelchairAuditorium": 0.0 }, "geometry": { "type": "Point", "coordinates": [ 121.514248698949999, 25.121621702150701 ] } },
{ "type": "Feature", "properties": { "GymType": "球類運動設施/籃球場館", "Name": "陽明大學山下球場", "Addr": "臺北市北投區立農街二段155號", "OperationTel": "02-28267000#2169", "WebUrl": "http://pe.web.ym.edu.tw/", "Lat": 25.119783948929999, "Lng": 121.51372030377399, "PassEasyEle": 0.0, "PassEasyParking": 0.0, "PassEasyShower": 0.0, "PassEasyToilet": 0.0, "PassEasyWay": 0.0, "WheelchairAuditorium": 0.0 }, "geometry": { "type": "Point", "coordinates": [ 121.513720303773994, 25.119783948929999 ] } },
{ "type": "Feature", "properties": { "GymType": "陸上/射擊運動設施/田徑場", "Name": "陽明大學山頂運動場", "Addr": "臺北市北投區立農街二段155號", "OperationTel": "02-28267000#2169", "WebUrl": "http://pe.web.ym.edu.tw/", "Lat": 25.1251865839461, "Lng": 121.51488304138201, "PassEasyEle": 0.0, "PassEasyParking": 0.0, "PassEasyShower": 0.0, "PassEasyToilet": 0.0, "PassEasyWay": 0.0, "WheelchairAuditorium": 0.0 }, "geometry": { "type": "Point", "coordinates": [ 121.514883041382006, 25.1251865839461 ] } },
{ "type": "Feature", "properties": { "GymType": "球類運動設施/籃球場館", "Name": "南湖高中運動中心", "Addr": "臺北市內湖區康寧路三段220號", "OperationTel": "02-26308889", "WebUrl": "http://www.nhush.tp.edu.tw/", "Lat": 25.066931418939401, "Lng": 121.610691547394, "PassEasyEle": null, "PassEasyParking": null, "PassEasyShower": null, "PassEasyToilet": null, "PassEasyWay": null, "WheelchairAuditorium": null }, "geometry": { "type": "Point", "coordinates": [ 121.610691547393998, 25.066931418939401 ] } },
{ "type": "Feature", "properties": { "GymType": "球類運動設施/網球場館", "Name": "陽明大學山頂網球場", "Addr": "臺北市北投區立農街二段155號", "OperationTel": "02-28267000#2169", "WebUrl": "http://pe.web.ym.edu.tw/", "Lat": 25.124420656726301, "Lng": 121.51381552219399, "PassEasyEle": 0.0, "PassEasyParking": 0.0, "PassEasyShower": 0.0, "PassEasyToilet": 0.0, "PassEasyWay": 0.0, "WheelchairAuditorium": 0.0 }, "geometry": { "type": "Point", "coordinates": [ 121.513815522193994, 25.124420656726301 ] } },
{ "type": "Feature", "properties": { "GymType": "球類運動設施/籃球場館", "Name": "臺北市士林運動中心", "Addr": "臺北市 士林區 士商路1號", "OperationTel": "02-28806066", "WebUrl": "http://www.slsc-taipei.org/News.aspx", "Lat": 25.089359257458199, "Lng": 121.521540284157, "PassEasyEle": 2.0, "PassEasyParking": 2.0, "PassEasyShower": 2.0, "PassEasyToilet": 9.0, "PassEasyWay": 1.0, "WheelchairAuditorium": 0.0 }, "geometry": { "type": "Point", "coordinates": [ 121.521540284156998, 25.089359257458199 ] } },
{ "type": "Feature", "properties": { "GymType": "球類運動設施/籃球場館", "Name": "臺北市中山運動中心", "Addr": "臺北市 中山區 中山北路2段44巷2號", "OperationTel": "02-25811060", "WebUrl": "https://cssc.cyc.org.tw/", "Lat": 25.0548266480798, "Lng": 121.521411538124, "PassEasyEle": 1.0, "PassEasyParking": 2.0, "PassEasyShower": 2.0, "PassEasyToilet": 3.0, "PassEasyWay": 1.0, "WheelchairAuditorium": 0.0 }, "geometry": { "type": "Point", "coordinates": [ 121.521411538123999, 25.0548266480798 ] } },
{ "type": "Feature", "properties": { "GymType": "球類運動設施/籃球場館", "Name": "臺北市大同運動中心", "Addr": "臺北市 大同區 大龍街51號", "OperationTel": "02-25920055", "WebUrl": "http://www.dtsc-wdyg.com.tw/web/index/index.jsp", "Lat": 25.065269574212198, "Lng": 121.516347527504, "PassEasyEle": 1.0, "PassEasyParking": 2.0, "PassEasyShower": 0.0, "PassEasyToilet": 3.0, "PassEasyWay": 1.0, "WheelchairAuditorium": 0.0 }, "geometry": { "type": "Point", "coordinates": [ 121.516347527503996, 25.065269574212198 ] } },
{ "type": "Feature", "properties": { "GymType": "球類運動設施/籃球場館", "Name": "臺北市南港運動中心", "Addr": "臺北市 南港區 玉成街69號", "OperationTel": "02-26532279", "WebUrl": "https://ngsc.cyc.org.tw/", "Lat": 25.048950592355801, "Lng": 121.581853106618, "PassEasyEle": 2.0, "PassEasyParking": 2.0, "PassEasyShower": 2.0, "PassEasyToilet": 4.0, "PassEasyWay": 1.0, "WheelchairAuditorium": 0.0 }, "geometry": { "type": "Point", "coordinates": [ 121.581853106617999, 25.048950592355801 ] } },
{ "type": "Feature", "properties": { "GymType": "球類運動設施/籃球場館", "Name": "馬偕醫護管理專科學校體育館", "Addr": "臺北市北投區聖景路92號", "OperationTel": "02-28584180#2145", "WebUrl": "http://www.mkc.edu.tw", "Lat": 25.122843132146901, "Lng": 121.46441636658, "PassEasyEle": 1.0, "PassEasyParking": 1.0, "PassEasyShower": 0.0, "PassEasyToilet": 1.0, "PassEasyWay": 1.0, "WheelchairAuditorium": 0.0 }, "geometry": { "type": "Point", "coordinates": [ 121.464416366579997, 25.122843132146901 ] } },
{ "type": "Feature", "properties": { "GymType": "球類運動設施/羽球場館", "Name": "馬偕醫護管理專科學校體育館", "Addr": "臺北市北投區聖景路92號", "OperationTel": "02-28584180#2145", "WebUrl": "http://www.mkc.edu.tw", "Lat": 25.122867028290099, "Lng": 121.464457511902, "PassEasyEle": 1.0, "PassEasyParking": 1.0, "PassEasyShower": 0.0, "PassEasyToilet": 1.0, "PassEasyWay": 1.0, "WheelchairAuditorium": 0.0 }, "geometry": { "type": "Point", "coordinates": [ 121.464457511901998, 25.122867028290099 ] } },
{ "type": "Feature", "properties": { "GymType": "球類運動設施/籃球場館", "Name": "滬江高中體育館", "Addr": "臺北市文山區景美里羅斯福路6段336號", "OperationTel": "02-86631122#224", "WebUrl": "http://www.hchs.tp.edu.tw", "Lat": 24.989448404525, "Lng": 121.538776159287, "PassEasyEle": 1.0, "PassEasyParking": 1.0, "PassEasyShower": 0.0, "PassEasyToilet": 1.0, "PassEasyWay": 0.0, "WheelchairAuditorium": 0.0 }, "geometry": { "type": "Point", "coordinates": [ 121.538776159286996, 24.989448404525 ] } },
{ "type": "Feature", "properties": { "GymType": "球類運動設施/籃球場館", "Name": "靜心小學運動中心", "Addr": "臺北市文山區興福里興隆路2段46號", "OperationTel": "02-29323118#165", "WebUrl": "http://www.chjhs.tp.edu.tw", "Lat": 24.998809826933901, "Lng": 121.546772360671, "PassEasyEle": null, "PassEasyParking": null, "PassEasyShower": null, "PassEasyToilet": null, "PassEasyWay": null, "WheelchairAuditorium": null }, "geometry": { "type": "Point", "coordinates": [ 121.546772360671, 24.998809826933901 ] } },
{ "type": "Feature", "properties": { "GymType": "球類運動設施/棒球場", "Name": "新生公園棒球場", "Addr": "臺北市 中山區 新生北路三段105號", "OperationTel": "02-25972232", "WebUrl": "https://sports.tms.gov.tw/venues/?K=121", "Lat": 25.069288089911201, "Lng": 121.532403230667, "PassEasyEle": 0.0, "PassEasyParking": 0.0, "PassEasyShower": 0.0, "PassEasyToilet": 1.0, "PassEasyWay": 0.0, "WheelchairAuditorium": 0.0 }, "geometry": { "type": "Point", "coordinates": [ 121.532403230667001, 25.069288089911201 ] } },
{ "type": "Feature", "properties": { "GymType": "陸上/射擊運動設施/田徑場", "Name": "方濟中學田徑場", "Addr": "臺北市內湖區紫星里成功路三段61號", "OperationTel": "02-27910278", "WebUrl": "http://www.sfh.tp.edu.tw", "Lat": 25.076957403495999, "Lng": 121.590971946716, "PassEasyEle": 0.0, "PassEasyParking": 0.0, "PassEasyShower": 0.0, "PassEasyToilet": 0.0, "PassEasyWay": 0.0, "WheelchairAuditorium": 0.0 }, "geometry": { "type": "Point", "coordinates": [ 121.590971946715996, 25.076957403495999 ] } },
{ "type": "Feature", "properties": { "GymType": "球類運動設施/棒球場", "Name": "臺北市天母棒球場", "Addr": "臺北市 士林區 忠誠路二段77號", "OperationTel": "02-25702330", "WebUrl": "https://sports.gov.taipei/", "Lat": 25.1134563427443, "Lng": 121.532928943634, "PassEasyEle": 1.0, "PassEasyParking": 1.0, "PassEasyShower": 1.0, "PassEasyToilet": 4.0, "PassEasyWay": 1.0, "WheelchairAuditorium": 18.0 }, "geometry": { "type": "Point", "coordinates": [ 121.532928943634005, 25.1134563427443 ] } },
{ "type": "Feature", "properties": { "GymType": "球類運動設施/棒球場", "Name": "臺北市中山區迎風河濱運動公園", "Addr": "臺北市 松山區 塔悠街與撫遠街389巷 交叉口 (基6號水門進入)", "OperationTel": "02-25702330#6520", "WebUrl": "https://vbs.sports.taipei/", "Lat": 25.073360196188698, "Lng": 121.545074660445, "PassEasyEle": 0.0, "PassEasyParking": 0.0, "PassEasyShower": 0.0, "PassEasyToilet": 0.0, "PassEasyWay": 0.0, "WheelchairAuditorium": 0.0 }, "geometry": { "type": "Point", "coordinates": [ 121.545074660444996, 25.073360196188698 ] } },
{ "type": "Feature", "properties": { "GymType": "水上/冰上運動設施/游泳池", "Name": "景美游泳池", "Addr": "臺北市 文山區 羅斯福路5段176巷50號1樓", "OperationTel": "02-29353602", "WebUrl": "https://sports.gov.taipei/", "Lat": 25.003645761680399, "Lng": 121.536414474249, "PassEasyEle": 0.0, "PassEasyParking": 0.0, "PassEasyShower": 2.0, "PassEasyToilet": 1.0, "PassEasyWay": 1.0, "WheelchairAuditorium": 0.0 }, "geometry": { "type": "Point", "coordinates": [ 121.536414474249, 25.003645761680399 ] } },
{ "type": "Feature", "properties": { "GymType": "球類運動設施/籃球場館", "Name": "新生高架橋下運動場", "Addr": "八德路 與 市民大道間新生高架橋下", "OperationTel": "02-25702330", "WebUrl": "https://sports.tms.gov.tw/venues/?K=261", "Lat": 25.042760777609399, "Lng": 121.53183326125099, "PassEasyEle": 0.0, "PassEasyParking": 0.0, "PassEasyShower": 0.0, "PassEasyToilet": 0.0, "PassEasyWay": 0.0, "WheelchairAuditorium": 0.0 }, "geometry": { "type": "Point", "coordinates": [ 121.531833261250995, 25.042760777609399 ] } },
{ "type": "Feature", "properties": { "GymType": "冒險性運動設施/極限運動場", "Name": "臺北市極限運動訓練中心", "Addr": "臺北市 南港區 忠孝東路七段382號", "OperationTel": "02-25702330", "WebUrl": "https://sports.gov.taipei/", "Lat": 25.051911633152798, "Lng": 121.607284075488, "PassEasyEle": 0.0, "PassEasyParking": 3.0, "PassEasyShower": 1.0, "PassEasyToilet": 1.0, "PassEasyWay": 1.0, "WheelchairAuditorium": 0.0 }, "geometry": { "type": "Point", "coordinates": [ 121.607284075487996, 25.051911633152798 ] } },
{ "type": "Feature", "properties": { "GymType": "球類運動設施/網球場館", "Name": "臺北市中山區大佳河濱公園", "Addr": "臺北市 中山區 圓山橋下10號水門 大直橋至中山橋(大佳段)（基隆河左岸）", "OperationTel": "02-25702330#6520", "WebUrl": "https://vbs.sports.taipei/", "Lat": 25.0748030086739, "Lng": 121.53554677963299, "PassEasyEle": 0.0, "PassEasyParking": 0.0, "PassEasyShower": 0.0, "PassEasyToilet": 0.0, "PassEasyWay": 0.0, "WheelchairAuditorium": 0.0 }, "geometry": { "type": "Point", "coordinates": [ 121.535546779632995, 25.0748030086739 ] } },
{ "type": "Feature", "properties": { "GymType": "球類運動設施/棒球場", "Name": "青年公園棒球場", "Addr": "臺北市 萬華區 水源路199號", "OperationTel": "02-25702330#6513", "WebUrl": "https://sports.gov.taipei/Default.aspx", "Lat": 25.023371009527299, "Lng": 121.503489017487, "PassEasyEle": 0.0, "PassEasyParking": 0.0, "PassEasyShower": 1.0, "PassEasyToilet": 1.0, "PassEasyWay": 0.0, "WheelchairAuditorium": 0.0 }, "geometry": { "type": "Point", "coordinates": [ 121.503489017486999, 25.023371009527299 ] } },
{ "type": "Feature", "properties": { "GymType": "球類運動設施/足球場館", "Name": "華中河濱公園", "Addr": "華中橋下游約100M兒童遊戲區旁溜冰場", "OperationTel": "02-25702330#6654", "WebUrl": "https://iplay.sa.gov.tw/Gym/Edit/23104?", "Lat": 25.0162350175382, "Lng": 121.494407057762, "PassEasyEle": 0.0, "PassEasyParking": 0.0, "PassEasyShower": 0.0, "PassEasyToilet": 0.0, "PassEasyWay": 0.0, "WheelchairAuditorium": 0.0 }, "geometry": { "type": "Point", "coordinates": [ 121.494407057762004, 25.0162350175382 ] } },
{ "type": "Feature", "properties": { "GymType": "球類運動設施/籃球場館", "Name": "士林區百齡河濱公園", "Addr": "臺北市士林區通河東街1及2段堤外", "OperationTel": "02-25702330#6508", "WebUrl": "https://vbs.sports.taipei/venues/", "Lat": 25.088431323965001, "Lng": 121.51494741439799, "PassEasyEle": 0.0, "PassEasyParking": 0.0, "PassEasyShower": 0.0, "PassEasyToilet": 0.0, "PassEasyWay": 0.0, "WheelchairAuditorium": 0.0 }, "geometry": { "type": "Point", "coordinates": [ 121.514947414397994, 25.088431323965001 ] } },
{ "type": "Feature", "properties": { "GymType": "球類運動設施/籃球場館", "Name": "臺北體育館", "Addr": "臺北市 松山區 南京東路4段10號", "OperationTel": "02-25702330#6552", "WebUrl": "https://sports.gov.taipei/", "Lat": 25.0514102719976, "Lng": 121.552369594574, "PassEasyEle": 1.0, "PassEasyParking": 1.0, "PassEasyShower": 0.0, "PassEasyToilet": 6.0, "PassEasyWay": 1.0, "WheelchairAuditorium": 18.0 }, "geometry": { "type": "Point", "coordinates": [ 121.552369594574003, 25.0514102719976 ] } },
{ "type": "Feature", "properties": { "GymType": "球類運動設施/排球場館", "Name": "排球場館", "Addr": "臺北市士林區翠山里至善路2段321號", "OperationTel": "02-28411487#154", "WebUrl": "http://www.wlgsh.tp.edu.tw", "Lat": 25.102811073437302, "Lng": 121.552922129631, "PassEasyEle": 1.0, "PassEasyParking": 1.0, "PassEasyShower": 0.0, "PassEasyToilet": 1.0, "PassEasyWay": 1.0, "WheelchairAuditorium": 0.0 }, "geometry": { "type": "Point", "coordinates": [ 121.552922129631, 25.102811073437302 ] } },
{ "type": "Feature", "properties": { "GymType": "球類運動設施/籃球場館", "Name": "衛理女中室外球場", "Addr": "臺北市士林區翠山里至善路2段321號", "OperationTel": "02-28411487#154", "WebUrl": "http://www.wlgsh.tp.edu.tw", "Lat": 25.101941535254699, "Lng": 121.551039218903, "PassEasyEle": 0.0, "PassEasyParking": 0.0, "PassEasyShower": 0.0, "PassEasyToilet": 0.0, "PassEasyWay": 0.0, "WheelchairAuditorium": 0.0 }, "geometry": { "type": "Point", "coordinates": [ 121.551039218903, 25.101941535254699 ] } },
{ "type": "Feature", "properties": { "GymType": "球類運動設施/羽球場館", "Name": "中興中學羽球場", "Addr": "臺北市中山區力行里朱崙街42號", "OperationTel": "(02)27412542#217", "WebUrl": "http://www.chsh.tp.edu.tw", "Lat": 25.049873163467101, "Lng": 121.541973352432, "PassEasyEle": null, "PassEasyParking": null, "PassEasyShower": null, "PassEasyToilet": null, "PassEasyWay": null, "WheelchairAuditorium": null }, "geometry": { "type": "Point", "coordinates": [ 121.541973352431995, 25.049873163467101 ] } },
{ "type": "Feature", "properties": { "GymType": "球類運動設施/籃球場館", "Name": "稻江護家籃球場", "Addr": "臺北市中山區新生北路三段55號", "OperationTel": "(02)25955161", "WebUrl": "http://www.tcnvs.tp.edu.tw", "Lat": 25.065541690681801, "Lng": 121.529066562653, "PassEasyEle": null, "PassEasyParking": null, "PassEasyShower": null, "PassEasyToilet": null, "PassEasyWay": null, "WheelchairAuditorium": null }, "geometry": { "type": "Point", "coordinates": [ 121.529066562653, 25.065541690681801 ] } },
{ "type": "Feature", "properties": { "GymType": "球類運動設施/籃球場館", "Name": "中國文化大學室外運動球場", "Addr": "臺北市士林區華岡路55號", "OperationTel": "0935957111", "WebUrl": "http://www.pccu.edu.tw", "Lat": 25.135795521119899, "Lng": 121.53930187225301, "PassEasyEle": 0.0, "PassEasyParking": 0.0, "PassEasyShower": 0.0, "PassEasyToilet": 0.0, "PassEasyWay": 0.0, "WheelchairAuditorium": 0.0 }, "geometry": { "type": "Point", "coordinates": [ 121.539301872253006, 25.135795521119899 ] } },
{ "type": "Feature", "properties": { "GymType": "球類運動設施/籃球場館", "Name": "復興實驗高中大禮堂(體育館)", "Addr": "臺北市大安區敦化南路1段262 號", "OperationTel": "02-27715859#172", "WebUrl": "http://www.fhjh.tp.edu.tw", "Lat": 25.039497784384999, "Lng": 121.547484293301, "PassEasyEle": 2.0, "PassEasyParking": 2.0, "PassEasyShower": 1.0, "PassEasyToilet": 2.0, "PassEasyWay": 7.0, "WheelchairAuditorium": 0.0 }, "geometry": { "type": "Point", "coordinates": [ 121.547484293300997, 25.039497784384999 ] } },
{ "type": "Feature", "properties": { "GymType": "水上/冰上運動設施/游泳池", "Name": "啟明學校游泳池(館)", "Addr": "臺北市士林區忠誠路二段207巷1號", "OperationTel": "02-28740670#1203", "WebUrl": "http://www.tmsb.tp.edu.tw/", "Lat": 25.11691348782, "Lng": 121.534935235977, "PassEasyEle": 2.0, "PassEasyParking": 1.0, "PassEasyShower": 4.0, "PassEasyToilet": 3.0, "PassEasyWay": 6.0, "WheelchairAuditorium": 6.0 }, "geometry": { "type": "Point", "coordinates": [ 121.534935235977002, 25.11691348782 ] } },
{ "type": "Feature", "properties": { "GymType": "球類運動設施/籃球場館", "Name": "康寧大學台北校區野聲館", "Addr": "臺北市內湖區康寧路三段75巷137號", "OperationTel": "02-26321181#451", "WebUrl": "http://www.ukn.edu.tw", "Lat": 25.076445288912598, "Lng": 121.610466241837, "PassEasyEle": 0.0, "PassEasyParking": 0.0, "PassEasyShower": 0.0, "PassEasyToilet": 0.0, "PassEasyWay": 1.0, "WheelchairAuditorium": 0.0 }, "geometry": { "type": "Point", "coordinates": [ 121.610466241837003, 25.076445288912598 ] } },
{ "type": "Feature", "properties": { "GymType": "球類運動設施/籃球場館", "Name": "國防醫學院活動中心", "Addr": "臺北市內湖區民權東路六段161號 ", "OperationTel": "(02)87923144", "WebUrl": "http://www.ndmctsgh.edu.tw/", "Lat": 25.072095141472701, "Lng": 121.597173213959, "PassEasyEle": null, "PassEasyParking": null, "PassEasyShower": null, "PassEasyToilet": null, "PassEasyWay": null, "WheelchairAuditorium": null }, "geometry": { "type": "Point", "coordinates": [ 121.597173213958996, 25.072095141472701 ] } },
{ "type": "Feature", "properties": { "GymType": "陸上/射擊運動設施/田徑場", "Name": "國防醫學院田徑場", "Addr": "臺北市內湖區民權東路六段161號 ", "OperationTel": "(02)87923144", "WebUrl": "http://www.ndmctsgh.edu.tw/", "Lat": 25.071732468291898, "Lng": 121.59875035285999, "PassEasyEle": null, "PassEasyParking": null, "PassEasyShower": null, "PassEasyToilet": null, "PassEasyWay": null, "WheelchairAuditorium": null }, "geometry": { "type": "Point", "coordinates": [ 121.598750352859994, 25.071732468291898 ] } },
{ "type": "Feature", "properties": { "GymType": "球類運動設施/籃球場館", "Name": "強恕中學體育館", "Addr": "臺北市中正區板溪里汀州路二段143號", "OperationTel": "02-23656571", "WebUrl": "http://www.qshs.tp.edu.tw", "Lat": 25.025903506399899, "Lng": 121.515043973923, "PassEasyEle": 0.0, "PassEasyParking": 0.0, "PassEasyShower": 0.0, "PassEasyToilet": 0.0, "PassEasyWay": 0.0, "WheelchairAuditorium": 0.0 }, "geometry": { "type": "Point", "coordinates": [ 121.515043973922999, 25.025903506399899 ] } },
{ "type": "Feature", "properties": { "GymType": "球類運動設施/籃球場館", "Name": "景文高中籃球場", "Addr": "臺北市文山區木新里保儀路127號", "OperationTel": "02-29390310", "WebUrl": "http://www.jwsh.tp.edu.tw", "Lat": 24.985001716382399, "Lng": 121.568599641323, "PassEasyEle": null, "PassEasyParking": null, "PassEasyShower": null, "PassEasyToilet": null, "PassEasyWay": null, "WheelchairAuditorium": null }, "geometry": { "type": "Point", "coordinates": [ 121.568599641323004, 24.985001716382399 ] } },
{ "type": "Feature", "properties": { "GymType": "球類運動設施/排球場館", "Name": "景文高中排球場", "Addr": "臺北市文山區木新里保儀路127號", "OperationTel": "02-29390310", "WebUrl": "http://www.jwsh.tp.edu.tw", "Lat": 24.985437241350802, "Lng": 121.568259000778, "PassEasyEle": 4.0, "PassEasyParking": 0.0, "PassEasyShower": 0.0, "PassEasyToilet": 20.0, "PassEasyWay": 2.0, "WheelchairAuditorium": 0.0 }, "geometry": { "type": "Point", "coordinates": [ 121.568259000777999, 24.985437241350802 ] } },
{ "type": "Feature", "properties": { "GymType": "球類運動設施/桌球場館", "Name": "景文高中桌球場", "Addr": "臺北市文山區木新里保儀路127號", "OperationTel": "02-29390310", "WebUrl": "http://www.jwsh.tp.edu.tw", "Lat": 24.984925473822901, "Lng": 121.568945646286, "PassEasyEle": null, "PassEasyParking": null, "PassEasyShower": null, "PassEasyToilet": null, "PassEasyWay": null, "WheelchairAuditorium": null }, "geometry": { "type": "Point", "coordinates": [ 121.568945646285997, 24.984925473822901 ] } },
{ "type": "Feature", "properties": { "GymType": "陸上/射擊運動設施/環形或直線慢跑場（非田徑場）", "Name": "祐德中學環形/直線慢跑道(非田徑場型)", "Addr": "臺北市信義區忠孝東路5段790巷27號", "OperationTel": "(02)27278280", "WebUrl": "http://www.ytsh.tp.edu.tw", "Lat": 25.041730257628998, "Lng": 121.58404648304, "PassEasyEle": null, "PassEasyParking": null, "PassEasyShower": null, "PassEasyToilet": null, "PassEasyWay": null, "WheelchairAuditorium": null }, "geometry": { "type": "Point", "coordinates": [ 121.584046483039998, 25.041730257628998 ] } },
{ "type": "Feature", "properties": { "GymType": "水上/冰上運動設施/游泳池", "Name": "臺灣警察專科學校游泳池(館)", "Addr": "臺北市文山區興隆路三段 153 號", "OperationTel": "(02)22308512-4", "WebUrl": "http://www.tpa.edu.tw/", "Lat": 24.9990755046157, "Lng": 121.560090775893, "PassEasyEle": null, "PassEasyParking": null, "PassEasyShower": null, "PassEasyToilet": null, "PassEasyWay": null, "WheelchairAuditorium": null }, "geometry": { "type": "Point", "coordinates": [ 121.560090775893002, 24.9990755046157 ] } },
{ "type": "Feature", "properties": { "GymType": "球類運動設施/籃球場館", "Name": "臺灣警察專科學校籃球場", "Addr": "臺北市文山區興隆路三段 153 號", "OperationTel": "(02)22308512-4", "WebUrl": "http://www.tpa.edu.tw/", "Lat": 24.998914415061201, "Lng": 121.560916900935, "PassEasyEle": null, "PassEasyParking": null, "PassEasyShower": null, "PassEasyToilet": null, "PassEasyWay": null, "WheelchairAuditorium": null }, "geometry": { "type": "Point", "coordinates": [ 121.560916900934998, 24.998914415061201 ] } },
{ "type": "Feature", "properties": { "GymType": "技擊運動設施/柔道場", "Name": "臺灣警察專科學校體育館", "Addr": "臺北市文山區興隆路三段 153 號", "OperationTel": "(02)22308512-4", "WebUrl": "http://www.tpa.edu.tw/", "Lat": 25.000522058695001, "Lng": 121.56049489953099, "PassEasyEle": null, "PassEasyParking": null, "PassEasyShower": null, "PassEasyToilet": null, "PassEasyWay": null, "WheelchairAuditorium": null }, "geometry": { "type": "Point", "coordinates": [ 121.560494899530994, 25.000522058695001 ] } },
{ "type": "Feature", "properties": { "GymType": "陸上/射擊運動設施/田徑場", "Name": "華興小學田徑場", "Addr": "臺北市士林區芝山里仰德大道1段101號", "OperationTel": "02-28316834", "WebUrl": "http://www.hhhs.tp.edu.tw", "Lat": 25.1049694151959, "Lng": 121.53950889005699, "PassEasyEle": 0.0, "PassEasyParking": 0.0, "PassEasyShower": 0.0, "PassEasyToilet": null, "PassEasyWay": 0.0, "WheelchairAuditorium": 0.0 }, "geometry": { "type": "Point", "coordinates": [ 121.539508890056993, 25.1049694151959 ] } },
{ "type": "Feature", "properties": { "GymType": "球類運動設施/籃球場館", "Name": "祐德中學籃球場", "Addr": "臺北市信義區忠孝東路5段790巷27號", "OperationTel": "(02)27278280", "WebUrl": "http://www.ytsh.tp.edu.tw", "Lat": 25.041768361288799, "Lng": 121.584057211876, "PassEasyEle": null, "PassEasyParking": null, "PassEasyShower": null, "PassEasyToilet": null, "PassEasyWay": null, "WheelchairAuditorium": null }, "geometry": { "type": "Point", "coordinates": [ 121.584057211876001, 25.041768361288799 ] } },
{ "type": "Feature", "properties": { "GymType": "舞蹈運動設施/多功能舞蹈運動教室（含舞蹈教室/韻律教室/瑜珈教室等類型空間）", "Name": "華岡藝校舞蹈教室", "Addr": "臺北市士林區建業路73巷8號", "OperationTel": "02-28612354", "WebUrl": "http://www.hka.edu.tw", "Lat": 25.137213589562599, "Lng": 121.549011468887, "PassEasyEle": 0.0, "PassEasyParking": 0.0, "PassEasyShower": 0.0, "PassEasyToilet": 1.0, "PassEasyWay": 1.0, "WheelchairAuditorium": 0.0 }, "geometry": { "type": "Point", "coordinates": [ 121.549011468887002, 25.137213589562599 ] } },
{ "type": "Feature", "properties": { "GymType": "球類運動設施/羽球場館", "Name": "薇閣高中羽球場(館)", "Addr": "臺北市北投區中心里珠海路50號", "OperationTel": "(02)28913630轉330", "WebUrl": "http://www.wghs.tp.edu.tw", "Lat": 25.139758806299199, "Lng": 121.50313835614701, "PassEasyEle": null, "PassEasyParking": null, "PassEasyShower": null, "PassEasyToilet": null, "PassEasyWay": null, "WheelchairAuditorium": null }, "geometry": { "type": "Point", "coordinates": [ 121.503138356147005, 25.139758806299199 ] } },
{ "type": "Feature", "properties": { "GymType": "球類運動設施/籃球場館", "Name": "臺北護理健康大學體育館", "Addr": "臺北市北投區明德路365號", "OperationTel": "02-28227101#2901", "WebUrl": "http://www.ntunhs.edu.tw/bin/home.php", "Lat": 25.118417989333, "Lng": 121.518627405167, "PassEasyEle": null, "PassEasyParking": null, "PassEasyShower": null, "PassEasyToilet": null, "PassEasyWay": null, "WheelchairAuditorium": null }, "geometry": { "type": "Point", "coordinates": [ 121.518627405166995, 25.118417989333 ] } },
{ "type": "Feature", "properties": { "GymType": "陸上/射擊運動設施/田徑場", "Name": "臺北護理健康大學田徑場", "Addr": "臺北市北投區明德路365號", "OperationTel": "(02)28227101#2901", "WebUrl": "http://www.ntunhs.edu.tw/bin/home.php", "Lat": 25.117762276664902, "Lng": 121.51929259300201, "PassEasyEle": null, "PassEasyParking": null, "PassEasyShower": null, "PassEasyToilet": null, "PassEasyWay": null, "WheelchairAuditorium": null }, "geometry": { "type": "Point", "coordinates": [ 121.519292593002007, 25.117762276664902 ] } },
{ "type": "Feature", "properties": { "GymType": "球類運動設施/滾球場", "Name": "臺北護理健康大學滾球場", "Addr": "臺北市北投區明德路365號", "OperationTel": "(02)28227101#2901", "WebUrl": "http://www.ntunhs.edu.tw/bin/home.php", "Lat": 25.117363990215601, "Lng": 121.520107984543, "PassEasyEle": null, "PassEasyParking": null, "PassEasyShower": null, "PassEasyToilet": null, "PassEasyWay": null, "WheelchairAuditorium": null }, "geometry": { "type": "Point", "coordinates": [ 121.520107984543003, 25.117363990215601 ] } },
{ "type": "Feature", "properties": { "GymType": "陸上/射擊運動設施/田徑場", "Name": "薇閣小學田徑場", "Addr": "臺北市北投區長安里育仁路106號", "OperationTel": "(02)28912668", "WebUrl": "http://www.wgps.tp.edu.tw", "Lat": 25.1361257577076, "Lng": 121.500881910324, "PassEasyEle": null, "PassEasyParking": null, "PassEasyShower": null, "PassEasyToilet": null, "PassEasyWay": null, "WheelchairAuditorium": null }, "geometry": { "type": "Point", "coordinates": [ 121.500881910323997, 25.1361257577076 ] } },
{ "type": "Feature", "properties": { "GymType": "球類運動設施/籃球場館", "Name": "復興國小活動中心", "Addr": "臺北市大安區仁愛里敦化南路1段262號", "OperationTel": "02-27715859", "WebUrl": "http://www.fhjh.tp.edu.tw", "Lat": 25.0392347094934, "Lng": 121.548419237006, "PassEasyEle": 2.0, "PassEasyParking": 2.0, "PassEasyShower": 1.0, "PassEasyToilet": 2.0, "PassEasyWay": 7.0, "WheelchairAuditorium": 0.0 }, "geometry": { "type": "Point", "coordinates": [ 121.548419237006001, 25.0392347094934 ] } },
{ "type": "Feature", "properties": { "GymType": "陸上/射擊運動設施/田徑場", "Name": "臺北教大實小田徑場", "Addr": "臺北市大安區龍淵里和平東路2段94號", "OperationTel": "02-27356186", "WebUrl": "http://www.ntueees.tp.edu.tw", "Lat": 25.024377014734899, "Lng": 121.540712714195, "PassEasyEle": 0.0, "PassEasyParking": 0.0, "PassEasyShower": 0.0, "PassEasyToilet": 0.0, "PassEasyWay": 0.0, "WheelchairAuditorium": 0.0 }, "geometry": { "type": "Point", "coordinates": [ 121.540712714194996, 25.024377014734899 ] } },
{ "type": "Feature", "properties": { "GymType": "球類運動設施/籃球場館", "Name": "華興中學體育館", "Addr": "臺北市士林區芝山里仰德大道1段101號", "OperationTel": "02-28316834#234", "WebUrl": "http://www.hhhs.tp.edu.tw", "Lat": 25.106063382694501, "Lng": 121.537917852402, "PassEasyEle": null, "PassEasyParking": null, "PassEasyShower": null, "PassEasyToilet": null, "PassEasyWay": null, "WheelchairAuditorium": null }, "geometry": { "type": "Point", "coordinates": [ 121.537917852402003, 25.106063382694501 ] } },
{ "type": "Feature", "properties": { "GymType": "球類運動設施/籃球場館", "Name": "再興小學戶外籃球場", "Addr": "臺北市文山區明義里興隆路4段2號", "OperationTel": "02-29371118#223", "WebUrl": "http://www.tsps.tp.edu.tw", "Lat": 24.989917092758901, "Lng": 121.558240706058, "PassEasyEle": 2.0, "PassEasyParking": 6.0, "PassEasyShower": 0.0, "PassEasyToilet": 2.0, "PassEasyWay": 2.0, "WheelchairAuditorium": 0.0 }, "geometry": { "type": "Point", "coordinates": [ 121.558240706058001, 24.989917092758901 ] } },
{ "type": "Feature", "properties": { "GymType": "水上/冰上運動設施/游泳池", "Name": "滬江高中室內溫水游泳池", "Addr": "臺北市文山區景美里羅斯福路6段336號", "OperationTel": "02-86631122#224", "WebUrl": "http://www.hchs.tp.edu.tw", "Lat": 24.9896138175049, "Lng": 121.537906882095, "PassEasyEle": 1.0, "PassEasyParking": 1.0, "PassEasyShower": 1.0, "PassEasyToilet": 1.0, "PassEasyWay": 0.0, "WheelchairAuditorium": 0.0 }, "geometry": { "type": "Point", "coordinates": [ 121.537906882095001, 24.9896138175049 ] } },
{ "type": "Feature", "properties": { "GymType": "球類運動設施/籃球場館", "Name": "臺北市大安運動中心", "Addr": "臺北市 大安區 辛亥路三段55號", "OperationTel": "02-23770300", "WebUrl": "https://www.daansports.com.tw/zh_TW/index", "Lat": 25.0205334329641, "Lng": 121.545778736472, "PassEasyEle": 1.0, "PassEasyParking": 4.0, "PassEasyShower": 2.0, "PassEasyToilet": 4.0, "PassEasyWay": 1.0, "WheelchairAuditorium": 0.0 }, "geometry": { "type": "Point", "coordinates": [ 121.545778736472002, 25.0205334329641 ] } },
{ "type": "Feature", "properties": { "GymType": "球類運動設施/籃球場館", "Name": "光仁小學B2活動中心", "Addr": "臺北市萬華區壽德里萬大路423巷15號", "OperationTel": "07-23032874#834", "WebUrl": "http://www.kjes.tp.edu.tw", "Lat": 25.021446082517901, "Lng": 121.49965614080401, "PassEasyEle": 0.0, "PassEasyParking": 0.0, "PassEasyShower": 0.0, "PassEasyToilet": 0.0, "PassEasyWay": 0.0, "WheelchairAuditorium": 0.0 }, "geometry": { "type": "Point", "coordinates": [ 121.499656140804007, 25.021446082517901 ] } },
{ "type": "Feature", "properties": { "GymType": "球類運動設施/籃球場館", "Name": "臺北市內湖運動中心", "Addr": "臺北市 內湖區 洲子街12號", "OperationTel": "02-26562869", "WebUrl": "https://nhsc.cyc.org.tw/", "Lat": 25.0782916131744, "Lng": 121.575200557709, "PassEasyEle": 1.0, "PassEasyParking": 2.0, "PassEasyShower": 0.0, "PassEasyToilet": 6.0, "PassEasyWay": 0.0, "WheelchairAuditorium": 0.0 }, "geometry": { "type": "Point", "coordinates": [ 121.575200557708996, 25.0782916131744 ] } },
{ "type": "Feature", "properties": { "GymType": "球類運動設施/籃球場館", "Name": "龍門國中體育館(游泳池)", "Addr": "臺北市大安區建國南路二段269號9號", "OperationTel": "02-27390722", "WebUrl": "http://www.lmjh.tp.edu.tw", "Lat": 25.0237338753413, "Lng": 121.53824926275399, "PassEasyEle": 1.0, "PassEasyParking": 14.0, "PassEasyShower": 8.0, "PassEasyToilet": 2.0, "PassEasyWay": 3.0, "WheelchairAuditorium": 2.0 }, "geometry": { "type": "Point", "coordinates": [ 121.538249262753993, 25.0237338753413 ] } },
{ "type": "Feature", "properties": { "GymType": "球類運動設施/籃球場館", "Name": "臺北市立大學附設實驗國民小學活動中心", "Addr": "臺北市中正區黎明里公園路29號", "OperationTel": "02-23110395#823", "WebUrl": "http://new.estmue.tp.edu.tw/index.php", "Lat": 25.036190933752501, "Lng": 121.515365839005, "PassEasyEle": 0.0, "PassEasyParking": 0.0, "PassEasyShower": 0.0, "PassEasyToilet": 0.0, "PassEasyWay": 0.0, "WheelchairAuditorium": 0.0 }, "geometry": { "type": "Point", "coordinates": [ 121.515365839005, 25.036190933752501 ] } },
{ "type": "Feature", "properties": { "GymType": "陸上/射擊運動設施/田徑場", "Name": "臺北市立大學附設實驗國民小學田徑場", "Addr": "臺北市中正區黎明里公園路29號", "OperationTel": "02-23110395#823", "WebUrl": "http://new.estmue.tp.edu.tw/index.php", "Lat": 25.0359017407512, "Lng": 121.515794992447, "PassEasyEle": 0.0, "PassEasyParking": 0.0, "PassEasyShower": 0.0, "PassEasyToilet": 0.0, "PassEasyWay": 0.0, "WheelchairAuditorium": 0.0 }, "geometry": { "type": "Point", "coordinates": [ 121.515794992446999, 25.0359017407512 ] } },
{ "type": "Feature", "properties": { "GymType": "球類運動設施/籃球場館", "Name": "木柵國中籃球場", "Addr": "臺北市文山區木柵路3段102巷12號", "OperationTel": "02-29393031", "WebUrl": "http://www.mcjhs.tp.edu.tw", "Lat": 24.987536171348498, "Lng": 121.56723976135299, "PassEasyEle": 0.0, "PassEasyParking": 0.0, "PassEasyShower": 0.0, "PassEasyToilet": 0.0, "PassEasyWay": 0.0, "WheelchairAuditorium": 0.0 }, "geometry": { "type": "Point", "coordinates": [ 121.567239761352994, 24.987536171348498 ] } },
{ "type": "Feature", "properties": { "GymType": "水上/冰上運動設施/游泳池", "Name": "臺北市立大學附設實驗國民小學游泳池(館)", "Addr": "臺北市中正區黎明里公園路29號", "OperationTel": "02-23110395", "WebUrl": "http://new.estmue.tp.edu.tw/index.php", "Lat": 25.036470405332899, "Lng": 121.516218781471, "PassEasyEle": 1.0, "PassEasyParking": 0.0, "PassEasyShower": 1.0, "PassEasyToilet": 1.0, "PassEasyWay": 1.0, "WheelchairAuditorium": 0.0 }, "geometry": { "type": "Point", "coordinates": [ 121.516218781470997, 25.036470405332899 ] } },
{ "type": "Feature", "properties": { "GymType": "陸上/射擊運動設施/田徑場", "Name": "修德國小操場", "Addr": "臺北市南港區東新街118巷86號", "OperationTel": "02-27880500", "WebUrl": "http://www.sdps.tp.edu.tw", "Lat": 25.044669575081699, "Lng": 121.588971018791, "PassEasyEle": 0.0, "PassEasyParking": 1.0, "PassEasyShower": 1.0, "PassEasyToilet": 1.0, "PassEasyWay": 1.0, "WheelchairAuditorium": 0.0 }, "geometry": { "type": "Point", "coordinates": [ 121.588971018791, 25.044669575081699 ] } },
{ "type": "Feature", "properties": { "GymType": "球類運動設施/籃球場館", "Name": "誠正國中活動中心", "Addr": "臺北市南港區新富里富康街1巷24號", "OperationTel": "02-27828094#1314", "WebUrl": "http://163.21.132.5", "Lat": 25.0541530998638, "Lng": 121.61958950756301, "PassEasyEle": null, "PassEasyParking": null, "PassEasyShower": null, "PassEasyToilet": null, "PassEasyWay": null, "WheelchairAuditorium": null }, "geometry": { "type": "Point", "coordinates": [ 121.619589507563006, 25.0541530998638 ] } },
{ "type": "Feature", "properties": { "GymType": "球類運動設施/排球場館", "Name": "修德國小排球場", "Addr": "臺北市南港區東新街118巷86號", "OperationTel": "02-27880500", "WebUrl": "http://www.sdps.tp.edu.tw", "Lat": 25.044815376340601, "Lng": 121.58940017223399, "PassEasyEle": 0.0, "PassEasyParking": 1.0, "PassEasyShower": 1.0, "PassEasyToilet": 1.0, "PassEasyWay": 1.0, "WheelchairAuditorium": 0.0 }, "geometry": { "type": "Point", "coordinates": [ 121.589400172233994, 25.044815376340601 ] } },
{ "type": "Feature", "properties": { "GymType": "球類運動設施/手球場", "Name": "修德國小綜合球場", "Addr": "臺北市南港區東新街118巷86號", "OperationTel": "02-27880500", "WebUrl": "http://www.sdps.tp.edu.tw", "Lat": 25.045296519265101, "Lng": 121.588981747627, "PassEasyEle": 0.0, "PassEasyParking": 1.0, "PassEasyShower": 1.0, "PassEasyToilet": 2.0, "PassEasyWay": 1.0, "WheelchairAuditorium": 0.0 }, "geometry": { "type": "Point", "coordinates": [ 121.588981747627003, 25.045296519265101 ] } },
{ "type": "Feature", "properties": { "GymType": "球類運動設施/籃球場館", "Name": "東門國小活動中心", "Addr": "臺北市中正區東門里仁愛路一段2-4號", "OperationTel": "02-23412822#27", "WebUrl": "http://www.tmps.tp.edu.tw", "Lat": 25.038103478705899, "Lng": 121.519839763641, "PassEasyEle": 1.0, "PassEasyParking": 1.0, "PassEasyShower": 3.0, "PassEasyToilet": 3.0, "PassEasyWay": 1.0, "WheelchairAuditorium": 0.0 }, "geometry": { "type": "Point", "coordinates": [ 121.519839763641002, 25.038103478705899 ] } },
{ "type": "Feature", "properties": { "GymType": "陸上/射擊運動設施/田徑場", "Name": "東門國小操場", "Addr": "臺北市中正區東門里仁愛路一段2-4號", "OperationTel": "02-23412822#27", "WebUrl": "http://www.tmps.tp.edu.tw", "Lat": 25.038190964165899, "Lng": 121.520569324493, "PassEasyEle": null, "PassEasyParking": null, "PassEasyShower": null, "PassEasyToilet": null, "PassEasyWay": null, "WheelchairAuditorium": null }, "geometry": { "type": "Point", "coordinates": [ 121.520569324492996, 25.038190964165899 ] } },
{ "type": "Feature", "properties": { "GymType": "陸上/射擊運動設施/田徑場", "Name": "文湖國小田徑場", "Addr": "臺北市內湖區西康里文湖街15號", "OperationTel": "02-26583515#1054", "WebUrl": "http://www.whups.tp.edu.tw", "Lat": 25.0864053923599, "Lng": 121.56033039093001, "PassEasyEle": 0.0, "PassEasyParking": 0.0, "PassEasyShower": 0.0, "PassEasyToilet": 0.0, "PassEasyWay": 1.0, "WheelchairAuditorium": 0.0 }, "geometry": { "type": "Point", "coordinates": [ 121.560330390930005, 25.0864053923599 ] } },
{ "type": "Feature", "properties": { "GymType": "球類運動設施/籃球場館", "Name": "信義國中活動中心", "Addr": "臺北市信義區松仁路158巷1號", "OperationTel": "02-27236771", "WebUrl": "http://www.syijh.tp.edu.tw", "Lat": 25.0288296661167, "Lng": 121.56791567802399, "PassEasyEle": 0.0, "PassEasyParking": 0.0, "PassEasyShower": 0.0, "PassEasyToilet": 0.0, "PassEasyWay": 0.0, "WheelchairAuditorium": 0.0 }, "geometry": { "type": "Point", "coordinates": [ 121.567915678023994, 25.0288296661167 ] } },
{ "type": "Feature", "properties": { "GymType": "水上/冰上運動設施/游泳池", "Name": "信義國中游泳池(館)", "Addr": "臺北市11058信義區松仁路158巷1號", "OperationTel": "02-27236771", "WebUrl": "http://www.syijh.tp.edu.tw", "Lat": 25.0289730558709, "Lng": 121.56673282384899, "PassEasyEle": 0.0, "PassEasyParking": 2.0, "PassEasyShower": 1.0, "PassEasyToilet": 1.0, "PassEasyWay": 2.0, "WheelchairAuditorium": 0.0 }, "geometry": { "type": "Point", "coordinates": [ 121.566732823848994, 25.0289730558709 ] } },
{ "type": "Feature", "properties": { "GymType": "球類運動設施/籃球場館", "Name": "華江國小活動中心", "Addr": "臺北市萬華區環河南路2段250巷42弄2號", "OperationTel": "02-23064352#134", "WebUrl": "http://web.hces.tp.edu.tw/front/bin/home.phtml", "Lat": 25.034197250083501, "Lng": 121.491249762476, "PassEasyEle": 1.0, "PassEasyParking": 0.0, "PassEasyShower": 0.0, "PassEasyToilet": 1.0, "PassEasyWay": 3.0, "WheelchairAuditorium": 0.0 }, "geometry": { "type": "Point", "coordinates": [ 121.491249762476002, 25.034197250083501 ] } },
{ "type": "Feature", "properties": { "GymType": "水上/冰上運動設施/游泳池", "Name": "雙園國中附設伊藤萬游泳學校", "Addr": "臺北市萬華區興義街2號", "OperationTel": "02-23030827", "WebUrl": "http://www.syjhs.tp.edu.tw/", "Lat": 25.0277350374372, "Lng": 121.49168998003, "PassEasyEle": 1.0, "PassEasyParking": 0.0, "PassEasyShower": 0.0, "PassEasyToilet": 0.0, "PassEasyWay": 1.0, "WheelchairAuditorium": 0.0 }, "geometry": { "type": "Point", "coordinates": [ 121.491689980030003, 25.0277350374372 ] } },
{ "type": "Feature", "properties": { "GymType": "球類運動設施/籃球場館", "Name": "信義國小活動中心", "Addr": "臺北市信義區松勤街60號", "OperationTel": "02-27204005", "WebUrl": "http://www.syes.tp.edu.tw", "Lat": 25.0312308148258, "Lng": 121.563087701797, "PassEasyEle": 1.0, "PassEasyParking": 2.0, "PassEasyShower": 1.0, "PassEasyToilet": 1.0, "PassEasyWay": 0.0, "WheelchairAuditorium": 0.0 }, "geometry": { "type": "Point", "coordinates": [ 121.563087701797002, 25.0312308148258 ] } },
{ "type": "Feature", "properties": { "GymType": "陸上/射擊運動設施/田徑場", "Name": "永春高中田徑場", "Addr": "臺北市信義區松隆里松山路654號", "OperationTel": "02-27272983#307", "WebUrl": "http://www.ycsh.tp.edu.tw", "Lat": 25.032164042129502, "Lng": 121.578505039215, "PassEasyEle": null, "PassEasyParking": null, "PassEasyShower": null, "PassEasyToilet": null, "PassEasyWay": null, "WheelchairAuditorium": null }, "geometry": { "type": "Point", "coordinates": [ 121.578505039215003, 25.032164042129502 ] } },
{ "type": "Feature", "properties": { "GymType": "陸上/射擊運動設施/田徑場", "Name": "木柵國中田徑場", "Addr": "臺北市文山區木柵路3段102巷12號", "OperationTel": "02-29393031", "WebUrl": "http://www.mcjhs.tp.edu.tw", "Lat": 24.987448649793301, "Lng": 121.567304134369, "PassEasyEle": 0.0, "PassEasyParking": 0.0, "PassEasyShower": 0.0, "PassEasyToilet": 0.0, "PassEasyWay": 0.0, "WheelchairAuditorium": 0.0 }, "geometry": { "type": "Point", "coordinates": [ 121.567304134368996, 24.987448649793301 ] } },
{ "type": "Feature", "properties": { "GymType": "球類運動設施/籃球場館", "Name": "雙園國中體育館", "Addr": "臺北市萬華區和德里興義街2號", "OperationTel": "02-23037605#137", "WebUrl": "http://www.syjhs.tp.edu.tw", "Lat": 25.0274249237312, "Lng": 121.49132251739501, "PassEasyEle": 1.0, "PassEasyParking": 0.0, "PassEasyShower": 0.0, "PassEasyToilet": 0.0, "PassEasyWay": 1.0, "WheelchairAuditorium": 0.0 }, "geometry": { "type": "Point", "coordinates": [ 121.491322517395005, 25.0274249237312 ] } },
{ "type": "Feature", "properties": { "GymType": "球類運動設施/籃球場館", "Name": "永春高中活動中心", "Addr": "臺北市信義區松隆里松山路654號", "OperationTel": "02-27272983", "WebUrl": "http://www.ycsh.tp.edu.tw", "Lat": 25.0340338778275, "Lng": 121.57833337783801, "PassEasyEle": 0.0, "PassEasyParking": 0.0, "PassEasyShower": 1.0, "PassEasyToilet": 1.0, "PassEasyWay": 1.0, "WheelchairAuditorium": 0.0 }, "geometry": { "type": "Point", "coordinates": [ 121.578333377838007, 25.0340338778275 ] } },
{ "type": "Feature", "properties": { "GymType": "球類運動設施/籃球場館", "Name": "志清國小籃球場", "Addr": "臺北市文山區景仁里景福街21巷5號", "OperationTel": "02-29323875#33", "WebUrl": "http://www.jcps.tp.edu.tw", "Lat": 24.9982959855591, "Lng": 121.53893709182699, "PassEasyEle": 1.0, "PassEasyParking": 0.0, "PassEasyShower": 0.0, "PassEasyToilet": 1.0, "PassEasyWay": 1.0, "WheelchairAuditorium": 0.0 }, "geometry": { "type": "Point", "coordinates": [ 121.538937091826995, 24.9982959855591 ] } },
{ "type": "Feature", "properties": { "GymType": "陸上/射擊運動設施/田徑場", "Name": "雙園國中田徑場", "Addr": "臺北市萬華區和德里興義街2號", "OperationTel": "02-23037605#137", "WebUrl": "http://www.syjhs.tp.edu.tw", "Lat": 25.027429784459098, "Lng": 121.491451263428, "PassEasyEle": 1.0, "PassEasyParking": 0.0, "PassEasyShower": 0.0, "PassEasyToilet": 0.0, "PassEasyWay": 1.0, "WheelchairAuditorium": 0.0 }, "geometry": { "type": "Point", "coordinates": [ 121.491451263428004, 25.027429784459098 ] } },
{ "type": "Feature", "properties": { "GymType": "球類運動設施/網球場館", "Name": "逸仙國小網球場、籃球場、躲避球場、樂樂棒球場", "Addr": "臺北市北投區中心里新民路2號", "OperationTel": "02-28914537", "WebUrl": "http://www.ysps.tp.edu.tw", "Lat": 25.138165434485899, "Lng": 121.505570411682, "PassEasyEle": 0.0, "PassEasyParking": 0.0, "PassEasyShower": 0.0, "PassEasyToilet": 0.0, "PassEasyWay": 0.0, "WheelchairAuditorium": 0.0 }, "geometry": { "type": "Point", "coordinates": [ 121.505570411682001, 25.138165434485899 ] } },
{ "type": "Feature", "properties": { "GymType": "水上/冰上運動設施/游泳池", "Name": "信義國小游泳池(館)", "Addr": "臺北市信義區松勤街60號", "OperationTel": "02-27204005", "WebUrl": "http://www.syes.tp.edu.tw", "Lat": 25.031434958904999, "Lng": 121.563060879707, "PassEasyEle": 1.0, "PassEasyParking": 2.0, "PassEasyShower": 1.0, "PassEasyToilet": 1.0, "PassEasyWay": 0.0, "WheelchairAuditorium": 0.0 }, "geometry": { "type": "Point", "coordinates": [ 121.563060879706995, 25.031434958904999 ] } },
{ "type": "Feature", "properties": { "GymType": "球類運動設施/籃球場館", "Name": "東園國小籃球場", "Addr": "臺北市萬華區全德里東園街195號", "OperationTel": "02-23034803#1305", "WebUrl": "http://www.tyes.tp.edu.tw", "Lat": 25.022782840588299, "Lng": 121.49863421917, "PassEasyEle": 0.0, "PassEasyParking": 0.0, "PassEasyShower": 0.0, "PassEasyToilet": 0.0, "PassEasyWay": 0.0, "WheelchairAuditorium": 0.0 }, "geometry": { "type": "Point", "coordinates": [ 121.49863421917, 25.022782840588299 ] } },
{ "type": "Feature", "properties": { "GymType": "球類運動設施/籃球場館", "Name": "民生國中活動中心", "Addr": "臺北市松山區新東里新東街30巷1號", "OperationTel": "02-27653433", "WebUrl": "http://newweb.msjh.tp.edu.tw/", "Lat": 25.059953463371698, "Lng": 121.56729340553299, "PassEasyEle": 1.0, "PassEasyParking": 0.0, "PassEasyShower": 0.0, "PassEasyToilet": 1.0, "PassEasyWay": 1.0, "WheelchairAuditorium": 0.0 }, "geometry": { "type": "Point", "coordinates": [ 121.567293405532993, 25.059953463371698 ] } },
{ "type": "Feature", "properties": { "GymType": "球類運動設施/躲避球場", "Name": "逸仙國小操場", "Addr": "臺北市北投區中心里新民路2號", "OperationTel": "02-28914537", "WebUrl": "http://www.ysps.tp.edu.tw", "Lat": 25.137704082005801, "Lng": 121.505881547928, "PassEasyEle": 0.0, "PassEasyParking": 0.0, "PassEasyShower": 0.0, "PassEasyToilet": 0.0, "PassEasyWay": 1.0, "WheelchairAuditorium": 0.0 }, "geometry": { "type": "Point", "coordinates": [ 121.505881547927999, 25.137704082005801 ] } },
{ "type": "Feature", "properties": { "GymType": "球類運動設施/羽球場館", "Name": "蘭雅國中活動中心", "Addr": "臺北市士林區三玉里忠誠路2段51號", "OperationTel": "02-28329377#230", "WebUrl": "http://163.21.26.20/enable01/", "Lat": 25.110447578539802, "Lng": 121.532016363927, "PassEasyEle": 1.0, "PassEasyParking": 2.0, "PassEasyShower": 0.0, "PassEasyToilet": 1.0, "PassEasyWay": 1.0, "WheelchairAuditorium": 0.0 }, "geometry": { "type": "Point", "coordinates": [ 121.532016363926999, 25.110447578539802 ] } },
{ "type": "Feature", "properties": { "GymType": "陸上/射擊運動設施/環形或直線慢跑場（非田徑場）", "Name": "辛亥國小環形/直線慢跑道(非田徑場型)", "Addr": "臺北市文山區興昌里辛亥路4段103號", "OperationTel": "02-29357282#133", "WebUrl": "http://www.saes.tp.edu.tw", "Lat": 25.006099057188599, "Lng": 121.559697389603, "PassEasyEle": 0.0, "PassEasyParking": 0.0, "PassEasyShower": 0.0, "PassEasyToilet": 0.0, "PassEasyWay": 0.0, "WheelchairAuditorium": 0.0 }, "geometry": { "type": "Point", "coordinates": [ 121.559697389603002, 25.006099057188599 ] } },
{ "type": "Feature", "properties": { "GymType": "陸上/射擊運動設施/田徑場", "Name": "東園國小田徑場", "Addr": "臺北市萬華區全德里東園街195號", "OperationTel": "02-23034803#1305", "WebUrl": "http://www.tyes.tp.edu.tw", "Lat": 25.023171712929798, "Lng": 121.498596668243, "PassEasyEle": 1.0, "PassEasyParking": 0.0, "PassEasyShower": 0.0, "PassEasyToilet": 0.0, "PassEasyWay": 1.0, "WheelchairAuditorium": 0.0 }, "geometry": { "type": "Point", "coordinates": [ 121.498596668242996, 25.023171712929798 ] } },
{ "type": "Feature", "properties": { "GymType": "球類運動設施/躲避球場", "Name": "東園國小躲避球場", "Addr": "臺北市萬華區全德里東園街195號", "OperationTel": "02-23034803#1305", "WebUrl": "http://www.tyes.tp.edu.tw", "Lat": 25.023132825751102, "Lng": 121.498553752899, "PassEasyEle": 0.0, "PassEasyParking": 0.0, "PassEasyShower": 0.0, "PassEasyToilet": 0.0, "PassEasyWay": 0.0, "WheelchairAuditorium": 0.0 }, "geometry": { "type": "Point", "coordinates": [ 121.498553752898999, 25.023132825751102 ] } },
{ "type": "Feature", "properties": { "GymType": "水上/冰上運動設施/游泳池", "Name": "永建國小游泳池", "Addr": "臺北市文山區木柵路一段311巷1號", "OperationTel": "02-29377199#130", "WebUrl": "http://www.yjps.tp.edu.tw", "Lat": 24.989055855061899, "Lng": 121.55549434654, "PassEasyEle": 1.0, "PassEasyParking": 5.0, "PassEasyShower": 1.0, "PassEasyToilet": 1.0, "PassEasyWay": 2.0, "WheelchairAuditorium": 0.0 }, "geometry": { "type": "Point", "coordinates": [ 121.555494346540002, 24.989055855061899 ] } },
{ "type": "Feature", "properties": { "GymType": "水上/冰上運動設施/游泳池", "Name": "陽明高中漾泉館", "Addr": "臺北市士林區後港里中正路510號", "OperationTel": "02-28316675#195", "WebUrl": "http://www.ymsh.tp.edu.tw", "Lat": 25.093568877840099, "Lng": 121.516643241048, "PassEasyEle": 1.0, "PassEasyParking": 0.0, "PassEasyShower": 1.0, "PassEasyToilet": 1.0, "PassEasyWay": 0.0, "WheelchairAuditorium": 0.0 }, "geometry": { "type": "Point", "coordinates": [ 121.516643241048001, 25.093568877840099 ] } },
{ "type": "Feature", "properties": { "GymType": "陸上/射擊運動設施/田徑場", "Name": "陽明高中田徑場", "Addr": "臺北市士林區後港里中正路510號", "OperationTel": "02-28316675#195", "WebUrl": "http://www.ymsh.tp.edu.tw", "Lat": 25.0923585964502, "Lng": 121.51624426245699, "PassEasyEle": 0.0, "PassEasyParking": 0.0, "PassEasyShower": 0.0, "PassEasyToilet": 0.0, "PassEasyWay": 0.0, "WheelchairAuditorium": 0.0 }, "geometry": { "type": "Point", "coordinates": [ 121.516244262456993, 25.0923585964502 ] } },
{ "type": "Feature", "properties": { "GymType": "球類運動設施/籃球場館", "Name": "陽明高中台元館", "Addr": "臺北市士林區後港里中正路510號", "OperationTel": "02-28316675#195", "WebUrl": "http://www.ymsh.tp.edu.tw", "Lat": 25.093142578385098, "Lng": 121.516716331244, "PassEasyEle": 0.0, "PassEasyParking": 0.0, "PassEasyShower": 0.0, "PassEasyToilet": 0.0, "PassEasyWay": 1.0, "WheelchairAuditorium": 0.0 }, "geometry": { "type": "Point", "coordinates": [ 121.516716331243998, 25.093142578385098 ] } },
{ "type": "Feature", "properties": { "GymType": "球類運動設施/籃球場館", "Name": "陽明高中新大樓體育館", "Addr": "臺北市士林區後港里中正路510號", "OperationTel": "02-28316675#195", "WebUrl": "http://www.ymsh.tp.edu.tw", "Lat": 25.0921776301157, "Lng": 121.51662312448001, "PassEasyEle": 1.0, "PassEasyParking": 1.0, "PassEasyShower": 0.0, "PassEasyToilet": 1.0, "PassEasyWay": 4.0, "WheelchairAuditorium": 0.0 }, "geometry": { "type": "Point", "coordinates": [ 121.516623124480006, 25.0921776301157 ] } },
{ "type": "Feature", "properties": { "GymType": "球類運動設施/排球場館", "Name": "民權國中排球場(館)", "Addr": "臺北市大同區重慶北路三段1號", "OperationTel": "02-25931951#123", "WebUrl": "http://www.mqjh.tp.edu.tw", "Lat": 25.063763204250002, "Lng": 121.51420712471, "PassEasyEle": 1.0, "PassEasyParking": 1.0, "PassEasyShower": 0.0, "PassEasyToilet": 1.0, "PassEasyWay": 1.0, "WheelchairAuditorium": 0.0 }, "geometry": { "type": "Point", "coordinates": [ 121.514207124709998, 25.063763204250002 ] } },
{ "type": "Feature", "properties": { "GymType": "球類運動設施/籃球場館", "Name": "健康國小活動中心", "Addr": "臺北市松山區延壽街168號", "OperationTel": "02-25282814#132", "WebUrl": "http://www.jkes.nss.tp.edu.tw/nss/p/index", "Lat": 25.056580966360698, "Lng": 121.56318426132199, "PassEasyEle": 1.0, "PassEasyParking": 0.0, "PassEasyShower": 0.0, "PassEasyToilet": 1.0, "PassEasyWay": 1.0, "WheelchairAuditorium": 0.0 }, "geometry": { "type": "Point", "coordinates": [ 121.563184261321993, 25.056580966360698 ] } },
{ "type": "Feature", "properties": { "GymType": "球類運動設施/籃球場館", "Name": "西松國小操場附設籃球場、手球場、滾球場", "Addr": "臺北市松山區東光里三民路5號", "OperationTel": "02-27609221#330", "WebUrl": "http://www.sups.tp.edu.tw", "Lat": 25.0527612827408, "Lng": 121.562969684601, "PassEasyEle": 0.0, "PassEasyParking": 0.0, "PassEasyShower": 0.0, "PassEasyToilet": 1.0, "PassEasyWay": 1.0, "WheelchairAuditorium": 0.0 }, "geometry": { "type": "Point", "coordinates": [ 121.562969684601001, 25.0527612827408 ] } },
{ "type": "Feature", "properties": { "GymType": "球類運動設施/羽球場館", "Name": "大理國小活動中心", "Addr": "臺北市萬華區綠堤里艋舺大道389號", "OperationTel": "02-23064311#1400", "WebUrl": "http://www.tlps.tp.edu.tw", "Lat": 25.031823803830498, "Lng": 121.492808461189, "PassEasyEle": 1.0, "PassEasyParking": 0.0, "PassEasyShower": 0.0, "PassEasyToilet": 1.0, "PassEasyWay": 1.0, "WheelchairAuditorium": 0.0 }, "geometry": { "type": "Point", "coordinates": [ 121.492808461189, 25.031823803830498 ] } },
{ "type": "Feature", "properties": { "GymType": "陸上/射擊運動設施/田徑場", "Name": "石牌國小田徑場", "Addr": "臺北市北投區吉利里致遠二路80號", "OperationTel": "02-28227484#332", "WebUrl": "http://web.spps.tp.edu.tw", "Lat": 25.114726524022899, "Lng": 121.512667536736, "PassEasyEle": 0.0, "PassEasyParking": 0.0, "PassEasyShower": 0.0, "PassEasyToilet": 0.0, "PassEasyWay": 1.0, "WheelchairAuditorium": 0.0 }, "geometry": { "type": "Point", "coordinates": [ 121.512667536736004, 25.114726524022899 ] } },
{ "type": "Feature", "properties": { "GymType": "球類運動設施/籃球場館", "Name": "石牌國小活動中心", "Addr": "臺北市北投區吉利里致遠二路80號", "OperationTel": "02-28227484#225", "WebUrl": "http://web.spps.tp.edu.tw", "Lat": 25.116266267186099, "Lng": 121.51223301887499, "PassEasyEle": 1.0, "PassEasyParking": 0.0, "PassEasyShower": 0.0, "PassEasyToilet": 0.0, "PassEasyWay": 0.0, "WheelchairAuditorium": 0.0 }, "geometry": { "type": "Point", "coordinates": [ 121.512233018874994, 25.116266267186099 ] } },
{ "type": "Feature", "properties": { "GymType": "水上/冰上運動設施/游泳池", "Name": "石牌國小游泳池", "Addr": "臺北市北投區吉利里致遠二路80號", "OperationTel": "02-28227484#332", "WebUrl": "http://web.spps.tp.edu.tw", "Lat": 25.116487269739199, "Lng": 121.51223570108399, "PassEasyEle": 0.0, "PassEasyParking": 0.0, "PassEasyShower": 0.0, "PassEasyToilet": 0.0, "PassEasyWay": 1.0, "WheelchairAuditorium": 0.0 }, "geometry": { "type": "Point", "coordinates": [ 121.512235701083995, 25.116487269739199 ] } },
{ "type": "Feature", "properties": { "GymType": "球類運動設施/籃球場館", "Name": "雨聲國小籃球場", "Addr": "臺北市士林區岩山里至誠路1段62巷70號", "OperationTel": "02-28311004#232", "WebUrl": "http://www.yses.tp.edu.tw", "Lat": 25.1030005250703, "Lng": 121.535485088825, "PassEasyEle": 0.0, "PassEasyParking": 1.0, "PassEasyShower": 0.0, "PassEasyToilet": 1.0, "PassEasyWay": 0.0, "WheelchairAuditorium": 0.0 }, "geometry": { "type": "Point", "coordinates": [ 121.535485088824998, 25.1030005250703 ] } },
{ "type": "Feature", "properties": { "GymType": "陸上/射擊運動設施/田徑場", "Name": "雨聲國小操場", "Addr": "臺北市士林區岩山里至誠路1段62巷70號", "OperationTel": "02-28311004#232", "WebUrl": "http://www.yses.tp.edu.tw", "Lat": 25.104486981543701, "Lng": 121.53728485107401, "PassEasyEle": 0.0, "PassEasyParking": 1.0, "PassEasyShower": 0.0, "PassEasyToilet": 1.0, "PassEasyWay": 0.0, "WheelchairAuditorium": 0.0 }, "geometry": { "type": "Point", "coordinates": [ 121.537284851074006, 25.104486981543701 ] } },
{ "type": "Feature", "properties": { "GymType": "陸上/射擊運動設施/田徑場", "Name": "信義國小田徑場", "Addr": "臺北市信義區松勤街60號", "OperationTel": "02-27204005", "WebUrl": "http://www.syes.tp.edu.tw", "Lat": 25.0315224491207, "Lng": 121.563291549683, "PassEasyEle": 1.0, "PassEasyParking": 2.0, "PassEasyShower": 0.0, "PassEasyToilet": 1.0, "PassEasyWay": 0.0, "WheelchairAuditorium": 0.0 }, "geometry": { "type": "Point", "coordinates": [ 121.563291549683001, 25.0315224491207 ] } },
{ "type": "Feature", "properties": { "GymType": "球類運動設施/羽球場館", "Name": "幸安國小活動中心", "Addr": "臺北市大安區民炤里仁愛路3段22號", "OperationTel": "02-27074191", "WebUrl": "http://www.haps.tp.edu.tw", "Lat": 25.036850835473, "Lng": 121.53447711471, "PassEasyEle": 1.0, "PassEasyParking": 0.0, "PassEasyShower": 1.0, "PassEasyToilet": 1.0, "PassEasyWay": 1.0, "WheelchairAuditorium": 0.0 }, "geometry": { "type": "Point", "coordinates": [ 121.53447711471, 25.036850835473 ] } },
{ "type": "Feature", "properties": { "GymType": "球類運動設施/籃球場館", "Name": "吳興國小三樓活動中心綜合球場", "Addr": "臺北市信義區松仁路226號", "OperationTel": "02-27200226#35", "WebUrl": "https://www.wsps.tp.edu.tw/Default.aspx", "Lat": 25.025154942706902, "Lng": 121.56772255897501, "PassEasyEle": 1.0, "PassEasyParking": 1.0, "PassEasyShower": 1.0, "PassEasyToilet": 2.0, "PassEasyWay": 2.0, "WheelchairAuditorium": 0.0 }, "geometry": { "type": "Point", "coordinates": [ 121.567722558975007, 25.025154942706902 ] } },
{ "type": "Feature", "properties": { "GymType": "水上/冰上運動設施/游泳池", "Name": "清江國小綜合活動中心", "Addr": "臺北市北投區公館路220號", "OperationTel": "02-28912764#204", "WebUrl": "http://www.cjps.tp.edu.tw", "Lat": 25.125922005991704, "Lng": 121.50657892227184, "PassEasyEle": 1.0, "PassEasyParking": 0.0, "PassEasyShower": 1.0, "PassEasyToilet": 1.0, "PassEasyWay": 1.0, "WheelchairAuditorium": 0.0 }, "geometry": { "type": "Point", "coordinates": [ 121.506578922271842, 25.125922005991704 ] } },
{ "type": "Feature", "properties": { "GymType": "水上/冰上運動設施/游泳池", "Name": "吳興國小游泳池", "Addr": "臺北市信義區松仁路226號", "OperationTel": "02-27200226#35", "WebUrl": "https://www.wsps.tp.edu.tw/Default.aspx", "Lat": 25.025073523978001, "Lng": 121.567360460758, "PassEasyEle": 0.0, "PassEasyParking": 1.0, "PassEasyShower": 1.0, "PassEasyToilet": 1.0, "PassEasyWay": 1.0, "WheelchairAuditorium": 0.0 }, "geometry": { "type": "Point", "coordinates": [ 121.567360460757996, 25.025073523978001 ] } },
{ "type": "Feature", "properties": { "GymType": "陸上/射擊運動設施/環形或直線慢跑場（非田徑場）", "Name": "永吉國小運動場", "Addr": "臺北市信義區永春里松山路287巷5號", "OperationTel": "02-87858111#640", "WebUrl": "http://www.yhps.tp.edu.tw", "Lat": 25.0433032873607, "Lng": 121.579031422734, "PassEasyEle": 0.0, "PassEasyParking": 0.0, "PassEasyShower": 1.0, "PassEasyToilet": 2.0, "PassEasyWay": 2.0, "WheelchairAuditorium": 0.0 }, "geometry": { "type": "Point", "coordinates": [ 121.579031422734005, 25.0433032873607 ] } },
{ "type": "Feature", "properties": { "GymType": "水上/冰上運動設施/游泳池", "Name": "西湖國中活動中心", "Addr": "臺北市內湖區西湖里環山路1段27號", "OperationTel": "02-27991817#215", "WebUrl": "http://www.xhjhs.tp.edu.tw", "Lat": 25.085579463377599, "Lng": 121.566081047059, "PassEasyEle": 0.0, "PassEasyParking": 0.0, "PassEasyShower": 0.0, "PassEasyToilet": 0.0, "PassEasyWay": 0.0, "WheelchairAuditorium": 0.0 }, "geometry": { "type": "Point", "coordinates": [ 121.566081047059001, 25.085579463377599 ] } },
{ "type": "Feature", "properties": { "GymType": "球類運動設施/籃球場館", "Name": "永吉國中活動中心", "Addr": "臺北市信義區四育里8鄰松隆路161號", "OperationTel": "02-27649066", "WebUrl": "http://www.yjjh.tp.edu.tw", "Lat": 25.0487861815846, "Lng": 121.573637790498, "PassEasyEle": 0.0, "PassEasyParking": 0.0, "PassEasyShower": 0.0, "PassEasyToilet": 0.0, "PassEasyWay": 0.0, "WheelchairAuditorium": 0.0 }, "geometry": { "type": "Point", "coordinates": [ 121.573637790497997, 25.0487861815846 ] } },
{ "type": "Feature", "properties": { "GymType": "水上/冰上運動設施/游泳池", "Name": "西門國小親水游泳池", "Addr": "臺北市萬華區西門里成都路98號", "OperationTel": "02-23113519#1124", "WebUrl": "http://core.hmes.tp.edu.tw/", "Lat": 25.042429073936301, "Lng": 121.50384306907701, "PassEasyEle": 0.0, "PassEasyParking": 0.0, "PassEasyShower": 1.0, "PassEasyToilet": 1.0, "PassEasyWay": 1.0, "WheelchairAuditorium": 0.0 }, "geometry": { "type": "Point", "coordinates": [ 121.503843069077007, 25.042429073936301 ] } },
{ "type": "Feature", "properties": { "GymType": "陸上/射擊運動設施/田徑場", "Name": "吳興國小田徑場", "Addr": "臺北市信義區松仁路226號", "OperationTel": "02-27200226#35", "WebUrl": "https://www.wsps.tp.edu.tw/Default.aspx", "Lat": 25.025390692154701, "Lng": 121.567333638668, "PassEasyEle": 0.0, "PassEasyParking": 1.0, "PassEasyShower": 0.0, "PassEasyToilet": 0.0, "PassEasyWay": 0.0, "WheelchairAuditorium": 0.0 }, "geometry": { "type": "Point", "coordinates": [ 121.567333638668003, 25.025390692154701 ] } },
{ "type": "Feature", "properties": { "GymType": "陸上/射擊運動設施/環形或直線慢跑場（非田徑場）", "Name": "文化國小操場", "Addr": "臺北市北投區文化里文化三路1號", "OperationTel": "02-28933828#122", "WebUrl": "http://www.whps.tp.edu.tw", "Lat": 25.137160169474601, "Lng": 121.49650454521201, "PassEasyEle": 0.0, "PassEasyParking": 0.0, "PassEasyShower": 0.0, "PassEasyToilet": 0.0, "PassEasyWay": 0.0, "WheelchairAuditorium": 0.0 }, "geometry": { "type": "Point", "coordinates": [ 121.496504545212005, 25.137160169474601 ] } },
{ "type": "Feature", "properties": { "GymType": "球類運動設施/籃球場館", "Name": "北一女中活動中心", "Addr": "臺北市中正區黎明里重慶南路1段165號", "OperationTel": "02-23820484#530", "WebUrl": "http://www.fg.tp.edu.tw", "Lat": 25.037909066349201, "Lng": 121.512941122055, "PassEasyEle": 0.0, "PassEasyParking": 1.0, "PassEasyShower": 0.0, "PassEasyToilet": 0.0, "PassEasyWay": 1.0, "WheelchairAuditorium": 0.0 }, "geometry": { "type": "Point", "coordinates": [ 121.512941122054997, 25.037909066349201 ] } },
{ "type": "Feature", "properties": { "GymType": "陸上/射擊運動設施/田徑場", "Name": "西門國小操場", "Addr": "臺北市萬華區西門里成都路98號", "OperationTel": "02-23113519", "WebUrl": "http://www.hmes.tp.edu.tw", "Lat": 25.042793583418401, "Lng": 121.503456830978, "PassEasyEle": 1.0, "PassEasyParking": 0.0, "PassEasyShower": 0.0, "PassEasyToilet": 1.0, "PassEasyWay": 1.0, "WheelchairAuditorium": 0.0 }, "geometry": { "type": "Point", "coordinates": [ 121.503456830977996, 25.042793583418401 ] } },
{ "type": "Feature", "properties": { "GymType": "球類運動設施/籃球場館", "Name": "松山國小活動中心", "Addr": "臺北市松山區八德路四段746號", "OperationTel": "02-27672907#623", "WebUrl": "http://web.ssps.tp.edu.tw", "Lat": 25.0508047423248, "Lng": 121.579274296728, "PassEasyEle": 0.0, "PassEasyParking": 0.0, "PassEasyShower": 0.0, "PassEasyToilet": 0.0, "PassEasyWay": 1.0, "WheelchairAuditorium": 0.0 }, "geometry": { "type": "Point", "coordinates": [ 121.579274296728002, 25.0508047423248 ] } },
{ "type": "Feature", "properties": { "GymType": "水上/冰上運動設施/游泳池", "Name": "臺北市松山區松山國民小學", "Addr": "臺北市松山區八德路4段746號", "OperationTel": "02-25286575", "WebUrl": "http://w3.ssps.tp.edu.tw/", "Lat": 25.050757602180301, "Lng": 121.57785969971, "PassEasyEle": 0.0, "PassEasyParking": 0.0, "PassEasyShower": 0.0, "PassEasyToilet": 1.0, "PassEasyWay": 0.0, "WheelchairAuditorium": 0.0 }, "geometry": { "type": "Point", "coordinates": [ 121.577859699710004, 25.050757602180301 ] } },
{ "type": "Feature", "properties": { "GymType": "球類運動設施/籃球場館", "Name": "育達高職體育館", "Addr": "臺北市松山區美仁里寧安街12號", "OperationTel": "02-25706767#306", "WebUrl": "http://www.yudah.tp.edu.tw", "Lat": 25.049937750523998, "Lng": 121.554359793663, "PassEasyEle": 0.0, "PassEasyParking": 3.0, "PassEasyShower": 0.0, "PassEasyToilet": 10.0, "PassEasyWay": 3.0, "WheelchairAuditorium": 0.0 }, "geometry": { "type": "Point", "coordinates": [ 121.554359793662996, 25.049937750523998 ] } },
{ "type": "Feature", "properties": { "GymType": "陸上/射擊運動設施/田徑場", "Name": "興華國小運動場", "Addr": "臺北市文山區興光里興隆路3段125巷6號", "OperationTel": "02-22393070", "WebUrl": "http://www.hhps.tp.edu.tw", "Lat": 24.9992148776807, "Lng": 121.559120714664, "PassEasyEle": 0.0, "PassEasyParking": 1.0, "PassEasyShower": 0.0, "PassEasyToilet": 1.0, "PassEasyWay": 3.0, "WheelchairAuditorium": 0.0 }, "geometry": { "type": "Point", "coordinates": [ 121.559120714664004, 24.9992148776807 ] } },
{ "type": "Feature", "properties": { "GymType": "球類運動設施/羽球場館", "Name": "濱江國小禮堂", "Addr": "臺北市中山區樂群二路266巷99號", "OperationTel": "02-85021571#1303", "WebUrl": "http://www.bjes.tp.edu.tw", "Lat": 25.077378172019401, "Lng": 121.560802459717, "PassEasyEle": 1.0, "PassEasyParking": 0.0, "PassEasyShower": 0.0, "PassEasyToilet": 0.0, "PassEasyWay": 0.0, "WheelchairAuditorium": 0.0 }, "geometry": { "type": "Point", "coordinates": [ 121.560802459716996, 25.077378172019401 ] } },
{ "type": "Feature", "properties": { "GymType": "陸上/射擊運動設施/田徑場", "Name": "西湖國中運動場", "Addr": "臺北市內湖區西湖里環山路1段27號", "OperationTel": "02-27991817#215", "WebUrl": "http://www.xhjhs.tp.edu.tw", "Lat": 25.086043441815502, "Lng": 121.566196382046, "PassEasyEle": 0.0, "PassEasyParking": 0.0, "PassEasyShower": 0.0, "PassEasyToilet": 0.0, "PassEasyWay": 0.0, "WheelchairAuditorium": 0.0 }, "geometry": { "type": "Point", "coordinates": [ 121.566196382046002, 25.086043441815502 ] } },
{ "type": "Feature", "properties": { "GymType": "水上/冰上運動設施/游泳池", "Name": "建成國中體育館", "Addr": "臺北市大同區長安西路37之1號", "OperationTel": "02-25587042#651", "WebUrl": "http://www.jcjh.tp.edu.tw", "Lat": 25.051886529282701, "Lng": 121.518864780664, "PassEasyEle": 1.0, "PassEasyParking": 1.0, "PassEasyShower": 1.0, "PassEasyToilet": 1.0, "PassEasyWay": 1.0, "WheelchairAuditorium": 0.0 }, "geometry": { "type": "Point", "coordinates": [ 121.518864780664003, 25.051886529282701 ] } },
{ "type": "Feature", "properties": { "GymType": "球類運動設施/排球場館", "Name": "大安國小活動中心", "Addr": "臺北市大安區芳和里臥龍街129號", "OperationTel": "02-27322332#824", "WebUrl": "http://www.taes.tp.edu.tw", "Lat": 25.019295086701501, "Lng": 121.550154089928, "PassEasyEle": 1.0, "PassEasyParking": 0.0, "PassEasyShower": 0.0, "PassEasyToilet": 1.0, "PassEasyWay": 0.0, "WheelchairAuditorium": 0.0 }, "geometry": { "type": "Point", "coordinates": [ 121.550154089928, 25.019295086701501 ] } },
{ "type": "Feature", "properties": { "GymType": "水上/冰上運動設施/游泳池", "Name": "大安國小游泳池", "Addr": "臺北市大安區芳和里臥龍街129號", "OperationTel": "02-27322332", "WebUrl": "http://www.taes.tp.edu.tw", "Lat": 25.019749594042899, "Lng": 121.550953388214, "PassEasyEle": 0.0, "PassEasyParking": 0.0, "PassEasyShower": 1.0, "PassEasyToilet": 0.0, "PassEasyWay": 0.0, "WheelchairAuditorium": 0.0 }, "geometry": { "type": "Point", "coordinates": [ 121.550953388213998, 25.019749594042899 ] } },
{ "type": "Feature", "properties": { "GymType": "球類運動設施/籃球場館", "Name": "三玉國小室內綜合球場", "Addr": "臺北市士林區三玉里天母東路116號", "OperationTel": "02-28751369#725", "WebUrl": "http://www.syups.tp.edu.tw", "Lat": 25.116771415291598, "Lng": 121.53692007064799, "PassEasyEle": 0.0, "PassEasyParking": 0.0, "PassEasyShower": 0.0, "PassEasyToilet": 0.0, "PassEasyWay": 0.0, "WheelchairAuditorium": 0.0 }, "geometry": { "type": "Point", "coordinates": [ 121.536920070647994, 25.116771415291598 ] } },
{ "type": "Feature", "properties": { "GymType": "水上/冰上運動設施/游泳池", "Name": "葫蘆洲運動公園", "Addr": "臺北市 內湖區 安康路290號", "OperationTel": "02-27961833#352", "WebUrl": "https://www.nhrip.gov.taipei/", "Lat": 25.0620721604196, "Lng": 121.604372262955, "PassEasyEle": 0.0, "PassEasyParking": 2.0, "PassEasyShower": 2.0, "PassEasyToilet": 6.0, "PassEasyWay": 1.0, "WheelchairAuditorium": 0.0 }, "geometry": { "type": "Point", "coordinates": [ 121.604372262954996, 25.0620721604196 ] } },
{ "type": "Feature", "properties": { "GymType": "球類運動設施/羽球場館", "Name": "羽球場館", "Addr": "臺北市大同區玉泉里西寧北路32號", "OperationTel": "02-25524890#78", "WebUrl": "http://www.chjh.tp.edu.tw", "Lat": 25.0509303680148, "Lng": 121.507111340761, "PassEasyEle": 0.0, "PassEasyParking": 1.0, "PassEasyShower": 0.0, "PassEasyToilet": 1.0, "PassEasyWay": 1.0, "WheelchairAuditorium": 0.0 }, "geometry": { "type": "Point", "coordinates": [ 121.507111340761, 25.0509303680148 ] } },
{ "type": "Feature", "properties": { "GymType": "陸上/射擊運動設施/田徑場", "Name": "大直國小室外田徑場/網球場", "Addr": "臺北市中山區大直里大直街2號", "OperationTel": "02-25333953#21", "WebUrl": "http://www.tzes.tp.edu.tw", "Lat": 25.080463437917199, "Lng": 121.546179056168, "PassEasyEle": 1.0, "PassEasyParking": 0.0, "PassEasyShower": 0.0, "PassEasyToilet": 1.0, "PassEasyWay": 2.0, "WheelchairAuditorium": 0.0 }, "geometry": { "type": "Point", "coordinates": [ 121.546179056168, 25.080463437917199 ] } },
{ "type": "Feature", "properties": { "GymType": "球類運動設施/羽球場館", "Name": "三興國民小學活動中心", "Addr": "臺北市信義區景聯里基隆路2段99號", "OperationTel": "02-27364687#123", "WebUrl": "http://www.shps.tp.edu.tw", "Lat": 25.029247683237514, "Lng": 121.55882835388184, "PassEasyEle": 1.0, "PassEasyParking": 0.0, "PassEasyShower": 0.0, "PassEasyToilet": 0.0, "PassEasyWay": 0.0, "WheelchairAuditorium": 0.0 }, "geometry": { "type": "Point", "coordinates": [ 121.558828353881836, 25.029247683237514 ] } },
{ "type": "Feature", "properties": { "GymType": "水上/冰上運動設施/游泳池", "Name": "五常國中活動中心", "Addr": "臺北市中山區下埤里復興北路430巷1號", "OperationTel": "02-25014320#207", "WebUrl": "http://www.wcjhs.tp.edu.tw", "Lat": 25.0635202396182, "Lng": 121.54335200786601, "PassEasyEle": 1.0, "PassEasyParking": 1.0, "PassEasyShower": 0.0, "PassEasyToilet": 0.0, "PassEasyWay": 3.0, "WheelchairAuditorium": 0.0 }, "geometry": { "type": "Point", "coordinates": [ 121.543352007866005, 25.0635202396182 ] } },
{ "type": "Feature", "properties": { "GymType": "球類運動設施/籃球場館", "Name": "內湖國小操場", "Addr": "臺北市內湖區港富里內湖路二段41號", "OperationTel": "02-27998085", "WebUrl": "http://www.nhes.tp.edu.tw", "Lat": 25.0794269269119, "Lng": 121.580375432914, "PassEasyEle": 0.0, "PassEasyParking": 0.0, "PassEasyShower": 0.0, "PassEasyToilet": 0.0, "PassEasyWay": 0.0, "WheelchairAuditorium": 0.0 }, "geometry": { "type": "Point", "coordinates": [ 121.580375432913996, 25.0794269269119 ] } },
{ "type": "Feature", "properties": { "GymType": "球類運動設施/籃球場館", "Name": "興雅國中活動中心", "Addr": "臺北市信義區松德路168巷15號", "OperationTel": "02-27232771#330", "WebUrl": "http://www.syajh.tp.edu.tw", "Lat": 25.036307582837399, "Lng": 121.571788787842, "PassEasyEle": 1.0, "PassEasyParking": 0.0, "PassEasyShower": 0.0, "PassEasyToilet": 0.0, "PassEasyWay": 0.0, "WheelchairAuditorium": 0.0 }, "geometry": { "type": "Point", "coordinates": [ 121.571788787841996, 25.036307582837399 ] } },
{ "type": "Feature", "properties": { "GymType": "球類運動設施/籃球場館", "Name": "內湖國小活動中心", "Addr": "臺北市內湖區港富里內湖路二段41號", "OperationTel": "02-27998085#216", "WebUrl": "http://www.nhes.tp.edu.tw", "Lat": 25.0799646180932, "Lng": 121.57991409296299, "PassEasyEle": 1.0, "PassEasyParking": 0.0, "PassEasyShower": 1.0, "PassEasyToilet": 1.0, "PassEasyWay": 1.0, "WheelchairAuditorium": 0.0 }, "geometry": { "type": "Point", "coordinates": [ 121.579914092962994, 25.0799646180932 ] } },
{ "type": "Feature", "properties": { "GymType": "陸上/射擊運動設施/田徑場", "Name": "臺北市延平國小操場", "Addr": "臺北市大同區昌吉街97號", "OperationTel": "02-25942439#622", "WebUrl": "http://www.ypps.tp.edu.tw", "Lat": 25.066636019222901, "Lng": 121.51241688247001, "PassEasyEle": 0.0, "PassEasyParking": 0.0, "PassEasyShower": 0.0, "PassEasyToilet": 1.0, "PassEasyWay": 4.0, "WheelchairAuditorium": 0.0 }, "geometry": { "type": "Point", "coordinates": [ 121.512416882470006, 25.066636019222901 ] } },
{ "type": "Feature", "properties": { "GymType": "球類運動設施/籃球場館", "Name": "百齡國小活動中心", "Addr": "臺北市士林區福中里福港街205號", "OperationTel": "02-28817683#851", "WebUrl": "http://www.bles.tp.edu.tw", "Lat": 25.085482294895598, "Lng": 121.518959999084, "PassEasyEle": 1.0, "PassEasyParking": 1.0, "PassEasyShower": 0.0, "PassEasyToilet": 1.0, "PassEasyWay": 1.0, "WheelchairAuditorium": 0.0 }, "geometry": { "type": "Point", "coordinates": [ 121.518959999084004, 25.085482294895598 ] } },
{ "type": "Feature", "properties": { "GymType": "陸上/射擊運動設施/田徑場", "Name": "碧湖國小操場", "Addr": "臺北市內湖區內湖里金龍路100號", "OperationTel": "02-27907161#133", "WebUrl": "http://www.bhps.tp.edu.tw", "Lat": 25.084219097609999, "Lng": 121.591433286667, "PassEasyEle": 0.0, "PassEasyParking": 0.0, "PassEasyShower": 0.0, "PassEasyToilet": 0.0, "PassEasyWay": 0.0, "WheelchairAuditorium": 0.0 }, "geometry": { "type": "Point", "coordinates": [ 121.591433286666998, 25.084219097609999 ] } },
{ "type": "Feature", "properties": { "GymType": "水上/冰上運動設施/游泳池", "Name": "社子國小附設游泳池", "Addr": "臺北市士林區永倫里延平北路六段308號", "OperationTel": "02-28126195#821", "WebUrl": "http://www.stps.tp.edu.tw", "Lat": 25.090437789116201, "Lng": 121.502024531364, "PassEasyEle": 0.0, "PassEasyParking": 1.0, "PassEasyShower": 4.0, "PassEasyToilet": 0.0, "PassEasyWay": 1.0, "WheelchairAuditorium": 2.0 }, "geometry": { "type": "Point", "coordinates": [ 121.502024531364, 25.090437789116201 ] } },
{ "type": "Feature", "properties": { "GymType": "陸上/射擊運動設施/田徑場", "Name": "社子國小後操場", "Addr": "臺北市士林區永倫里延平北路六段308號", "OperationTel": "02-28126195#821", "WebUrl": "http://www.stps.tp.edu.tw", "Lat": 25.091258827113698, "Lng": 121.50250732898699, "PassEasyEle": 0.0, "PassEasyParking": 1.0, "PassEasyShower": 0.0, "PassEasyToilet": 0.0, "PassEasyWay": 0.0, "WheelchairAuditorium": 0.0 }, "geometry": { "type": "Point", "coordinates": [ 121.502507328986994, 25.091258827113698 ] } },
{ "type": "Feature", "properties": { "GymType": "陸上/射擊運動設施/田徑場", "Name": "舊莊國小後山操場", "Addr": "臺北市南港區舊莊里舊莊街1段100號", "OperationTel": "02-27821418#130", "WebUrl": "http://www.zzes.tp.edu.tw", "Lat": 25.039151224249501, "Lng": 121.61912734771001, "PassEasyEle": 0.0, "PassEasyParking": 0.0, "PassEasyShower": 0.0, "PassEasyToilet": 0.0, "PassEasyWay": 1.0, "WheelchairAuditorium": 0.0 }, "geometry": { "type": "Point", "coordinates": [ 121.619127347710005, 25.039151224249501 ] } },
{ "type": "Feature", "properties": { "GymType": "陸上/射擊運動設施/田徑場", "Name": "明德國小田徑場", "Addr": "臺北市北投區榮華里明德路190號", "OperationTel": "02-28229651#1204", "WebUrl": "http://www.mdes.tp.edu.tw", "Lat": 25.111938422375999, "Lng": 121.522929668427, "PassEasyEle": 1.0, "PassEasyParking": 0.0, "PassEasyShower": 0.0, "PassEasyToilet": 2.0, "PassEasyWay": 4.0, "WheelchairAuditorium": 0.0 }, "geometry": { "type": "Point", "coordinates": [ 121.522929668426997, 25.111938422375999 ] } },
{ "type": "Feature", "properties": { "GymType": "球類運動設施/網球場館", "Name": "至善國中學生活動中心", "Addr": "臺北市士林區臨溪里至善路2段360號", "OperationTel": "02-28411350#40", "WebUrl": "http://www.jsjh.tp.edu.tw", "Lat": 25.1039720672944, "Lng": 121.55668795108799, "PassEasyEle": 0.0, "PassEasyParking": 1.0, "PassEasyShower": 1.0, "PassEasyToilet": 1.0, "PassEasyWay": 1.0, "WheelchairAuditorium": 0.0 }, "geometry": { "type": "Point", "coordinates": [ 121.556687951087994, 25.1039720672944 ] } },
{ "type": "Feature", "properties": { "GymType": "水上/冰上運動設施/游泳池", "Name": "萬芳高中游泳池", "Addr": "臺北市文山區興隆路3段115巷1號", "OperationTel": "02-22309585#350", "WebUrl": "http://www.wfsh.tp.edu.tw", "Lat": 25.001125567870101, "Lng": 121.558227539063, "PassEasyEle": 0.0, "PassEasyParking": 1.0, "PassEasyShower": 1.0, "PassEasyToilet": 1.0, "PassEasyWay": 1.0, "WheelchairAuditorium": 0.0 }, "geometry": { "type": "Point", "coordinates": [ 121.558227539062997, 25.001125567870101 ] } },
{ "type": "Feature", "properties": { "GymType": "球類運動設施/籃球場館", "Name": "螢橋國小活動中心", "Addr": "臺北市中正區螢雪里詔安街29號", "OperationTel": "02-23054620", "WebUrl": "http://www.yces.tp.edu.tw", "Lat": 25.025461173860499, "Lng": 121.515172719955, "PassEasyEle": 1.0, "PassEasyParking": 0.0, "PassEasyShower": 0.0, "PassEasyToilet": 1.0, "PassEasyWay": 1.0, "WheelchairAuditorium": 0.0 }, "geometry": { "type": "Point", "coordinates": [ 121.515172719955004, 25.025461173860499 ] } },
{ "type": "Feature", "properties": { "GymType": "球類運動設施/籃球場館", "Name": "古亭國中體育館", "Addr": "臺北市中正區中華路2段465號", "OperationTel": "02-23090986#511", "WebUrl": "http://www.ktjh.tp.edu.tw", "Lat": 25.024644555753099, "Lng": 121.510956287384, "PassEasyEle": 1.0, "PassEasyParking": 1.0, "PassEasyShower": 1.0, "PassEasyToilet": 1.0, "PassEasyWay": 1.0, "WheelchairAuditorium": 0.0 }, "geometry": { "type": "Point", "coordinates": [ 121.510956287384005, 25.024644555753099 ] } },
{ "type": "Feature", "properties": { "GymType": "陸上/射擊運動設施/田徑場", "Name": "劍潭國小操場", "Addr": "臺北市士林區明勝里通河街16號", "OperationTel": "02-28855491#823", "WebUrl": "http://www.jtes.tp.edu.tw", "Lat": 25.079541947717999, "Lng": 121.522706508767, "PassEasyEle": 0.0, "PassEasyParking": 0.0, "PassEasyShower": 0.0, "PassEasyToilet": 0.0, "PassEasyWay": 0.0, "WheelchairAuditorium": 50.0 }, "geometry": { "type": "Point", "coordinates": [ 121.522706508767001, 25.079541947717999 ] } },
{ "type": "Feature", "properties": { "GymType": "陸上/射擊運動設施/田徑場", "Name": "士東國小田徑場", "Addr": "臺北市士林區蘭雅里中山北路6段392號", "OperationTel": "02-28710064#234", "WebUrl": "http://www.stes.tp.edu.tw", "Lat": 25.112764173394201, "Lng": 121.527500152588, "PassEasyEle": 2.0, "PassEasyParking": 3.0, "PassEasyShower": 1.0, "PassEasyToilet": 1.0, "PassEasyWay": 3.0, "WheelchairAuditorium": 0.0 }, "geometry": { "type": "Point", "coordinates": [ 121.527500152588004, 25.112764173394201 ] } },
{ "type": "Feature", "properties": { "GymType": "陸上/射擊運動設施/田徑場", "Name": "古亭國中田徑場", "Addr": "臺北市中正區中華路2段465號", "OperationTel": "02-23090986#511", "WebUrl": "http://www.ktjh.tp.edu.tw", "Lat": 25.024849723511799, "Lng": 121.51072662323701, "PassEasyEle": 1.0, "PassEasyParking": 1.0, "PassEasyShower": 1.0, "PassEasyToilet": 1.0, "PassEasyWay": 1.0, "WheelchairAuditorium": 0.0 }, "geometry": { "type": "Point", "coordinates": [ 121.510726623237005, 25.024849723511799 ] } },
{ "type": "Feature", "properties": { "GymType": "球類運動設施/羽球場館", "Name": "明德國小活動中心", "Addr": "臺北市北投區榮華里明德路190號", "OperationTel": "02-28229651#1204", "WebUrl": "http://www.mdes.tp.edu.tw", "Lat": 25.112283295538301, "Lng": 121.52226984500901, "PassEasyEle": 1.0, "PassEasyParking": 0.0, "PassEasyShower": 0.0, "PassEasyToilet": 2.0, "PassEasyWay": 3.0, "WheelchairAuditorium": 0.0 }, "geometry": { "type": "Point", "coordinates": [ 121.522269845009006, 25.112283295538301 ] } },
{ "type": "Feature", "properties": { "GymType": "水上/冰上運動設施/游泳池", "Name": "蓬萊國小綜合體育館", "Addr": "臺北市大同區星明里寧夏路35號", "OperationTel": "02-25569835", "WebUrl": "http://enable.plps.tp.edu.tw/modules/tadnews/", "Lat": 25.055978291262136, "Lng": 121.51552720242768, "PassEasyEle": 1.0, "PassEasyParking": 0.0, "PassEasyShower": 1.0, "PassEasyToilet": 1.0, "PassEasyWay": 1.0, "WheelchairAuditorium": 3.0 }, "geometry": { "type": "Point", "coordinates": [ 121.515527202427677, 25.055978291262136 ] } },
{ "type": "Feature", "properties": { "GymType": "球類運動設施/籃球場館", "Name": "明德國小籃球場", "Addr": "臺北市北投區榮華里明德路190號", "OperationTel": "02-28229651#1204", "WebUrl": "http://www.mdes.tp.edu.tw", "Lat": 25.111603263018299, "Lng": 121.522530019283, "PassEasyEle": 1.0, "PassEasyParking": 0.0, "PassEasyShower": 0.0, "PassEasyToilet": 2.0, "PassEasyWay": 2.0, "WheelchairAuditorium": 0.0 }, "geometry": { "type": "Point", "coordinates": [ 121.522530019282996, 25.111603263018299 ] } },
{ "type": "Feature", "properties": { "GymType": "水上/冰上運動設施/游泳池", "Name": "臺北市信義區博愛國民小學", "Addr": "臺北市信義區松仁路95巷20號", "OperationTel": "02-87892525", "WebUrl": "http://www.baps.tp.edu.tw/", "Lat": 25.0362441223348, "Lng": 121.57067080970999, "PassEasyEle": 1.0, "PassEasyParking": 0.0, "PassEasyShower": 1.0, "PassEasyToilet": 1.0, "PassEasyWay": 1.0, "WheelchairAuditorium": 0.0 }, "geometry": { "type": "Point", "coordinates": [ 121.570670809709995, 25.0362441223348 ] } },
{ "type": "Feature", "properties": { "GymType": "陸上/射擊運動設施/田徑場", "Name": "永春國小操場", "Addr": "臺北市信義區永春里松山路225巷48號", "OperationTel": "02-27641314#621", "WebUrl": "http://www.ycps.tp.edu.tw", "Lat": 25.0444970433681, "Lng": 121.57960206270199, "PassEasyEle": 0.0, "PassEasyParking": 0.0, "PassEasyShower": 0.0, "PassEasyToilet": 0.0, "PassEasyWay": 0.0, "WheelchairAuditorium": 0.0 }, "geometry": { "type": "Point", "coordinates": [ 121.579602062701994, 25.0444970433681 ] } },
{ "type": "Feature", "properties": { "GymType": "球類運動設施/籃球場館", "Name": "士東國小籃球場", "Addr": "臺北市士林區蘭雅里中山北路6段392號", "OperationTel": "02-28710064#234", "WebUrl": "http://www.stes.tp.edu.tw", "Lat": 25.112812746809698, "Lng": 121.52751088142401, "PassEasyEle": 2.0, "PassEasyParking": 3.0, "PassEasyShower": 1.0, "PassEasyToilet": 1.0, "PassEasyWay": 3.0, "WheelchairAuditorium": 0.0 }, "geometry": { "type": "Point", "coordinates": [ 121.527510881424007, 25.112812746809698 ] } },
{ "type": "Feature", "properties": { "GymType": "球類運動設施/羽球場館", "Name": "士東國小活動中心", "Addr": "臺北市士林區蘭雅里中山北路6段392號", "OperationTel": "02-28710064#234", "WebUrl": "http://www.stes.tp.edu.tw", "Lat": 25.112715599959198, "Lng": 121.52751088142401, "PassEasyEle": 2.0, "PassEasyParking": 3.0, "PassEasyShower": 1.0, "PassEasyToilet": 1.0, "PassEasyWay": 3.0, "WheelchairAuditorium": 0.0 }, "geometry": { "type": "Point", "coordinates": [ 121.527510881424007, 25.112715599959198 ] } },
{ "type": "Feature", "properties": { "GymType": "水上/冰上運動設施/游泳池", "Name": "士東國小游泳池", "Addr": "臺北市士林區蘭雅里中山北路6段392號", "OperationTel": "02-28710064", "WebUrl": "http://www.stes.tp.edu.tw", "Lat": 25.112686455889001, "Lng": 121.527435779572, "PassEasyEle": 2.0, "PassEasyParking": 3.0, "PassEasyShower": 1.0, "PassEasyToilet": 1.0, "PassEasyWay": 3.0, "WheelchairAuditorium": 0.0 }, "geometry": { "type": "Point", "coordinates": [ 121.527435779572002, 25.112686455889001 ] } },
{ "type": "Feature", "properties": { "GymType": "陸上/射擊運動設施/環形或直線慢跑場（非田徑場）", "Name": "明道國小環形/直線慢跑道(非田徑場型)", "Addr": "臺北市文山區木柵路2段138巷61號", "OperationTel": "02-29392821#20", "WebUrl": "http://www.mdps.tp.edu.tw", "Lat": 24.9875293883353, "Lng": 121.56408172839301, "PassEasyEle": 0.0, "PassEasyParking": 0.0, "PassEasyShower": 0.0, "PassEasyToilet": 1.0, "PassEasyWay": 0.0, "WheelchairAuditorium": 0.0 }, "geometry": { "type": "Point", "coordinates": [ 121.564081728393006, 24.9875293883353 ] } },
{ "type": "Feature", "properties": { "GymType": "球類運動設施/籃球場館", "Name": "萬福國小籃球場", "Addr": "臺北市文山區羅斯福5段170巷32號", "OperationTel": "02-29353123", "WebUrl": "http://www.wfps.tp.edu.tw", "Lat": 25.005159797735999, "Lng": 121.536916851965, "PassEasyEle": 0.0, "PassEasyParking": 0.0, "PassEasyShower": 1.0, "PassEasyToilet": 1.0, "PassEasyWay": 1.0, "WheelchairAuditorium": 0.0 }, "geometry": { "type": "Point", "coordinates": [ 121.536916851965003, 25.005159797735999 ] } },
{ "type": "Feature", "properties": { "GymType": "水上/冰上運動設施/游泳池", "Name": "文林國小游泳池", "Addr": "臺北市北投區建民里文林北路155號", "OperationTel": "02-28234212", "WebUrl": "http://www.wles.tp.edu.tw", "Lat": 25.1060608569396, "Lng": 121.514196395874, "PassEasyEle": 0.0, "PassEasyParking": 0.0, "PassEasyShower": 2.0, "PassEasyToilet": 1.0, "PassEasyWay": 1.0, "WheelchairAuditorium": 0.0 }, "geometry": { "type": "Point", "coordinates": [ 121.514196395873995, 25.1060608569396 ] } },
{ "type": "Feature", "properties": { "GymType": "球類運動設施/籃球場館", "Name": "中正國小活動中心", "Addr": "臺北市中山區力行里龍江路62號", "OperationTel": "02-25070932#124", "WebUrl": "http://web.jjes.tp.edu.tw", "Lat": 25.0502026113016, "Lng": 121.53925359249099, "PassEasyEle": 1.0, "PassEasyParking": 1.0, "PassEasyShower": 0.0, "PassEasyToilet": 1.0, "PassEasyWay": 1.0, "WheelchairAuditorium": 0.0 }, "geometry": { "type": "Point", "coordinates": [ 121.539253592490994, 25.0502026113016 ] } },
{ "type": "Feature", "properties": { "GymType": "球類運動設施/籃球場館", "Name": "桃源國中籃球場", "Addr": "臺北市北投區一德里中央北路4段48號", "OperationTel": "02-28929633#235", "WebUrl": "http://www.tyjh.tp.edu.tw/TYJHenable/", "Lat": 25.134595977765599, "Lng": 121.47705852985401, "PassEasyEle": 0.0, "PassEasyParking": 1.0, "PassEasyShower": 0.0, "PassEasyToilet": 0.0, "PassEasyWay": 1.0, "WheelchairAuditorium": 0.0 }, "geometry": { "type": "Point", "coordinates": [ 121.477058529854006, 25.134595977765599 ] } },
{ "type": "Feature", "properties": { "GymType": "陸上/射擊運動設施/田徑場", "Name": "桃源國中操場", "Addr": "臺北市北投區一德里中央北路4段48號", "OperationTel": "02-28929633#235", "WebUrl": "http://www.tyjh.tp.edu.tw/TYJHenable/", "Lat": 25.134753206032102, "Lng": 121.477339491248, "PassEasyEle": 0.0, "PassEasyParking": 0.0, "PassEasyShower": 0.0, "PassEasyToilet": 0.0, "PassEasyWay": 0.0, "WheelchairAuditorium": 0.0 }, "geometry": { "type": "Point", "coordinates": [ 121.477339491248003, 25.134753206032102 ] } },
{ "type": "Feature", "properties": { "GymType": "水上/冰上運動設施/游泳池", "Name": "福林國小溫水游泳池", "Addr": "臺北市士林區福志路75號", "OperationTel": "02-28316293", "WebUrl": "http://www.flps.tp.edu.tw/", "Lat": 25.098390452022599, "Lng": 121.530520319939, "PassEasyEle": 0.0, "PassEasyParking": 0.0, "PassEasyShower": 1.0, "PassEasyToilet": 0.0, "PassEasyWay": 1.0, "WheelchairAuditorium": 1.0 }, "geometry": { "type": "Point", "coordinates": [ 121.530520319939001, 25.098390452022599 ] } },
{ "type": "Feature", "properties": { "GymType": "球類運動設施/籃球場館", "Name": "芝山國小芝星廣場", "Addr": "臺北市士林區芝山里德行東路285號", "OperationTel": "02-28316115#233", "WebUrl": "http://www.zsps.tp.edu.tw", "Lat": 25.1100572, "Lng": 121.5358076, "PassEasyEle": 0.0, "PassEasyParking": 0.0, "PassEasyShower": 0.0, "PassEasyToilet": 2.0, "PassEasyWay": 0.0, "WheelchairAuditorium": 0.0 }, "geometry": { "type": "Point", "coordinates": [ 121.5358076, 25.1100572 ] } },
{ "type": "Feature", "properties": { "GymType": "水上/冰上運動設施/游泳池", "Name": "濱江國小采堤游泳館", "Addr": "臺北市中山區樂群二路266巷99號", "OperationTel": "02-85023217", "WebUrl": "http://www.bjes.tp.edu.tw/", "Lat": 25.0781458517449, "Lng": 121.561666131019, "PassEasyEle": 0.0, "PassEasyParking": 0.0, "PassEasyShower": 0.0, "PassEasyToilet": 1.0, "PassEasyWay": 1.0, "WheelchairAuditorium": 0.0 }, "geometry": { "type": "Point", "coordinates": [ 121.561666131018995, 25.0781458517449 ] } },
{ "type": "Feature", "properties": { "GymType": "水上/冰上運動設施/游泳池", "Name": "山豬窟游泳池館", "Addr": "臺北市 南港區 舊莊街一段290巷32號", "OperationTel": "02-26547412#126", "WebUrl": "http://www.dep.gov.taipei/", "Lat": 25.0325042794849, "Lng": 121.624470055103, "PassEasyEle": 1.0, "PassEasyParking": 1.0, "PassEasyShower": 1.0, "PassEasyToilet": 1.0, "PassEasyWay": 2.0, "WheelchairAuditorium": 0.0 }, "geometry": { "type": "Point", "coordinates": [ 121.624470055103004, 25.0325042794849 ] } },
{ "type": "Feature", "properties": { "GymType": "球類運動設施/羽球場館", "Name": "羽球場館", "Addr": "臺北市大安區農場里羅斯褔路四段21號", "OperationTel": "02-23639815#13", "WebUrl": "http://www.mhps.tp.edu.tw", "Lat": 25.014039495591899, "Lng": 121.53562236917401, "PassEasyEle": 1.0, "PassEasyParking": 0.0, "PassEasyShower": 0.0, "PassEasyToilet": 1.0, "PassEasyWay": 2.0, "WheelchairAuditorium": 0.0 }, "geometry": { "type": "Point", "coordinates": [ 121.535622369174007, 25.014039495591899 ] } },
{ "type": "Feature", "properties": { "GymType": "水上/冰上運動設施/游泳池", "Name": "大湖國小活動中心暨溫水游泳池", "Addr": "臺北市內湖區大湖里大湖山莊街170號", "OperationTel": "02-27915870#510", "WebUrl": "http://www.dhps.tp.edu.tw", "Lat": 25.0875714002579, "Lng": 121.600509881973, "PassEasyEle": 1.0, "PassEasyParking": 2.0, "PassEasyShower": 0.0, "PassEasyToilet": 4.0, "PassEasyWay": 1.0, "WheelchairAuditorium": 0.0 }, "geometry": { "type": "Point", "coordinates": [ 121.600509881972997, 25.0875714002579 ] } },
{ "type": "Feature", "properties": { "GymType": "球類運動設施/桌球場館", "Name": "龍安國小活動中心", "Addr": "臺北市大安區龍門里新生南路3段33號", "OperationTel": "02-23632077#724", "WebUrl": "http://www.laes.tp.edu.tw", "Lat": 25.024067864552599, "Lng": 121.535342931747, "PassEasyEle": 1.0, "PassEasyParking": 1.0, "PassEasyShower": 0.0, "PassEasyToilet": 1.0, "PassEasyWay": 1.0, "WheelchairAuditorium": 0.0 }, "geometry": { "type": "Point", "coordinates": [ 121.535342931746996, 25.024067864552599 ] } },
{ "type": "Feature", "properties": { "GymType": "球類運動設施/籃球場館", "Name": "士林國小籃球場", "Addr": "臺北市士林區福德里大東路165號", "OperationTel": "02-28812231#222", "WebUrl": "http://www.slps.tp.edu.tw", "Lat": 25.093212778230299, "Lng": 121.52460336685201, "PassEasyEle": null, "PassEasyParking": null, "PassEasyShower": null, "PassEasyToilet": null, "PassEasyWay": null, "WheelchairAuditorium": null }, "geometry": { "type": "Point", "coordinates": [ 121.524603366852006, 25.093212778230299 ] } },
{ "type": "Feature", "properties": { "GymType": "球類運動設施/籃球場館", "Name": "長安國中綜合球場", "Addr": "臺北市中山區興亞里松江路70巷11號", "OperationTel": "02-25112382#309", "WebUrl": "http://www.cajh.tp.edu.tw", "Lat": 25.049416166595901, "Lng": 121.531923600279, "PassEasyEle": 1.0, "PassEasyParking": 1.0, "PassEasyShower": 0.0, "PassEasyToilet": 1.0, "PassEasyWay": 1.0, "WheelchairAuditorium": 0.0 }, "geometry": { "type": "Point", "coordinates": [ 121.531923600279001, 25.049416166595901 ] } },
{ "type": "Feature", "properties": { "GymType": "陸上/射擊運動設施/田徑場", "Name": "萬福國小田徑場", "Addr": "臺北市文山區羅斯福5段170巷32號", "OperationTel": "02-29353123", "WebUrl": "http://www.wfps.tp.edu.tw", "Lat": 25.005243822562001, "Lng": 121.53661644455499, "PassEasyEle": 0.0, "PassEasyParking": 0.0, "PassEasyShower": 1.0, "PassEasyToilet": 1.0, "PassEasyWay": 1.0, "WheelchairAuditorium": 0.0 }, "geometry": { "type": "Point", "coordinates": [ 121.536616444554994, 25.005243822562001 ] } },
{ "type": "Feature", "properties": { "GymType": "球類運動設施/籃球場館", "Name": "風雨球場", "Addr": "臺北市文山區羅斯福5段170巷32號", "OperationTel": "02-29353123#132", "WebUrl": "http://www.wfps.tp.edu.tw", "Lat": 25.005175760054598, "Lng": 121.536729097334, "PassEasyEle": 0.0, "PassEasyParking": 0.0, "PassEasyShower": 1.0, "PassEasyToilet": 1.0, "PassEasyWay": 1.0, "WheelchairAuditorium": 0.0 }, "geometry": { "type": "Point", "coordinates": [ 121.536729097334003, 25.005175760054598 ] } },
{ "type": "Feature", "properties": { "GymType": "球類運動設施/籃球場館", "Name": "文林國小活動中心", "Addr": "臺北市北投區建民里文林北路155號", "OperationTel": "02-28234212", "WebUrl": "http://www.wles.tp.edu.tw", "Lat": 25.106002565619502, "Lng": 121.514164209366, "PassEasyEle": 0.0, "PassEasyParking": 2.0, "PassEasyShower": 0.0, "PassEasyToilet": 2.0, "PassEasyWay": 1.0, "WheelchairAuditorium": 0.0 }, "geometry": { "type": "Point", "coordinates": [ 121.514164209366001, 25.106002565619502 ] } },
{ "type": "Feature", "properties": { "GymType": "陸上/射擊運動設施/田徑場", "Name": "文林國小田徑場", "Addr": "臺北市北投區建民里文林北路155號", "OperationTel": "02-28234212#303", "WebUrl": "http://www.wles.tp.edu.tw", "Lat": 25.105674676426201, "Lng": 121.51394963264499, "PassEasyEle": 0.0, "PassEasyParking": 0.0, "PassEasyShower": 0.0, "PassEasyToilet": 1.0, "PassEasyWay": 1.0, "WheelchairAuditorium": 0.0 }, "geometry": { "type": "Point", "coordinates": [ 121.513949632644994, 25.105674676426201 ] } },
{ "type": "Feature", "properties": { "GymType": "陸上/射擊運動設施/田徑場", "Name": "桃源國小田徑場　", "Addr": "臺北市北投區中央北路3段40巷45號", "OperationTel": "02-28941208#124", "WebUrl": "http://www.tyues.tp.edu.tw", "Lat": 25.139651463255401, "Lng": 121.483361721039, "PassEasyEle": 0.0, "PassEasyParking": 0.0, "PassEasyShower": 0.0, "PassEasyToilet": 0.0, "PassEasyWay": 0.0, "WheelchairAuditorium": 0.0 }, "geometry": { "type": "Point", "coordinates": [ 121.483361721039003, 25.139651463255401 ] } },
{ "type": "Feature", "properties": { "GymType": "球類運動設施/籃球場館", "Name": "景美國小活動中心", "Addr": "臺北市文山區景行里景文街108號", "OperationTel": "02-29322151#123", "WebUrl": "http://www.cmes.tp.edu.tw", "Lat": 24.9890491902515, "Lng": 121.53999745873099, "PassEasyEle": 1.0, "PassEasyParking": 0.0, "PassEasyShower": 0.0, "PassEasyToilet": 0.0, "PassEasyWay": 1.0, "WheelchairAuditorium": 0.0 }, "geometry": { "type": "Point", "coordinates": [ 121.539997458730994, 24.9890491902515 ] } },
{ "type": "Feature", "properties": { "GymType": "球類運動設施/籃球場館", "Name": "景美國小籃球場", "Addr": "臺北市文山區景行里景文街108號", "OperationTel": "02-29322151#123", "WebUrl": "http://www.cmes.tp.edu.tw", "Lat": 24.9893179102734, "Lng": 121.54045622797901, "PassEasyEle": 0.0, "PassEasyParking": 0.0, "PassEasyShower": 0.0, "PassEasyToilet": 1.0, "PassEasyWay": 3.0, "WheelchairAuditorium": 0.0 }, "geometry": { "type": "Point", "coordinates": [ 121.540456227979007, 24.9893179102734 ] } },
{ "type": "Feature", "properties": { "GymType": "球類運動設施/籃球場館", "Name": "信義國中風雨操場", "Addr": "臺北市信義區松仁路158巷1號", "OperationTel": "02-27236771", "WebUrl": "http://www.syijh.tp.edu.tw", "Lat": 25.0291990766687, "Lng": 121.567175388336, "PassEasyEle": 0.0, "PassEasyParking": 0.0, "PassEasyShower": 0.0, "PassEasyToilet": 0.0, "PassEasyWay": 0.0, "WheelchairAuditorium": 0.0 }, "geometry": { "type": "Point", "coordinates": [ 121.567175388335997, 25.0291990766687 ] } },
{ "type": "Feature", "properties": { "GymType": "球類運動設施/籃球場館", "Name": "萬芳高中學生活動中心", "Addr": "臺北市文山區興隆路3段115巷1號", "OperationTel": "02-22309585#350", "WebUrl": "http://www.wfsh.tp.edu.tw", "Lat": 25.000858170267801, "Lng": 121.55842602253, "PassEasyEle": 1.0, "PassEasyParking": 1.0, "PassEasyShower": 0.0, "PassEasyToilet": 1.0, "PassEasyWay": 1.0, "WheelchairAuditorium": 0.0 }, "geometry": { "type": "Point", "coordinates": [ 121.55842602253, 25.000858170267801 ] } },
{ "type": "Feature", "properties": { "GymType": "陸上/射擊運動設施/田徑場", "Name": "景美國小田徑場", "Addr": "臺北市文山區景行里景文街108號", "OperationTel": "02-29322151#123", "WebUrl": "http://www.cmes.tp.edu.tw", "Lat": 24.988793435835198, "Lng": 121.540454328278, "PassEasyEle": 0.0, "PassEasyParking": 0.0, "PassEasyShower": 0.0, "PassEasyToilet": 0.0, "PassEasyWay": 1.0, "WheelchairAuditorium": 0.0 }, "geometry": { "type": "Point", "coordinates": [ 121.540454328278003, 24.988793435835198 ] } },
{ "type": "Feature", "properties": { "GymType": "技擊運動設施/跆拳道場", "Name": "信義國中跆拳道場", "Addr": "臺北市信義區松仁路158巷1號", "OperationTel": "02-27236771", "WebUrl": "http://www.syijh.tp.edu.tw", "Lat": 25.0293400356652, "Lng": 121.567009091377, "PassEasyEle": 0.0, "PassEasyParking": 0.0, "PassEasyShower": 0.0, "PassEasyToilet": 0.0, "PassEasyWay": 0.0, "WheelchairAuditorium": 0.0 }, "geometry": { "type": "Point", "coordinates": [ 121.567009091377003, 25.0293400356652 ] } },
{ "type": "Feature", "properties": { "GymType": "陸上/射擊運動設施/田徑場", "Name": "博嘉國小運動場", "Addr": "臺北市文山區木柵路4段159巷14號之1", "OperationTel": "02-22302585#122", "WebUrl": "http://www.bjps.tp.edu.tw", "Lat": 25.002015268429801, "Lng": 121.575479507446, "PassEasyEle": 0.0, "PassEasyParking": 0.0, "PassEasyShower": 0.0, "PassEasyToilet": 0.0, "PassEasyWay": 0.0, "WheelchairAuditorium": 0.0 }, "geometry": { "type": "Point", "coordinates": [ 121.575479507446005, 25.002015268429801 ] } },
{ "type": "Feature", "properties": { "GymType": "陸上/射擊運動設施/田徑場", "Name": "萬芳高中田徑場", "Addr": "臺北市文山區興隆路3段115巷1號", "OperationTel": "02-22309585#350", "WebUrl": "http://www.wfsh.tp.edu.tw", "Lat": 25.002034715364601, "Lng": 121.559316515923, "PassEasyEle": 0.0, "PassEasyParking": 0.0, "PassEasyShower": 0.0, "PassEasyToilet": 0.0, "PassEasyWay": 0.0, "WheelchairAuditorium": 0.0 }, "geometry": { "type": "Point", "coordinates": [ 121.559316515923001, 25.002034715364601 ] } },
{ "type": "Feature", "properties": { "GymType": "球類運動設施/籃球場館", "Name": "西松高中活動中心", "Addr": "臺北市松山區鵬程里健康路325巷7號西南側", "OperationTel": "02-25286618", "WebUrl": "http://www.hssh.tp.edu.tw", "Lat": 25.055005401749, "Lng": 121.56614005565601, "PassEasyEle": 1.0, "PassEasyParking": 2.0, "PassEasyShower": 1.0, "PassEasyToilet": 5.0, "PassEasyWay": 1.0, "WheelchairAuditorium": 0.0 }, "geometry": { "type": "Point", "coordinates": [ 121.566140055656007, 25.055005401749 ] } },
{ "type": "Feature", "properties": { "GymType": "陸上/射擊運動設施/田徑場", "Name": "信義國中田徑場", "Addr": "臺北市信義區松仁路158巷1號", "OperationTel": "02-27236771", "WebUrl": "http://www.syijh.tp.edu.tw", "Lat": 25.0296122318898, "Lng": 121.567888855934, "PassEasyEle": 0.0, "PassEasyParking": 0.0, "PassEasyShower": 0.0, "PassEasyToilet": 0.0, "PassEasyWay": 0.0, "WheelchairAuditorium": 0.0 }, "geometry": { "type": "Point", "coordinates": [ 121.567888855934001, 25.0296122318898 ] } },
{ "type": "Feature", "properties": { "GymType": "水上/冰上運動設施/游泳池", "Name": "北安國中多功能場地", "Addr": "臺北市中山區明水路325號", "OperationTel": "02-25325733", "WebUrl": "http://www.pajh.tp.edu.tw/", "Lat": 25.079093297934602, "Lng": 121.54247760772699, "PassEasyEle": 1.0, "PassEasyParking": 1.0, "PassEasyShower": 1.0, "PassEasyToilet": 1.0, "PassEasyWay": 1.0, "WheelchairAuditorium": 0.0 }, "geometry": { "type": "Point", "coordinates": [ 121.542477607726994, 25.079093297934602 ] } },
{ "type": "Feature", "properties": { "GymType": "水上/冰上運動設施/游泳池", "Name": "景美國小游泳池", "Addr": "臺北市文山區景行里景文街108號", "OperationTel": "02-29322151#123", "WebUrl": "http://www.cmes.tp.edu.tw", "Lat": 24.988782252702499, "Lng": 121.539976000895, "PassEasyEle": 1.0, "PassEasyParking": 6.0, "PassEasyShower": 0.0, "PassEasyToilet": 1.0, "PassEasyWay": 0.0, "WheelchairAuditorium": 2.0 }, "geometry": { "type": "Point", "coordinates": [ 121.539976000894995, 24.988782252702499 ] } },
{ "type": "Feature", "properties": { "GymType": "球類運動設施/籃球場館", "Name": "景興國小活動中心", "Addr": "臺北市文山區興安里景華街150巷21號", "OperationTel": "02-29329439#723", "WebUrl": "http://www.chps.tp.edu.tw", "Lat": 24.996521386086901, "Lng": 121.548244357109, "PassEasyEle": 1.0, "PassEasyParking": 1.0, "PassEasyShower": 0.0, "PassEasyToilet": 1.0, "PassEasyWay": 0.0, "WheelchairAuditorium": 0.0 }, "geometry": { "type": "Point", "coordinates": [ 121.548244357108999, 24.996521386086901 ] } },
{ "type": "Feature", "properties": { "GymType": "球類運動設施/籃球場館", "Name": "瑠公國中活動中心", "Addr": "臺北市信義區福德街221巷15號", "OperationTel": "02-27261481#401", "WebUrl": "http://www.lkjh.tp.edu.tw", "Lat": 25.037423034109398, "Lng": 121.585505604744, "PassEasyEle": 0.0, "PassEasyParking": 0.0, "PassEasyShower": 0.0, "PassEasyToilet": 0.0, "PassEasyWay": 0.0, "WheelchairAuditorium": 0.0 }, "geometry": { "type": "Point", "coordinates": [ 121.585505604744, 25.037423034109398 ] } },
{ "type": "Feature", "properties": { "GymType": "球類運動設施/籃球場館", "Name": "桃源國小籃球場", "Addr": "臺北市北投區中央北路3段40巷45號", "OperationTel": "02-28941208#124", "WebUrl": "http://www.tyues.tp.edu.tw", "Lat": 25.1395980442339, "Lng": 121.48450434207901, "PassEasyEle": 0.0, "PassEasyParking": 0.0, "PassEasyShower": 0.0, "PassEasyToilet": 0.0, "PassEasyWay": 0.0, "WheelchairAuditorium": 0.0 }, "geometry": { "type": "Point", "coordinates": [ 121.484504342079006, 25.1395980442339 ] } },
{ "type": "Feature", "properties": { "GymType": "球類運動設施/羽球場館", "Name": "新生國小活動中心", "Addr": "臺北市大安區新生南路二段36號", "OperationTel": "02-23913122", "WebUrl": "http://www.snes.tp.edu.tw", "Lat": 25.030142040666799, "Lng": 121.533100605011, "PassEasyEle": 1.0, "PassEasyParking": 0.0, "PassEasyShower": 0.0, "PassEasyToilet": 0.0, "PassEasyWay": 0.0, "WheelchairAuditorium": 0.0 }, "geometry": { "type": "Point", "coordinates": [ 121.533100605011001, 25.030142040666799 ] } },
{ "type": "Feature", "properties": { "GymType": "水上/冰上運動設施/游泳池", "Name": "新生國小游泳池", "Addr": "臺北市大安區新生南路二段36號", "OperationTel": "02-23913122", "WebUrl": "http://www.snes.tp.edu.tw", "Lat": 25.029539322245899, "Lng": 121.53262317180599, "PassEasyEle": 1.0, "PassEasyParking": 0.0, "PassEasyShower": 2.0, "PassEasyToilet": 3.0, "PassEasyWay": 0.0, "WheelchairAuditorium": 0.0 }, "geometry": { "type": "Point", "coordinates": [ 121.532623171805994, 25.029539322245899 ] } },
{ "type": "Feature", "properties": { "GymType": "陸上/射擊運動設施/田徑場", "Name": "田徑場", "Addr": "臺北市大安區新生南路二段36號", "OperationTel": "02-23913122", "WebUrl": "http://www.snes.tp.edu.tw", "Lat": 25.029529600956799, "Lng": 121.53215110302, "PassEasyEle": 0.0, "PassEasyParking": 0.0, "PassEasyShower": 0.0, "PassEasyToilet": 0.0, "PassEasyWay": 2.0, "WheelchairAuditorium": 0.0 }, "geometry": { "type": "Point", "coordinates": [ 121.532151103019999, 25.029529600956799 ] } },
{ "type": "Feature", "properties": { "GymType": "球類運動設施/籃球場館", "Name": "大安國中活動中心", "Addr": "臺北市大安區大安路2段63號", "OperationTel": "02-27557131#132", "WebUrl": "http://www.tajh.tp.edu.tw", "Lat": 25.029762428630601, "Lng": 121.54648580339401, "PassEasyEle": 0.0, "PassEasyParking": 0.0, "PassEasyShower": 0.0, "PassEasyToilet": 0.0, "PassEasyWay": 0.0, "WheelchairAuditorium": 0.0 }, "geometry": { "type": "Point", "coordinates": [ 121.546485803394006, 25.029762428630601 ] } },
{ "type": "Feature", "properties": { "GymType": "球類運動設施/籃球場館", "Name": "社子國小學生活動中心", "Addr": "臺北市士林區永倫里延平北路六段308號", "OperationTel": "02-28126195#821", "WebUrl": "http://www.stps.tp.edu.tw", "Lat": 25.089995689451101, "Lng": 121.503489017487, "PassEasyEle": 1.0, "PassEasyParking": 1.0, "PassEasyShower": 0.0, "PassEasyToilet": 0.0, "PassEasyWay": 1.0, "WheelchairAuditorium": 0.0 }, "geometry": { "type": "Point", "coordinates": [ 121.503489017486999, 25.089995689451101 ] } },
{ "type": "Feature", "properties": { "GymType": "球類運動設施/羽球場館", "Name": "永吉國小風雨操場", "Addr": "臺北市信義區永春里松山路287巷5號", "OperationTel": "02-87858111#640", "WebUrl": "http://www.yhps.tp.edu.tw", "Lat": 25.043369506191802, "Lng": 121.579741537571, "PassEasyEle": 0.0, "PassEasyParking": 0.0, "PassEasyShower": 0.0, "PassEasyToilet": 1.0, "PassEasyWay": 1.0, "WheelchairAuditorium": 0.0 }, "geometry": { "type": "Point", "coordinates": [ 121.579741537570996, 25.043369506191802 ] } },
{ "type": "Feature", "properties": { "GymType": "球類運動設施/籃球場館", "Name": "內湖國中戶外籃球場", "Addr": "臺北市內湖區紫陽里陽光街1號", "OperationTel": "02-27900843", "WebUrl": "http://www.nhjh.tp.edu.tw", "Lat": 25.075961838881302, "Lng": 121.58955842256501, "PassEasyEle": 0.0, "PassEasyParking": 2.0, "PassEasyShower": 0.0, "PassEasyToilet": 1.0, "PassEasyWay": 1.0, "WheelchairAuditorium": 0.0 }, "geometry": { "type": "Point", "coordinates": [ 121.589558422565005, 25.075961838881302 ] } },
{ "type": "Feature", "properties": { "GymType": "水上/冰上運動設施/游泳池", "Name": "西湖國小活動中心", "Addr": "臺北市內湖區西湖里環山路1段25號", "OperationTel": "02-27971267#142", "WebUrl": "https://www.hhups.tp.edu.tw/nss/p/index", "Lat": 25.083353110743001, "Lng": 121.566542367777, "PassEasyEle": 0.0, "PassEasyParking": 1.0, "PassEasyShower": 0.0, "PassEasyToilet": 1.0, "PassEasyWay": 2.0, "WheelchairAuditorium": 0.0 }, "geometry": { "type": "Point", "coordinates": [ 121.566542367777004, 25.083353110743001 ] } },
{ "type": "Feature", "properties": { "GymType": "球類運動設施/排球場館", "Name": "五常國小體育館", "Addr": "臺北市中山區下埤里五常街16號", "OperationTel": "02-25023416#825", "WebUrl": "http://www.wcps.tp.edu.tw/enable01/index.php", "Lat": 25.063983086826301, "Lng": 121.54154419899, "PassEasyEle": 1.0, "PassEasyParking": 0.0, "PassEasyShower": 1.0, "PassEasyToilet": 1.0, "PassEasyWay": 1.0, "WheelchairAuditorium": 0.0 }, "geometry": { "type": "Point", "coordinates": [ 121.541544198989996, 25.063983086826301 ] } },
{ "type": "Feature", "properties": { "GymType": "陸上/射擊運動設施/田徑場", "Name": "明德國中田徑場", "Addr": "臺北市北投區建民里明德路50號", "OperationTel": "02-28232539#605", "WebUrl": "http://www.mdjh.tp.edu.tw", "Lat": 25.1079941699779, "Lng": 121.518697142601, "PassEasyEle": 0.0, "PassEasyParking": 1.0, "PassEasyShower": 0.0, "PassEasyToilet": 1.0, "PassEasyWay": 0.0, "WheelchairAuditorium": 0.0 }, "geometry": { "type": "Point", "coordinates": [ 121.518697142600999, 25.1079941699779 ] } },
{ "type": "Feature", "properties": { "GymType": "陸上/射擊運動設施/田徑場", "Name": "芳和實中田徑場", "Addr": "臺北市大安區芳和里臥龍街170號", "OperationTel": "02-27321961#304", "WebUrl": "https://www.fhehs.tp.edu.tw/", "Lat": 25.0192926561765, "Lng": 121.549757122993, "PassEasyEle": 0.0, "PassEasyParking": 2.0, "PassEasyShower": 0.0, "PassEasyToilet": 0.0, "PassEasyWay": 1.0, "WheelchairAuditorium": 0.0 }, "geometry": { "type": "Point", "coordinates": [ 121.549757122993, 25.0192926561765 ] } },
{ "type": "Feature", "properties": { "GymType": "球類運動設施/排球場館", "Name": "內湖國中戶外排球場", "Addr": "臺北市內湖區紫陽里陽光街1號", "OperationTel": "02-27900843", "WebUrl": "http://www.nhjh.tp.edu.tw", "Lat": 25.076447718304902, "Lng": 121.58982664346701, "PassEasyEle": 0.0, "PassEasyParking": 2.0, "PassEasyShower": 0.0, "PassEasyToilet": 1.0, "PassEasyWay": 1.0, "WheelchairAuditorium": 0.0 }, "geometry": { "type": "Point", "coordinates": [ 121.589826643467006, 25.076447718304902 ] } },
{ "type": "Feature", "properties": { "GymType": "球類運動設施/籃球場館", "Name": "至善國中籃球場", "Addr": "臺北市士林區臨溪里至善路2段360號", "OperationTel": "02-28411350#40", "WebUrl": "http://www.jsjh.tp.edu.tw", "Lat": 25.103816621057199, "Lng": 121.55690386891401, "PassEasyEle": 0.0, "PassEasyParking": 1.0, "PassEasyShower": 0.0, "PassEasyToilet": 0.0, "PassEasyWay": 1.0, "WheelchairAuditorium": 0.0 }, "geometry": { "type": "Point", "coordinates": [ 121.556903868914006, 25.103816621057199 ] } },
{ "type": "Feature", "properties": { "GymType": "球類運動設施/籃球場館", "Name": "萬華國中活動中心", "Addr": "臺北市萬華區日善里西藏路201號", "OperationTel": "02-23394567#133", "WebUrl": "http://www.whjhs.tp.edu.tw", "Lat": 25.024678581616101, "Lng": 121.484155654907, "PassEasyEle": 0.0, "PassEasyParking": 0.0, "PassEasyShower": 0.0, "PassEasyToilet": 1.0, "PassEasyWay": 1.0, "WheelchairAuditorium": 0.0 }, "geometry": { "type": "Point", "coordinates": [ 121.484155654906999, 25.024678581616101 ] } },
{ "type": "Feature", "properties": { "GymType": "球類運動設施/網球場館", "Name": "至善國中戶外網球場", "Addr": "臺北市士林區臨溪里至善路2段360號", "OperationTel": "02-28411350#40", "WebUrl": "http://www.jsjh.tp.edu.tw", "Lat": 25.104275672656499, "Lng": 121.557221710682, "PassEasyEle": 0.0, "PassEasyParking": 1.0, "PassEasyShower": 0.0, "PassEasyToilet": 0.0, "PassEasyWay": 1.0, "WheelchairAuditorium": 0.0 }, "geometry": { "type": "Point", "coordinates": [ 121.557221710682001, 25.104275672656499 ] } },
{ "type": "Feature", "properties": { "GymType": "陸上/射擊運動設施/田徑場", "Name": "大佳國小運動場", "Addr": "臺北市中山區大佳里6鄰濱江街107號", "OperationTel": "02-25035816", "WebUrl": "http://www.djes.tp.edu.tw", "Lat": 25.073559136793101, "Lng": 121.536791324615, "PassEasyEle": 0.0, "PassEasyParking": 1.0, "PassEasyShower": 1.0, "PassEasyToilet": 1.0, "PassEasyWay": 1.0, "WheelchairAuditorium": 0.0 }, "geometry": { "type": "Point", "coordinates": [ 121.536791324614995, 25.073559136793101 ] } },
{ "type": "Feature", "properties": { "GymType": "球類運動設施/籃球場館", "Name": "明德國中體育館", "Addr": "臺北市北投區建民里明德路50號", "OperationTel": "02-28232539#605", "WebUrl": "http://www.mdjh.tp.edu.tw", "Lat": 25.1080257439321, "Lng": 121.518745422363, "PassEasyEle": 0.0, "PassEasyParking": 1.0, "PassEasyShower": 0.0, "PassEasyToilet": 0.0, "PassEasyWay": 1.0, "WheelchairAuditorium": 0.0 }, "geometry": { "type": "Point", "coordinates": [ 121.518745422362997, 25.1080257439321 ] } },
{ "type": "Feature", "properties": { "GymType": "球類運動設施/籃球場館", "Name": "永安國小風雨球場", "Addr": "臺北市中山區明水路397巷19弄1號", "OperationTel": "02-25335672#223", "WebUrl": "http://web.yaes.tp.edu.tw/front/bin/home.phtml", "Lat": 25.0793022209795, "Lng": 121.5498483181, "PassEasyEle": 0.0, "PassEasyParking": 0.0, "PassEasyShower": 0.0, "PassEasyToilet": 0.0, "PassEasyWay": 0.0, "WheelchairAuditorium": 0.0 }, "geometry": { "type": "Point", "coordinates": [ 121.549848318100004, 25.0793022209795 ] } },
{ "type": "Feature", "properties": { "GymType": "球類運動設施/籃球場館", "Name": "新民國中活動中心", "Addr": "臺北市北投區林泉里新民路10號", "OperationTel": "02-28979001#350", "WebUrl": "http://www.hmjh.tp.edu.tw", "Lat": 25.138340262338701, "Lng": 121.50642871856699, "PassEasyEle": 0.0, "PassEasyParking": 1.0, "PassEasyShower": 0.0, "PassEasyToilet": 0.0, "PassEasyWay": 1.0, "WheelchairAuditorium": 0.0 }, "geometry": { "type": "Point", "coordinates": [ 121.506428718566994, 25.138340262338701 ] } },
{ "type": "Feature", "properties": { "GymType": "陸上/射擊運動設施/田徑場", "Name": "興雅國中田徑場", "Addr": "臺北市信義區松德路168巷15號", "OperationTel": "02-27232771#330", "WebUrl": "http://www.syajh.tp.edu.tw", "Lat": 25.0350560295749, "Lng": 121.57221794128399, "PassEasyEle": 0.0, "PassEasyParking": 0.0, "PassEasyShower": 0.0, "PassEasyToilet": 0.0, "PassEasyWay": 1.0, "WheelchairAuditorium": 0.0 }, "geometry": { "type": "Point", "coordinates": [ 121.572217941283995, 25.0350560295749 ] } },
{ "type": "Feature", "properties": { "GymType": "陸上/射擊運動設施/田徑場", "Name": "永安田徑場", "Addr": "臺北市中山區明水路397巷19弄1號", "OperationTel": "02-25335672#223", "WebUrl": "http://web.yaes.tp.edu.tw/front/bin/home.phtml", "Lat": 25.0796131755489, "Lng": 121.549687385559, "PassEasyEle": 0.0, "PassEasyParking": 0.0, "PassEasyShower": 0.0, "PassEasyToilet": 0.0, "PassEasyWay": 0.0, "WheelchairAuditorium": 0.0 }, "geometry": { "type": "Point", "coordinates": [ 121.549687385558997, 25.0796131755489 ] } },
{ "type": "Feature", "properties": { "GymType": "球類運動設施/籃球場館", "Name": "興雅國中籃球場", "Addr": "臺北市信義區松德路168巷15號", "OperationTel": "02-27232771#330", "WebUrl": "http://www.syajh.tp.edu.tw", "Lat": 25.034985553380402, "Lng": 121.572456657887, "PassEasyEle": 0.0, "PassEasyParking": 0.0, "PassEasyShower": 0.0, "PassEasyToilet": 0.0, "PassEasyWay": 1.0, "WheelchairAuditorium": 0.0 }, "geometry": { "type": "Point", "coordinates": [ 121.572456657887003, 25.034985553380402 ] } },
{ "type": "Feature", "properties": { "GymType": "陸上/射擊運動設施/環形或直線慢跑場（非田徑場）", "Name": "新民國中室外綜合運動場", "Addr": "臺北市北投區林泉里新民路10號", "OperationTel": "02-28979001#350", "WebUrl": "http://www.hmjh.tp.edu.tw", "Lat": 25.138175147150999, "Lng": 121.506434082985, "PassEasyEle": 0.0, "PassEasyParking": 1.0, "PassEasyShower": 0.0, "PassEasyToilet": 0.0, "PassEasyWay": 1.0, "WheelchairAuditorium": 0.0 }, "geometry": { "type": "Point", "coordinates": [ 121.506434082984995, 25.138175147150999 ] } },
{ "type": "Feature", "properties": { "GymType": "水上/冰上運動設施/游泳池", "Name": "興雅國中游泳館", "Addr": "臺北市信義區松德路168巷15號", "OperationTel": "02-27232771#330", "WebUrl": "http://www.syajh.tp.edu.tw", "Lat": 25.035002564879299, "Lng": 121.572738289833, "PassEasyEle": 0.0, "PassEasyParking": 0.0, "PassEasyShower": 1.0, "PassEasyToilet": 2.0, "PassEasyWay": 0.0, "WheelchairAuditorium": 0.0 }, "geometry": { "type": "Point", "coordinates": [ 121.572738289832998, 25.035002564879299 ] } },
{ "type": "Feature", "properties": { "GymType": "陸上/射擊運動設施/環形或直線慢跑場（非田徑場）", "Name": "麗湖國小操場", "Addr": "臺北市內湖區金湖路363巷8號", "OperationTel": "(02)26343888#130", "WebUrl": "http://enable.lhes.tp.edu.tw/index.phtml", "Lat": 25.072451302761976, "Lng": 121.6010570526123, "PassEasyEle": null, "PassEasyParking": null, "PassEasyShower": null, "PassEasyToilet": null, "PassEasyWay": null, "WheelchairAuditorium": null }, "geometry": { "type": "Point", "coordinates": [ 121.601057052612305, 25.072451302761976 ] } },
{ "type": "Feature", "properties": { "GymType": "水上/冰上運動設施/游泳池", "Name": "麗山國小活動中心", "Addr": "臺北市內湖區港都里港華街100號", "OperationTel": "02-26574158#325", "WebUrl": "http://www.lnps.tp.edu.tw", "Lat": 25.0824505995088, "Lng": 121.572604179382, "PassEasyEle": 1.0, "PassEasyParking": 1.0, "PassEasyShower": 4.0, "PassEasyToilet": 4.0, "PassEasyWay": 3.0, "WheelchairAuditorium": 0.0 }, "geometry": { "type": "Point", "coordinates": [ 121.572604179381997, 25.0824505995088 ] } },
{ "type": "Feature", "properties": { "GymType": "水上/冰上運動設施/游泳池", "Name": "北投區回饋設施洲美運動公園", "Addr": "臺北市 北投區 洲美街271號", "OperationTel": "0228360050", "WebUrl": "https://www.ptrip.gov.taipei/Default.aspx", "Lat": 25.110126607949798, "Lng": 121.499572992325, "PassEasyEle": 1.0, "PassEasyParking": 8.0, "PassEasyShower": 1.0, "PassEasyToilet": 2.0, "PassEasyWay": 2.0, "WheelchairAuditorium": 0.0 }, "geometry": { "type": "Point", "coordinates": [ 121.499572992325, 25.110126607949798 ] } },
{ "type": "Feature", "properties": { "GymType": "球類運動設施/羽球場館", "Name": "日新國小體育館", "Addr": "臺北市大同區星明里太原路151號", "OperationTel": "02-25584819#313", "WebUrl": "http://www.zhps.tp.edu.tw", "Lat": 25.054148726117202, "Lng": 121.517578661442, "PassEasyEle": 0.0, "PassEasyParking": 0.0, "PassEasyShower": 0.0, "PassEasyToilet": 0.0, "PassEasyWay": 0.0, "WheelchairAuditorium": 0.0 }, "geometry": { "type": "Point", "coordinates": [ 121.517578661442002, 25.054148726117202 ] } },
{ "type": "Feature", "properties": { "GymType": "球類運動設施/籃球場館", "Name": "舊莊國小學生活動中心", "Addr": "臺北市南港區舊莊里舊莊街1段100號", "OperationTel": "02-27821418#130", "WebUrl": "http://www.zzes.tp.edu.tw", "Lat": 25.039926079563902, "Lng": 121.61994516849499, "PassEasyEle": 1.0, "PassEasyParking": 0.0, "PassEasyShower": 0.0, "PassEasyToilet": 3.0, "PassEasyWay": 1.0, "WheelchairAuditorium": 0.0 }, "geometry": { "type": "Point", "coordinates": [ 121.619945168494993, 25.039926079563902 ] } },
{ "type": "Feature", "properties": { "GymType": "球類運動設施/籃球場館", "Name": "迪化污水處理廠附設休閒運動公園", "Addr": "臺北市 大同區 酒泉街235號", "OperationTel": "02-25973183#871", "WebUrl": "https://sports.tms.gov.tw/venues/?K=793", "Lat": 25.073714621469101, "Lng": 121.51026427745801, "PassEasyEle": 0.0, "PassEasyParking": 3.0, "PassEasyShower": 0.0, "PassEasyToilet": 1.0, "PassEasyWay": 2.0, "WheelchairAuditorium": 0.0 }, "geometry": { "type": "Point", "coordinates": [ 121.510264277458006, 25.073714621469101 ] } },
{ "type": "Feature", "properties": { "GymType": "陸上/射擊運動設施/環形或直線慢跑場（非田徑場）", "Name": "富安國小操場", "Addr": "臺北市士林區富洲里延平北路8段135號", "OperationTel": "02-28103192#634", "WebUrl": "http://www.fuanps.tp.edu.tw", "Lat": 25.106521326775784, "Lng": 121.48211684438144, "PassEasyEle": 0.0, "PassEasyParking": 0.0, "PassEasyShower": 0.0, "PassEasyToilet": 0.0, "PassEasyWay": 1.0, "WheelchairAuditorium": 0.0 }, "geometry": { "type": "Point", "coordinates": [ 121.482116844381437, 25.106521326775784 ] } },
{ "type": "Feature", "properties": { "GymType": "水上/冰上運動設施/游泳池", "Name": "葫蘆國小游泳池", "Addr": "臺北市士林區環河北路3段95號", "OperationTel": "02-28111155", "WebUrl": "http://www.hrps.tp.edu.tw/", "Lat": 25.0827518290127, "Lng": 121.507651805878, "PassEasyEle": 0.0, "PassEasyParking": 0.0, "PassEasyShower": 2.0, "PassEasyToilet": 2.0, "PassEasyWay": 1.0, "WheelchairAuditorium": 0.0 }, "geometry": { "type": "Point", "coordinates": [ 121.507651805877998, 25.0827518290127 ] } },
{ "type": "Feature", "properties": { "GymType": "球類運動設施/籃球場館", "Name": "葫蘆國小活動中心", "Addr": "臺北市士林區環河北路3段95號", "OperationTel": "02-28129586#835", "WebUrl": "http://www.hrps.tp.edu.tw", "Lat": 25.0840830602016, "Lng": 121.50712609291099, "PassEasyEle": 1.0, "PassEasyParking": 1.0, "PassEasyShower": 0.0, "PassEasyToilet": 1.0, "PassEasyWay": 2.0, "WheelchairAuditorium": 2.0 }, "geometry": { "type": "Point", "coordinates": [ 121.507126092910994, 25.0840830602016 ] } },
{ "type": "Feature", "properties": { "GymType": "球類運動設施/籃球場館", "Name": "濱江國中體樓", "Addr": "臺北市中山區樂群二路262號", "OperationTel": "02-85020126#301", "WebUrl": "http://www.bjjh.tp.edu.tw", "Lat": 25.079598599571099, "Lng": 121.56085073947899, "PassEasyEle": 1.0, "PassEasyParking": 2.0, "PassEasyShower": 1.0, "PassEasyToilet": 1.0, "PassEasyWay": 0.0, "WheelchairAuditorium": 0.0 }, "geometry": { "type": "Point", "coordinates": [ 121.560850739478994, 25.079598599571099 ] } },
{ "type": "Feature", "properties": { "GymType": "水上/冰上運動設施/游泳池", "Name": "臺北市政府環境保護局木柵垃圾焚化廠回饋設施博嘉運動公園", "Addr": "臺北市 文山區 木柵路4段159巷16號", "OperationTel": "02-22300800#107", "WebUrl": "https://www.mcrip.gov.taipei/", "Lat": 25.000765796415401, "Lng": 121.575404405594, "PassEasyEle": 1.0, "PassEasyParking": 1.0, "PassEasyShower": 1.0, "PassEasyToilet": 1.0, "PassEasyWay": 1.0, "WheelchairAuditorium": 0.0 }, "geometry": { "type": "Point", "coordinates": [ 121.575404405594, 25.000765796415401 ] } },
{ "type": "Feature", "properties": { "GymType": "球類運動設施/羽球場館", "Name": "民生國小活動中心", "Addr": "臺北市松山區敦化北路199巷18號", "OperationTel": "02-27122452#821", "WebUrl": "http://www.msps.tp.edu.tw", "Lat": 25.0564483485099, "Lng": 121.551838517189, "PassEasyEle": 0.0, "PassEasyParking": 0.0, "PassEasyShower": 0.0, "PassEasyToilet": 0.0, "PassEasyWay": 0.0, "WheelchairAuditorium": 0.0 }, "geometry": { "type": "Point", "coordinates": [ 121.551838517188997, 25.0564483485099 ] } },
{ "type": "Feature", "properties": { "GymType": "陸上/射擊運動設施/田徑場", "Name": "民權國小田徑場", "Addr": "臺北市松山區民權東路四段200號", "OperationTel": "02-27652327#634", "WebUrl": "http://www.mqes.tp.edu.tw", "Lat": 25.0620381449307, "Lng": 121.56085073947899, "PassEasyEle": 1.0, "PassEasyParking": 0.0, "PassEasyShower": 1.0, "PassEasyToilet": 1.0, "PassEasyWay": 1.0, "WheelchairAuditorium": 0.0 }, "geometry": { "type": "Point", "coordinates": [ 121.560850739478994, 25.0620381449307 ] } },
{ "type": "Feature", "properties": { "GymType": "陸上/射擊運動設施/田徑場", "Name": "湖山國小操場", "Addr": "臺北市北投區湖山里湖底路11號", "OperationTel": "02-28610148#131", "WebUrl": "http://www.hses.tp.edu.tw", "Lat": 25.1503108341137, "Lng": 121.536005437374, "PassEasyEle": 0.0, "PassEasyParking": 0.0, "PassEasyShower": 0.0, "PassEasyToilet": 1.0, "PassEasyWay": 1.0, "WheelchairAuditorium": 0.0 }, "geometry": { "type": "Point", "coordinates": [ 121.536005437374001, 25.1503108341137 ] } },
{ "type": "Feature", "properties": { "GymType": "球類運動設施/籃球場館", "Name": "再興中學體育館", "Addr": "臺北市文山區明義里興隆路4段2號", "OperationTel": "02-29366803#123", "WebUrl": "http://www.thsh.tp.edu.tw", "Lat": 24.990453520867899, "Lng": 121.558978557587, "PassEasyEle": null, "PassEasyParking": null, "PassEasyShower": null, "PassEasyToilet": null, "PassEasyWay": null, "WheelchairAuditorium": null }, "geometry": { "type": "Point", "coordinates": [ 121.558978557586997, 24.990453520867899 ] } },
{ "type": "Feature", "properties": { "GymType": "陸上/射擊運動設施/田徑場", "Name": "東湖國中田徑場", "Addr": "臺北市內湖區樂康里康樂街131號", "OperationTel": "02-26330373#634", "WebUrl": "http://www.dhjh.tp.edu.tw", "Lat": 25.0726699550093, "Lng": 121.619853973389, "PassEasyEle": 0.0, "PassEasyParking": 0.0, "PassEasyShower": 0.0, "PassEasyToilet": 0.0, "PassEasyWay": 1.0, "WheelchairAuditorium": 0.0 }, "geometry": { "type": "Point", "coordinates": [ 121.619853973388999, 25.0726699550093 ] } },
{ "type": "Feature", "properties": { "GymType": "陸上/射擊運動設施/田徑場", "Name": "民生國小操場", "Addr": "臺北市松山區敦化北路199巷18號", "OperationTel": "02-27122452#821", "WebUrl": "http://www.msps.tp.edu.tw", "Lat": 25.056120666620998, "Lng": 121.552723646164, "PassEasyEle": 0.0, "PassEasyParking": 0.0, "PassEasyShower": 0.0, "PassEasyToilet": 0.0, "PassEasyWay": 0.0, "WheelchairAuditorium": 0.0 }, "geometry": { "type": "Point", "coordinates": [ 121.552723646163997, 25.056120666620998 ] } },
{ "type": "Feature", "properties": { "GymType": "球類運動設施/籃球場館", "Name": "文山特殊教育學校體育館", "Addr": "[116]臺北市文山區秀明路一段169號", "OperationTel": "02-86615183#304", "WebUrl": "http://www.wsses.tp.edu.tw/", "Lat": 24.991912169664701, "Lng": 121.567148566246, "PassEasyEle": 9.0, "PassEasyParking": 2.0, "PassEasyShower": 9.0, "PassEasyToilet": 42.0, "PassEasyWay": 1.0, "WheelchairAuditorium": 18.0 }, "geometry": { "type": "Point", "coordinates": [ 121.567148566246004, 24.991912169664701 ] } },
{ "type": "Feature", "properties": { "GymType": "陸上/射擊運動設施/田徑場", "Name": "田徑場", "Addr": "臺北市士林區名山里忠義街1號", "OperationTel": "0228329700", "WebUrl": "http://www.ynes.tp.edu.tw/", "Lat": 25.1050936061378, "Lng": 121.53047740394, "PassEasyEle": 0.0, "PassEasyParking": 0.0, "PassEasyShower": 0.0, "PassEasyToilet": 0.0, "PassEasyWay": 0.0, "WheelchairAuditorium": 0.0 }, "geometry": { "type": "Point", "coordinates": [ 121.530477403939997, 25.1050936061378 ] } },
{ "type": "Feature", "properties": { "GymType": "球類運動設施/羽球場館", "Name": "萬大國小活動中心", "Addr": "臺北市萬華區全德里萬大路346號", "OperationTel": "02-23037654#311", "WebUrl": "http://www.wtps.tp.edu.tw", "Lat": 25.023947712086699, "Lng": 121.498886346817, "PassEasyEle": null, "PassEasyParking": null, "PassEasyShower": null, "PassEasyToilet": null, "PassEasyWay": null, "WheelchairAuditorium": null }, "geometry": { "type": "Point", "coordinates": [ 121.498886346817002, 25.023947712086699 ] } },
{ "type": "Feature", "properties": { "GymType": "球類運動設施/籃球場館", "Name": "金華國中活動中心", "Addr": "臺北市大安區福住里新生南路2段32號", "OperationTel": "02-33931799", "WebUrl": "http://www.chwjh.tp.edu.tw", "Lat": 25.031410656056199, "Lng": 121.532907485962, "PassEasyEle": 0.0, "PassEasyParking": 2.0, "PassEasyShower": 0.0, "PassEasyToilet": 0.0, "PassEasyWay": 1.0, "WheelchairAuditorium": 0.0 }, "geometry": { "type": "Point", "coordinates": [ 121.532907485961999, 25.031410656056199 ] } },
{ "type": "Feature", "properties": { "GymType": "球類運動設施/籃球場館", "Name": "石牌國中活動中心1樓室內籃球場", "Addr": "臺北市北投區吉利里石牌路1段139號", "OperationTel": "02-28224682#253", "WebUrl": "http://www.spjh.tp.edu.tw", "Lat": 25.115697973071899, "Lng": 121.514078378677, "PassEasyEle": 1.0, "PassEasyParking": 1.0, "PassEasyShower": 0.0, "PassEasyToilet": 1.0, "PassEasyWay": 1.0, "WheelchairAuditorium": 0.0 }, "geometry": { "type": "Point", "coordinates": [ 121.514078378676999, 25.115697973071899 ] } },
{ "type": "Feature", "properties": { "GymType": "水上/冰上運動設施/游泳池", "Name": "石牌國中游泳池", "Addr": "臺北市北投區吉利里石牌路1段139號", "OperationTel": "02-28224682#255", "WebUrl": "http://www.spjh.tp.edu.tw", "Lat": 25.1152511074683, "Lng": 121.514400243759, "PassEasyEle": 0.0, "PassEasyParking": 1.0, "PassEasyShower": 0.0, "PassEasyToilet": 1.0, "PassEasyWay": 1.0, "WheelchairAuditorium": 0.0 }, "geometry": { "type": "Point", "coordinates": [ 121.514400243758999, 25.1152511074683 ] } },
{ "type": "Feature", "properties": { "GymType": "陸上/射擊運動設施/環形或直線慢跑場（非田徑場）", "Name": "石牌國中操場(跑道+人工草皮)", "Addr": "臺北市北投區吉利里石牌路1段139號", "OperationTel": "02-28224682#253", "WebUrl": "http://www.spjh.tp.edu.tw", "Lat": 25.116149694249899, "Lng": 121.513311266899, "PassEasyEle": 0.0, "PassEasyParking": 0.0, "PassEasyShower": 0.0, "PassEasyToilet": 0.0, "PassEasyWay": 0.0, "WheelchairAuditorium": 0.0 }, "geometry": { "type": "Point", "coordinates": [ 121.513311266898995, 25.116149694249899 ] } },
{ "type": "Feature", "properties": { "GymType": "水上/冰上運動設施/游泳池", "Name": "大安高工游泳池", "Addr": "臺北市大安區龍圖里復興南路2段52號", "OperationTel": "02-27091630#123", "WebUrl": "http://www.taivs.tp.edu.tw", "Lat": 25.031518657959399, "Lng": 121.541409391139, "PassEasyEle": 0.0, "PassEasyParking": 0.0, "PassEasyShower": 0.0, "PassEasyToilet": 0.0, "PassEasyWay": 0.0, "WheelchairAuditorium": 0.0 }, "geometry": { "type": "Point", "coordinates": [ 121.541409391138998, 25.031518657959399 ] } },
{ "type": "Feature", "properties": { "GymType": "球類運動設施/羽球場館", "Name": "大橋國小活動中心", "Addr": "臺北市大同區隆和里重慶北路3段2號", "OperationTel": "02-25944413", "WebUrl": "http://www.tjps.tp.edu.tw", "Lat": 25.064205398643299, "Lng": 121.513072550297, "PassEasyEle": 1.0, "PassEasyParking": 1.0, "PassEasyShower": 0.0, "PassEasyToilet": 2.0, "PassEasyWay": 1.0, "WheelchairAuditorium": 0.0 }, "geometry": { "type": "Point", "coordinates": [ 121.513072550296997, 25.064205398643299 ] } },
{ "type": "Feature", "properties": { "GymType": "球類運動設施/籃球場館", "Name": "懷生國中籃球場", "Addr": "臺北市大安區忠孝東路三段248巷30號", "OperationTel": "02-27215078#331", "WebUrl": "http://www.hsjh.tp.edu.tw", "Lat": 25.039911498864502, "Lng": 121.541125774384, "PassEasyEle": 0.0, "PassEasyParking": 0.0, "PassEasyShower": 0.0, "PassEasyToilet": 0.0, "PassEasyWay": 0.0, "WheelchairAuditorium": 0.0 }, "geometry": { "type": "Point", "coordinates": [ 121.541125774384, 25.039911498864502 ] } },
{ "type": "Feature", "properties": { "GymType": "陸上/射擊運動設施/田徑場", "Name": "金華國小運動場", "Addr": "臺北市大安區永康里愛國東路79巷11號", "OperationTel": "02-23917402#831", "WebUrl": "http://www.cups.tp.edu.tw", "Lat": 25.0326039202461, "Lng": 121.528433561325, "PassEasyEle": 0.0, "PassEasyParking": 0.0, "PassEasyShower": 0.0, "PassEasyToilet": 0.0, "PassEasyWay": 1.0, "WheelchairAuditorium": 0.0 }, "geometry": { "type": "Point", "coordinates": [ 121.528433561325002, 25.0326039202461 ] } },
{ "type": "Feature", "properties": { "GymType": "陸上/射擊運動設施/田徑場", "Name": "大安高工田徑場", "Addr": "臺北市大安區龍圖里復興南路2段52號", "OperationTel": "02-27091630#123", "WebUrl": "http://www.taivs.tp.edu.tw", "Lat": 25.0320744744899, "Lng": 121.54117003083201, "PassEasyEle": 0.0, "PassEasyParking": 0.0, "PassEasyShower": 0.0, "PassEasyToilet": 1.0, "PassEasyWay": 2.0, "WheelchairAuditorium": 0.0 }, "geometry": { "type": "Point", "coordinates": [ 121.541170030832006, 25.0320744744899 ] } },
{ "type": "Feature", "properties": { "GymType": "球類運動設施/籃球場館", "Name": "景興國中活動中心", "Addr": "臺北市文山區景華里景興路46巷2號", "OperationTel": "02-29323794#132", "WebUrl": "http://www.chhs.tp.edu.tw", "Lat": 24.996258840427199, "Lng": 121.543019413948, "PassEasyEle": 1.0, "PassEasyParking": 0.0, "PassEasyShower": 0.0, "PassEasyToilet": 0.0, "PassEasyWay": 1.0, "WheelchairAuditorium": 0.0 }, "geometry": { "type": "Point", "coordinates": [ 121.543019413948002, 24.996258840427199 ] } },
{ "type": "Feature", "properties": { "GymType": "球類運動設施/籃球場館", "Name": "大安高工學生活動中心", "Addr": "臺北市大安區龍圖里復興南路2段52號", "OperationTel": "02-27091630#123", "WebUrl": "http://www.taivs.tp.edu.tw", "Lat": 25.0319594131788, "Lng": 121.54166221618701, "PassEasyEle": 2.0, "PassEasyParking": 0.0, "PassEasyShower": 1.0, "PassEasyToilet": 2.0, "PassEasyWay": 2.0, "WheelchairAuditorium": 0.0 }, "geometry": { "type": "Point", "coordinates": [ 121.541662216187007, 25.0319594131788 ] } },
{ "type": "Feature", "properties": { "GymType": "球類運動設施/籃球場館", "Name": "關渡國小運動中心", "Addr": "臺北市北投區中央北路4段581號", "OperationTel": "02-28975205", "WebUrl": "http://www.kdps.tp.edu.tw/", "Lat": 25.126609244027399, "Lng": 121.466261297464, "PassEasyEle": 1.0, "PassEasyParking": 2.0, "PassEasyShower": 2.0, "PassEasyToilet": 2.0, "PassEasyWay": 3.0, "WheelchairAuditorium": 1.0 }, "geometry": { "type": "Point", "coordinates": [ 121.466261297464001, 25.126609244027399 ] } },
{ "type": "Feature", "properties": { "GymType": "陸上/射擊運動設施/田徑場", "Name": "田徑場", "Addr": "臺北市信義區中行里褔德街253號", "OperationTel": "02-27277992#24", "WebUrl": "http://www.fdps.tp.edu.tw", "Lat": 25.038745037296799, "Lng": 121.587324142456, "PassEasyEle": 0.0, "PassEasyParking": 0.0, "PassEasyShower": 0.0, "PassEasyToilet": 0.0, "PassEasyWay": 0.0, "WheelchairAuditorium": 0.0 }, "geometry": { "type": "Point", "coordinates": [ 121.587324142455998, 25.038745037296799 ] } },
{ "type": "Feature", "properties": { "GymType": "球類運動設施/足球場館", "Name": "北投國中運動場", "Addr": "臺北市北投區溫泉里溫泉路62號", "OperationTel": "02-28912091#304", "WebUrl": "http://www.ptjh.tp.edu.tw", "Lat": 25.134586264815901, "Lng": 121.503966450691, "PassEasyEle": 0.0, "PassEasyParking": 0.0, "PassEasyShower": 0.0, "PassEasyToilet": 0.0, "PassEasyWay": 1.0, "WheelchairAuditorium": 0.0 }, "geometry": { "type": "Point", "coordinates": [ 121.503966450690996, 25.134586264815901 ] } },
{ "type": "Feature", "properties": { "GymType": "球類運動設施/羽球場館", "Name": "西園國小活動中心", "Addr": "臺北市萬華區東園街73巷65號", "OperationTel": "02-23030257#112", "WebUrl": "http://www.hups.tp.edu.tw", "Lat": 25.026672626439701, "Lng": 121.49907238414001, "PassEasyEle": 1.0, "PassEasyParking": 1.0, "PassEasyShower": 0.0, "PassEasyToilet": 0.0, "PassEasyWay": 0.0, "WheelchairAuditorium": 0.0 }, "geometry": { "type": "Point", "coordinates": [ 121.499072384140007, 25.026672626439701 ] } },
{ "type": "Feature", "properties": { "GymType": "水上/冰上運動設施/游泳池", "Name": "雙園國小溫水游泳池", "Addr": "臺北市萬華區雙園里莒光路315號", "OperationTel": "02-23061893#165", "WebUrl": "http://www.syps.tp.edu.tw", "Lat": 25.029476133852899, "Lng": 121.49901509285, "PassEasyEle": 0.0, "PassEasyParking": 0.0, "PassEasyShower": 1.0, "PassEasyToilet": 1.0, "PassEasyWay": 1.0, "WheelchairAuditorium": 0.0 }, "geometry": { "type": "Point", "coordinates": [ 121.499015092850001, 25.029476133852899 ] } },
{ "type": "Feature", "properties": { "GymType": "水上/冰上運動設施/游泳池", "Name": "金華國小華樓", "Addr": "臺北市大安區永康里愛國東路79巷11號", "OperationTel": "02-23917402#831", "WebUrl": "http://www.cups.tp.edu.tw/./", "Lat": 25.032613641291675, "Lng": 121.52788102626803, "PassEasyEle": 0.0, "PassEasyParking": 0.0, "PassEasyShower": 1.0, "PassEasyToilet": 1.0, "PassEasyWay": 2.0, "WheelchairAuditorium": 0.0 }, "geometry": { "type": "Point", "coordinates": [ 121.527881026268034, 25.032613641291675 ] } },
{ "type": "Feature", "properties": { "GymType": "水上/冰上運動設施/游泳池", "Name": "景興國中游泳池", "Addr": "臺北市文山區景華里景興路46巷2號", "OperationTel": "02-29323794#132", "WebUrl": "http://www.chhs.tp.edu.tw", "Lat": 24.9962296686526, "Lng": 121.543078422546, "PassEasyEle": 1.0, "PassEasyParking": 0.0, "PassEasyShower": 0.0, "PassEasyToilet": 1.0, "PassEasyWay": 1.0, "WheelchairAuditorium": 0.0 }, "geometry": { "type": "Point", "coordinates": [ 121.543078422546003, 24.9962296686526 ] } },
{ "type": "Feature", "properties": { "GymType": "水上/冰上運動設施/游泳池", "Name": "成德國中活動中心", "Addr": "臺北市南港區東新街108巷23號", "OperationTel": "02-27825000", "WebUrl": "http://www.cdjh.tp.edu.tw/", "Lat": 25.044844536571624, "Lng": 121.58757090568542, "PassEasyEle": null, "PassEasyParking": null, "PassEasyShower": null, "PassEasyToilet": null, "PassEasyWay": null, "WheelchairAuditorium": null }, "geometry": { "type": "Point", "coordinates": [ 121.587570905685425, 25.044844536571624 ] } },
{ "type": "Feature", "properties": { "GymType": "球類運動設施/籃球場館", "Name": "萬興國小運動中心", "Addr": "臺北市文山區秀明路2段114號", "OperationTel": "02-29381721#124", "WebUrl": "http://www.wxes.tp.edu.tw/", "Lat": 24.9894032830165, "Lng": 121.5764772892, "PassEasyEle": 1.0, "PassEasyParking": 5.0, "PassEasyShower": 1.0, "PassEasyToilet": 3.0, "PassEasyWay": 1.0, "WheelchairAuditorium": 0.0 }, "geometry": { "type": "Point", "coordinates": [ 121.5764772892, 24.9894032830165 ] } },
{ "type": "Feature", "properties": { "GymType": "水上/冰上運動設施/游泳池", "Name": "敦化國中運動場暨活動中心", "Addr": "臺北市松山區南京東路三段300號", "OperationTel": "02-87717890#250", "WebUrl": "http://www.thjh.tp.edu.tw", "Lat": 25.051497747964198, "Lng": 121.54671549797099, "PassEasyEle": 1.0, "PassEasyParking": 0.0, "PassEasyShower": 2.0, "PassEasyToilet": 3.0, "PassEasyWay": 1.0, "WheelchairAuditorium": 0.0 }, "geometry": { "type": "Point", "coordinates": [ 121.546715497970993, 25.051497747964198 ] } },
{ "type": "Feature", "properties": { "GymType": "水上/冰上運動設施/游泳池", "Name": "龍安國小水資源教室", "Addr": "臺北市大安區龍門里新生南路3段33號", "OperationTel": "02-23632077", "WebUrl": "http://www.laes.tp.edu.tw", "Lat": 25.023268930822699, "Lng": 121.53571844101, "PassEasyEle": 0.0, "PassEasyParking": 0.0, "PassEasyShower": 0.0, "PassEasyToilet": 0.0, "PassEasyWay": 1.0, "WheelchairAuditorium": 0.0 }, "geometry": { "type": "Point", "coordinates": [ 121.535718441010005, 25.023268930822699 ] } },
{ "type": "Feature", "properties": { "GymType": "球類運動設施/籃球場館", "Name": "平等國小", "Addr": "臺北市士林區平等里平菁街101號", "OperationTel": "02-28610503#821", "WebUrl": "http://www.pdps.tp.edu.tw", "Lat": 25.128782639223299, "Lng": 121.576343178749, "PassEasyEle": 0.0, "PassEasyParking": 0.0, "PassEasyShower": 2.0, "PassEasyToilet": 2.0, "PassEasyWay": 1.0, "WheelchairAuditorium": 0.0 }, "geometry": { "type": "Point", "coordinates": [ 121.576343178748999, 25.128782639223299 ] } },
{ "type": "Feature", "properties": { "GymType": "球類運動設施/籃球場館", "Name": "仁愛國中活動中心", "Addr": "臺北市大安區敦安里仁愛路4段130號", "OperationTel": "02-23255823#3206", "WebUrl": "http://www.jajh.tp.edu.tw", "Lat": 25.037175156925599, "Lng": 121.550593972206, "PassEasyEle": 1.0, "PassEasyParking": 0.0, "PassEasyShower": 3.0, "PassEasyToilet": 3.0, "PassEasyWay": 2.0, "WheelchairAuditorium": 0.0 }, "geometry": { "type": "Point", "coordinates": [ 121.550593972206002, 25.037175156925599 ] } },
{ "type": "Feature", "properties": { "GymType": "球類運動設施/羽球場館", "Name": "龍山國小活動中心", "Addr": "臺北市萬華區青山里和平西路三段235號", "OperationTel": "02-23082977", "WebUrl": "http://www.lses.tp.edu.tw", "Lat": 25.0356149772701, "Lng": 121.49623632431, "PassEasyEle": 1.0, "PassEasyParking": 1.0, "PassEasyShower": 0.0, "PassEasyToilet": 1.0, "PassEasyWay": 1.0, "WheelchairAuditorium": 0.0 }, "geometry": { "type": "Point", "coordinates": [ 121.496236324310004, 25.0356149772701 ] } },
{ "type": "Feature", "properties": { "GymType": "陸上/射擊運動設施/田徑場", "Name": "田徑場", "Addr": "臺北市萬華區青山里和平西路三段235號", "OperationTel": "02-23082977", "WebUrl": "http://www.lses.tp.edu.tw", "Lat": 25.036032971273301, "Lng": 121.496311426163, "PassEasyEle": 0.0, "PassEasyParking": 1.0, "PassEasyShower": 0.0, "PassEasyToilet": 1.0, "PassEasyWay": 1.0, "WheelchairAuditorium": 0.0 }, "geometry": { "type": "Point", "coordinates": [ 121.496311426163004, 25.036032971273301 ] } },
{ "type": "Feature", "properties": { "GymType": "陸上/射擊運動設施/田徑場", "Name": "湖田國小操場", "Addr": "臺北市北投區湖田里竹子湖路17之2號", "OperationTel": "02-28616963#37", "WebUrl": "http://www.htes.tp.edu.tw", "Lat": 25.168895223101998, "Lng": 121.538951396888, "PassEasyEle": 0.0, "PassEasyParking": 0.0, "PassEasyShower": 1.0, "PassEasyToilet": 1.0, "PassEasyWay": 1.0, "WheelchairAuditorium": 0.0 }, "geometry": { "type": "Point", "coordinates": [ 121.538951396887995, 25.168895223101998 ] } },
{ "type": "Feature", "properties": { "GymType": "球類運動設施/籃球場館", "Name": "民族實中體育館", "Addr": "臺北市大安區羅斯福路4段113巷13號", "OperationTel": "02-27322935#236", "WebUrl": "http://www.mtjh.tp.edu.tw", "Lat": 25.011176257006198, "Lng": 121.538864672184, "PassEasyEle": 0.0, "PassEasyParking": 0.0, "PassEasyShower": 0.0, "PassEasyToilet": 2.0, "PassEasyWay": 1.0, "WheelchairAuditorium": 0.0 }, "geometry": { "type": "Point", "coordinates": [ 121.538864672184005, 25.011176257006198 ] } },
{ "type": "Feature", "properties": { "GymType": "陸上/射擊運動設施/田徑場", "Name": "民族國中田徑場", "Addr": "臺北市大安區羅斯福路4段113巷13號", "OperationTel": "02-27322935", "WebUrl": "http://www.mtjh.tp.edu.tw", "Lat": 25.0104598102895, "Lng": 121.538652777672, "PassEasyEle": 1.0, "PassEasyParking": 2.0, "PassEasyShower": 2.0, "PassEasyToilet": 3.0, "PassEasyWay": 2.0, "WheelchairAuditorium": 0.0 }, "geometry": { "type": "Point", "coordinates": [ 121.538652777671999, 25.0104598102895 ] } },
{ "type": "Feature", "properties": { "GymType": "球類運動設施/籃球場館", "Name": "溪口國小活動中心", "Addr": "臺北市文山區景慶里景福街225號", "OperationTel": "02-29350955#715", "WebUrl": "http://web.skps.tp.edu.tw/enableweb/", "Lat": 24.994484211537401, "Lng": 121.538701057434, "PassEasyEle": 0.0, "PassEasyParking": 0.0, "PassEasyShower": 0.0, "PassEasyToilet": 0.0, "PassEasyWay": 0.0, "WheelchairAuditorium": 0.0 }, "geometry": { "type": "Point", "coordinates": [ 121.538701057433997, 24.994484211537401 ] } },
{ "type": "Feature", "properties": { "GymType": "陸上/射擊運動設施/田徑場", "Name": "民族國小操場", "Addr": "臺北市松山區民生東路4段97巷7號", "OperationTel": "02-27124872#929", "WebUrl": "http://enable.mces.tp.edu.tw/front/bin/home.phtml", "Lat": 25.0595938643647, "Lng": 121.551216244698, "PassEasyEle": 0.0, "PassEasyParking": 0.0, "PassEasyShower": 0.0, "PassEasyToilet": 0.0, "PassEasyWay": 0.0, "WheelchairAuditorium": 0.0 }, "geometry": { "type": "Point", "coordinates": [ 121.551216244697997, 25.0595938643647 ] } },
{ "type": "Feature", "properties": { "GymType": "球類運動設施/籃球場館", "Name": "南門國小籃球場、綜合球場", "Addr": "臺北市中正區南門里廣州街6號", "OperationTel": "02-23715052#304", "WebUrl": "http://www.nmes.tp.edu.tw", "Lat": 25.035002564879299, "Lng": 121.50870323181201, "PassEasyEle": 0.0, "PassEasyParking": 0.0, "PassEasyShower": 0.0, "PassEasyToilet": 0.0, "PassEasyWay": 0.0, "WheelchairAuditorium": 0.0 }, "geometry": { "type": "Point", "coordinates": [ 121.508703231812007, 25.035002564879299 ] } },
{ "type": "Feature", "properties": { "GymType": "球類運動設施/籃球場館", "Name": "溪山國小運動場", "Addr": "臺北市士林區溪山里至善路3段199號", "OperationTel": "02-28411010#115", "WebUrl": "http://www.hops.tp.edu.tw", "Lat": 25.119875115999701, "Lng": 121.579958796501, "PassEasyEle": 0.0, "PassEasyParking": 0.0, "PassEasyShower": 0.0, "PassEasyToilet": 0.0, "PassEasyWay": 1.0, "WheelchairAuditorium": 0.0 }, "geometry": { "type": "Point", "coordinates": [ 121.579958796501003, 25.119875115999701 ] } },
{ "type": "Feature", "properties": { "GymType": "水上/冰上運動設施/游泳池", "Name": "興雅國小活動中心", "Addr": "臺北市信義區雅祥里基隆路1段83巷9號", "OperationTel": "02-27618156", "WebUrl": "http://www.hyps.tp.edu.tw", "Lat": 25.046805546190502, "Lng": 121.569940745831, "PassEasyEle": 2.0, "PassEasyParking": 0.0, "PassEasyShower": 0.0, "PassEasyToilet": 0.0, "PassEasyWay": 2.0, "WheelchairAuditorium": 0.0 }, "geometry": { "type": "Point", "coordinates": [ 121.569940745831005, 25.046805546190502 ] } },
{ "type": "Feature", "properties": { "GymType": "球類運動設施/籃球場館", "Name": "芳和實中籃球場", "Addr": "臺北市大安區芳和里臥龍街170號", "OperationTel": "02-27321961#304", "WebUrl": "http://www.fhjhs.tp.edu.tw", "Lat": 25.018247525939401, "Lng": 121.550068259239, "PassEasyEle": 0.0, "PassEasyParking": 0.0, "PassEasyShower": 0.0, "PassEasyToilet": 0.0, "PassEasyWay": 0.0, "WheelchairAuditorium": 0.0 }, "geometry": { "type": "Point", "coordinates": [ 121.550068259238998, 25.018247525939401 ] } },
{ "type": "Feature", "properties": { "GymType": "競速運動設施/滑輪場/溜冰場", "Name": "南港區四分綠地", "Addr": "臺北市 南港區 研究院路三段68巷8號", "OperationTel": "02-23815132", "WebUrl": "https://parks.taipei/parks/m2/pkl_parks_m2C.php?sid=603", "Lat": 25.034638032242899, "Lng": 121.61269247531899, "PassEasyEle": null, "PassEasyParking": null, "PassEasyShower": null, "PassEasyToilet": null, "PassEasyWay": null, "WheelchairAuditorium": null }, "geometry": { "type": "Point", "coordinates": [ 121.612692475318994, 25.034638032242899 ] } },
{ "type": "Feature", "properties": { "GymType": "競速運動設施/滑輪場/溜冰場", "Name": "士林區福德綠地溜冰場", "Addr": "臺北市 士林區 重慶北路四段1巷", "OperationTel": "02-23815132", "WebUrl": "https://parks.taipei/parks/m2/pkl_parks_m2C.php?sid=544", "Lat": 25.079234199562102, "Lng": 121.51190578937501, "PassEasyEle": 0.0, "PassEasyParking": 0.0, "PassEasyShower": 0.0, "PassEasyToilet": 0.0, "PassEasyWay": 0.0, "WheelchairAuditorium": 0.0 }, "geometry": { "type": "Point", "coordinates": [ 121.511905789375007, 25.079234199562102 ] } },
{ "type": "Feature", "properties": { "GymType": "球類運動設施/羽球場館", "Name": "內湖區紫陽綠地", "Addr": "臺北市 內湖區 文德路210巷30弄附近", "OperationTel": "02-25702330#6514", "WebUrl": "https://vbs.sports.taipei/venues/", "Lat": 25.076970036534799, "Lng": 121.58674478530899, "PassEasyEle": null, "PassEasyParking": null, "PassEasyShower": null, "PassEasyToilet": null, "PassEasyWay": null, "WheelchairAuditorium": null }, "geometry": { "type": "Point", "coordinates": [ 121.586744785308994, 25.076970036534799 ] } },
{ "type": "Feature", "properties": { "GymType": "球類運動設施/羽球場館", "Name": "長安國小體育館", "Addr": "臺北市中山區興亞里吉林路15號", "OperationTel": "02-25617600#123", "WebUrl": "http://www.caps.tp.edu.tw", "Lat": 25.0502536394591, "Lng": 121.531040668488, "PassEasyEle": 1.0, "PassEasyParking": 0.0, "PassEasyShower": 0.0, "PassEasyToilet": 1.0, "PassEasyWay": 1.0, "WheelchairAuditorium": 0.0 }, "geometry": { "type": "Point", "coordinates": [ 121.531040668488004, 25.0502536394591 ] } },
{ "type": "Feature", "properties": { "GymType": "球類運動設施/籃球場館", "Name": "大安森林公園", "Addr": "臺北市 大安區 新生南路2段1號", "OperationTel": "02-25702330#6530", "WebUrl": "https://sports.gov.taipei/", "Lat": 25.0300205250944, "Lng": 121.536045670509, "PassEasyEle": 0.0, "PassEasyParking": 0.0, "PassEasyShower": 0.0, "PassEasyToilet": 0.0, "PassEasyWay": 0.0, "WheelchairAuditorium": 0.0 }, "geometry": { "type": "Point", "coordinates": [ 121.536045670508997, 25.0300205250944 ] } },
{ "type": "Feature", "properties": { "GymType": "球類運動設施/籃球場館", "Name": "榮星花園公園", "Addr": "臺北市 中山區 民權東路三段1號", "OperationTel": "02-25702330", "WebUrl": "https://sports.gov.taipei/Default.aspx", "Lat": 25.063345952830598, "Lng": 121.539586186409, "PassEasyEle": 0.0, "PassEasyParking": 0.0, "PassEasyShower": 0.0, "PassEasyToilet": 0.0, "PassEasyWay": 0.0, "WheelchairAuditorium": 0.0 }, "geometry": { "type": "Point", "coordinates": [ 121.539586186408997, 25.063345952830598 ] } },
{ "type": "Feature", "properties": { "GymType": "球類運動設施/足球場館", "Name": "洲美國小運動場", "Addr": "臺北市北投區洲美里洲美街185號", "OperationTel": "(02)28313619", "WebUrl": "http://www.cmps.tp.edu.tw", "Lat": 25.102582759541001, "Lng": 121.509926319122, "PassEasyEle": null, "PassEasyParking": null, "PassEasyShower": null, "PassEasyToilet": null, "PassEasyWay": null, "WheelchairAuditorium": null }, "geometry": { "type": "Point", "coordinates": [ 121.509926319122002, 25.102582759541001 ] } },
{ "type": "Feature", "properties": { "GymType": "陸上/射擊運動設施/田徑場", "Name": "田徑場", "Addr": "臺北市內湖區清白里星雲街121號", "OperationTel": "02-27901237#140", "WebUrl": "http://www.klps.tp.edu.tw", "Lat": 25.0800844645625, "Lng": 121.59494161605799, "PassEasyEle": null, "PassEasyParking": null, "PassEasyShower": null, "PassEasyToilet": null, "PassEasyWay": null, "WheelchairAuditorium": null }, "geometry": { "type": "Point", "coordinates": [ 121.594941616057994, 25.0800844645625 ] } },
{ "type": "Feature", "properties": { "GymType": "球類運動設施/籃球場館", "Name": "東方工商籃球場", "Addr": "臺北市大安區信義路四段186巷8號", "OperationTel": "02-27554616#199", "WebUrl": "http://www.tfvs.tp.edu.tw", "Lat": 25.032191406992599, "Lng": 121.55123593202001, "PassEasyEle": 0.0, "PassEasyParking": 0.0, "PassEasyShower": 0.0, "PassEasyToilet": 0.0, "PassEasyWay": 0.0, "WheelchairAuditorium": 0.0 }, "geometry": { "type": "Point", "coordinates": [ 121.551235932020006, 25.032191406992599 ] } },
{ "type": "Feature", "properties": { "GymType": "球類運動設施/排球場館", "Name": "東方工商排球場", "Addr": "臺北市大安區信義路四段186巷8號", "OperationTel": "02-27554616", "WebUrl": "http://www.tfvs.tp.edu.tw", "Lat": 25.0320761634447, "Lng": 121.551203691488, "PassEasyEle": 0.0, "PassEasyParking": 0.0, "PassEasyShower": 0.0, "PassEasyToilet": 0.0, "PassEasyWay": 0.0, "WheelchairAuditorium": 0.0 }, "geometry": { "type": "Point", "coordinates": [ 121.551203691487999, 25.0320761634447 ] } },
{ "type": "Feature", "properties": { "GymType": "陸上/射擊運動設施/田徑場", "Name": "中崙高中田徑場", "Addr": "臺北市八德路四段101號", "OperationTel": "02-27535316#304", "WebUrl": "http://www.zlsh.tp.edu.tw/index_redir.jsp?", "Lat": 25.050137003639399, "Lng": 121.560941934586, "PassEasyEle": 0.0, "PassEasyParking": 0.0, "PassEasyShower": 0.0, "PassEasyToilet": 1.0, "PassEasyWay": 1.0, "WheelchairAuditorium": 0.0 }, "geometry": { "type": "Point", "coordinates": [ 121.560941934585998, 25.050137003639399 ] } },
{ "type": "Feature", "properties": { "GymType": "水上/冰上運動設施/游泳池", "Name": "中崙高中游泳池", "Addr": "臺北市八德路四段101號", "OperationTel": "02-27535316#304", "WebUrl": "http://www.zlsh.tp.edu.tw/index_redir.jsp?", "Lat": 25.049811394722099, "Lng": 121.56117260456099, "PassEasyEle": 0.0, "PassEasyParking": 0.0, "PassEasyShower": 1.0, "PassEasyToilet": 1.0, "PassEasyWay": 1.0, "WheelchairAuditorium": 0.0 }, "geometry": { "type": "Point", "coordinates": [ 121.561172604560994, 25.049811394722099 ] } },
{ "type": "Feature", "properties": { "GymType": "球類運動設施/羽球場館", "Name": "至善公園羽球場", "Addr": "臺北市 士林區 福林路至善路一段", "OperationTel": "02-25702330#6508", "WebUrl": "https://sports.gov.taipei", "Lat": 25.098424457412499, "Lng": 121.537907123566, "PassEasyEle": 0.0, "PassEasyParking": 0.0, "PassEasyShower": 0.0, "PassEasyToilet": 0.0, "PassEasyWay": 0.0, "WheelchairAuditorium": 0.0 }, "geometry": { "type": "Point", "coordinates": [ 121.537907123566001, 25.098424457412499 ] } },
{ "type": "Feature", "properties": { "GymType": "球類運動設施/羽球場館", "Name": "景美女中活動中心", "Addr": "臺北市文山區樟新里木新路3段312號", "OperationTel": "02-29368847#339", "WebUrl": "http://web.cmgsh.tp.edu.tw/nss/p/index", "Lat": 24.982777501779399, "Lng": 121.55623912800399, "PassEasyEle": 0.0, "PassEasyParking": 0.0, "PassEasyShower": 0.0, "PassEasyToilet": 0.0, "PassEasyWay": 0.0, "WheelchairAuditorium": 0.0 }, "geometry": { "type": "Point", "coordinates": [ 121.556239128003995, 24.982777501779399 ] } },
{ "type": "Feature", "properties": { "GymType": "陸上/射擊運動設施/田徑場", "Name": "景美女中田徑場", "Addr": "臺北市文山區樟新里木新路3段312號", "OperationTel": "02-29368847#339", "WebUrl": "http://web.cmgsh.tp.edu.tw/nss/p/index", "Lat": 24.9827580517976, "Lng": 121.555767059299, "PassEasyEle": 0.0, "PassEasyParking": 0.0, "PassEasyShower": 0.0, "PassEasyToilet": 0.0, "PassEasyWay": 0.0, "WheelchairAuditorium": 0.0 }, "geometry": { "type": "Point", "coordinates": [ 121.555767059299001, 24.9827580517976 ] } },
{ "type": "Feature", "properties": { "GymType": "球類運動設施/網球場館", "Name": "景美女中網球場", "Addr": "臺北市文山區樟新里木新路3段312號", "OperationTel": "02-29368847#339", "WebUrl": "http://web.cmgsh.tp.edu.tw/nss/p/index", "Lat": 24.982850439183999, "Lng": 121.55534327019301, "PassEasyEle": 0.0, "PassEasyParking": 0.0, "PassEasyShower": 0.0, "PassEasyToilet": 0.0, "PassEasyWay": 0.0, "WheelchairAuditorium": 0.0 }, "geometry": { "type": "Point", "coordinates": [ 121.555343270193006, 24.982850439183999 ] } },
{ "type": "Feature", "properties": { "GymType": "球類運動設施/排球場館", "Name": "景美女中排球場", "Addr": "臺北市文山區樟新里木新路3段312號", "OperationTel": "02-29368847#339", "WebUrl": "http://web.cmgsh.tp.edu.tw/nss/p/index", "Lat": 24.982500339247501, "Lng": 121.555423736463, "PassEasyEle": 0.0, "PassEasyParking": 0.0, "PassEasyShower": 0.0, "PassEasyToilet": 0.0, "PassEasyWay": 0.0, "WheelchairAuditorium": 0.0 }, "geometry": { "type": "Point", "coordinates": [ 121.555423736462998, 24.982500339247501 ] } },
{ "type": "Feature", "properties": { "GymType": "球類運動設施/籃球場館", "Name": "景美女中籃球場", "Addr": "臺北市文山區樟新里木新路3段312號", "OperationTel": "02-29368847#339", "WebUrl": "http://web.cmgsh.tp.edu.tw/nss/p/index", "Lat": 24.982809918211199, "Lng": 121.555498838316, "PassEasyEle": 0.0, "PassEasyParking": 0.0, "PassEasyShower": 0.0, "PassEasyToilet": 0.0, "PassEasyWay": 0.0, "WheelchairAuditorium": 0.0 }, "geometry": { "type": "Point", "coordinates": [ 121.555498838315998, 24.982809918211199 ] } },
{ "type": "Feature", "properties": { "GymType": "球類運動設施/籃球場館", "Name": "華山公園", "Addr": "臺北市 中山區 市民大道2段 與 林森北路 交叉口", "OperationTel": "02-25850192", "WebUrl": "http://pkl.taipei.gov.tw", "Lat": 25.047984728703099, "Lng": 121.52468919754, "PassEasyEle": 0.0, "PassEasyParking": 0.0, "PassEasyShower": 0.0, "PassEasyToilet": 0.0, "PassEasyWay": 0.0, "WheelchairAuditorium": 0.0 }, "geometry": { "type": "Point", "coordinates": [ 121.524689197539999, 25.047984728703099 ] } },
{ "type": "Feature", "properties": { "GymType": "球類運動設施/籃球場館", "Name": "內湖區石潭公園", "Addr": "臺北市 內湖區 安康路25巷", "OperationTel": "02-25702330", "WebUrl": "https://vbs.sports.taipei/venues/", "Lat": 25.063694121315802, "Lng": 121.59265100956, "PassEasyEle": 0.0, "PassEasyParking": 0.0, "PassEasyShower": 0.0, "PassEasyToilet": 0.0, "PassEasyWay": 0.0, "WheelchairAuditorium": 0.0 }, "geometry": { "type": "Point", "coordinates": [ 121.592651009560001, 25.063694121315802 ] } },
{ "type": "Feature", "properties": { "GymType": "球類運動設施/羽球場館", "Name": "多功能活動中心", "Addr": "臺北市文山區萬祥里興隆路1段68號", "OperationTel": "02-29314360#38", "WebUrl": "http://www.wkps.tp.edu.tw", "Lat": 25.003835822428101, "Lng": 121.54016520828, "PassEasyEle": 1.0, "PassEasyParking": 0.0, "PassEasyShower": 1.0, "PassEasyToilet": 1.0, "PassEasyWay": 1.0, "WheelchairAuditorium": 2.0 }, "geometry": { "type": "Point", "coordinates": [ 121.540165208280001, 25.003835822428101 ] } },
{ "type": "Feature", "properties": { "GymType": "球類運動設施/籃球場館", "Name": "建成公園籃球場", "Addr": "臺北市 大同區 承德路二段35號旁", "OperationTel": "02-25702330", "WebUrl": "https://sports.tms.gov.tw/venues/?K=871", "Lat": 25.0545545078141, "Lng": 121.51829481124901, "PassEasyEle": 0.0, "PassEasyParking": 0.0, "PassEasyShower": 0.0, "PassEasyToilet": 0.0, "PassEasyWay": 0.0, "WheelchairAuditorium": 0.0 }, "geometry": { "type": "Point", "coordinates": [ 121.518294811249007, 25.0545545078141 ] } },
{ "type": "Feature", "properties": { "GymType": "球類運動設施/羽球場館", "Name": "五育館", "Addr": "臺北市文山區景華里景中街27號", "OperationTel": "02-89353130#502", "WebUrl": "http://www.cmjh.tp.edu.tw", "Lat": 24.9934218529405, "Lng": 121.54268682003, "PassEasyEle": 1.0, "PassEasyParking": 2.0, "PassEasyShower": 0.0, "PassEasyToilet": 2.0, "PassEasyWay": 1.0, "WheelchairAuditorium": 0.0 }, "geometry": { "type": "Point", "coordinates": [ 121.542686820029999, 24.9934218529405 ] } },
{ "type": "Feature", "properties": { "GymType": "球類運動設施/籃球場館", "Name": "興福國中活動中心", "Addr": "臺北市文山區興旺里福興路80號", "OperationTel": "02-29322024#410", "WebUrl": "http://www.hfjh.tp.edu.tw", "Lat": 25.004927412634299, "Lng": 121.55049741268201, "PassEasyEle": 1.0, "PassEasyParking": 0.0, "PassEasyShower": 0.0, "PassEasyToilet": 0.0, "PassEasyWay": 1.0, "WheelchairAuditorium": 0.0 }, "geometry": { "type": "Point", "coordinates": [ 121.550497412682006, 25.004927412634299 ] } },
{ "type": "Feature", "properties": { "GymType": "水上/冰上運動設施/游泳池", "Name": "榮星游泳池", "Addr": "臺北市 中山區 行孝里建國北路三段39號", "OperationTel": "02-25702330#6523", "WebUrl": "https://www.facebook.com/RongXingSwimmingpool", "Lat": 25.063870108535301, "Lng": 121.537724733353, "PassEasyEle": 1.0, "PassEasyParking": 0.0, "PassEasyShower": 1.0, "PassEasyToilet": 1.0, "PassEasyWay": 1.0, "WheelchairAuditorium": 0.0 }, "geometry": { "type": "Point", "coordinates": [ 121.537724733353002, 25.063870108535301 ] } },
{ "type": "Feature", "properties": { "GymType": "水上/冰上運動設施/游泳池", "Name": "青年公園運動休閒園區", "Addr": "臺北市 萬華區 水源路199號", "OperationTel": "02-23053800", "WebUrl": "https://sports.tms.gov.tw/venues/?K=827", "Lat": 25.0230599122578, "Lng": 121.50692760944401, "PassEasyEle": null, "PassEasyParking": null, "PassEasyShower": null, "PassEasyToilet": null, "PassEasyWay": null, "WheelchairAuditorium": null }, "geometry": { "type": "Point", "coordinates": [ 121.506927609444006, 25.0230599122578 ] } },
{ "type": "Feature", "properties": { "GymType": "球類運動設施/羽球場館", "Name": "青年公園", "Addr": "臺北市萬華區水源路199號", "OperationTel": "02-25702330#6531", "WebUrl": "https://sports.gov.taipei/Default.aspx", "Lat": 25.0225511692874, "Lng": 121.50296115862101, "PassEasyEle": 0.0, "PassEasyParking": 0.0, "PassEasyShower": 0.0, "PassEasyToilet": 0.0, "PassEasyWay": 0.0, "WheelchairAuditorium": 0.0 }, "geometry": { "type": "Point", "coordinates": [ 121.502961158621005, 25.0225511692874 ] } },
{ "type": "Feature", "properties": { "GymType": "球類運動設施/籃球場館", "Name": "奎山中學運動場", "Addr": "臺北市北投區榮華里明德路200號", "OperationTel": "(02)28212009", "WebUrl": "http://www.ksjh.tp.edu.tw", "Lat": 25.1127447440225, "Lng": 121.52240395546001, "PassEasyEle": null, "PassEasyParking": null, "PassEasyShower": null, "PassEasyToilet": null, "PassEasyWay": null, "WheelchairAuditorium": null }, "geometry": { "type": "Point", "coordinates": [ 121.522403955460007, 25.1127447440225 ] } },
{ "type": "Feature", "properties": { "GymType": "球類運動設施/羽球場館", "Name": "城市大學大成館", "Addr": "臺北市北投區學園路2號", "OperationTel": "02-28927154#2501", "WebUrl": "http://www.tpcu.edu.tw", "Lat": 25.135500201153899, "Lng": 121.469392776489, "PassEasyEle": 0.0, "PassEasyParking": 1.0, "PassEasyShower": 0.0, "PassEasyToilet": 1.0, "PassEasyWay": 1.0, "WheelchairAuditorium": 0.0 }, "geometry": { "type": "Point", "coordinates": [ 121.469392776489002, 25.135500201153899 ] } },
{ "type": "Feature", "properties": { "GymType": "球類運動設施/高爾夫球練習場", "Name": "高爾夫球揮桿練習場", "Addr": "臺北市北投區學園路2號", "OperationTel": "02-28927154#2501", "WebUrl": "http://www.tpcu.edu.tw", "Lat": 25.133786340002398, "Lng": 121.46937802434, "PassEasyEle": 0.0, "PassEasyParking": 0.0, "PassEasyShower": 0.0, "PassEasyToilet": 0.0, "PassEasyWay": 0.0, "WheelchairAuditorium": 0.0 }, "geometry": { "type": "Point", "coordinates": [ 121.469378024340003, 25.133786340002398 ] } },
{ "type": "Feature", "properties": { "GymType": "球類運動設施/桌球場館", "Name": "藝文中心桌球室", "Addr": "臺北市北投區學園路2號", "OperationTel": "02-28927154#2501", "WebUrl": "http://www.tpcu.edu.tw", "Lat": 25.134782296227101, "Lng": 121.46972805261601, "PassEasyEle": 2.0, "PassEasyParking": 2.0, "PassEasyShower": 0.0, "PassEasyToilet": 2.0, "PassEasyWay": 1.0, "WheelchairAuditorium": 0.0 }, "geometry": { "type": "Point", "coordinates": [ 121.469728052616006, 25.134782296227101 ] } },
{ "type": "Feature", "properties": { "GymType": "球類運動設施/排球場館", "Name": "排球場", "Addr": "臺北市北投區學園路2號", "OperationTel": "02-28927154#2501", "WebUrl": "http://www.tpcu.edu.tw", "Lat": 25.1351756694424, "Lng": 121.469312310219, "PassEasyEle": 0.0, "PassEasyParking": 1.0, "PassEasyShower": 0.0, "PassEasyToilet": 1.0, "PassEasyWay": 1.0, "WheelchairAuditorium": 0.0 }, "geometry": { "type": "Point", "coordinates": [ 121.469312310218996, 25.1351756694424 ] } },
{ "type": "Feature", "properties": { "GymType": "陸上/射擊運動設施/田徑場", "Name": "田徑場", "Addr": "臺北市北投區學園路2號", "OperationTel": "02-28927154#2501", "WebUrl": "http://www.tpcu.edu.tw", "Lat": 25.134417939256299, "Lng": 121.469382047653, "PassEasyEle": 0.0, "PassEasyParking": 1.0, "PassEasyShower": 0.0, "PassEasyToilet": 1.0, "PassEasyWay": 1.0, "WheelchairAuditorium": 0.0 }, "geometry": { "type": "Point", "coordinates": [ 121.469382047652999, 25.134417939256299 ] } },
{ "type": "Feature", "properties": { "GymType": "球類運動設施/籃球場館", "Name": "籃球場", "Addr": "臺北市北投區學園路2號", "OperationTel": "02-28927154#2501", "WebUrl": "http://www.tpcu.edu.tw", "Lat": 25.1341045743984, "Lng": 121.46930426359199, "PassEasyEle": 0.0, "PassEasyParking": 0.0, "PassEasyShower": 0.0, "PassEasyToilet": 0.0, "PassEasyWay": 0.0, "WheelchairAuditorium": 0.0 }, "geometry": { "type": "Point", "coordinates": [ 121.469304263591994, 25.1341045743984 ] } },
{ "type": "Feature", "properties": { "GymType": "陸上/射擊運動設施/環形或直線慢跑場（非田徑場）", "Name": "環形或直線慢跑場（非田徑場）", "Addr": "臺北市文山區景華里景中街27號", "OperationTel": "02-89353130#501", "WebUrl": "http://www.cmjh.tp.edu.tw", "Lat": 24.994333488451002, "Lng": 121.543325185776, "PassEasyEle": 0.0, "PassEasyParking": 0.0, "PassEasyShower": 0.0, "PassEasyToilet": 0.0, "PassEasyWay": 1.0, "WheelchairAuditorium": 0.0 }, "geometry": { "type": "Point", "coordinates": [ 121.543325185775998, 24.994333488451002 ] } },
{ "type": "Feature", "properties": { "GymType": "球類運動設施/籃球場館", "Name": "臺北捷運北投會館", "Addr": "臺北市 北投區 大業路527巷88號", "OperationTel": "02-28930105#8306", "WebUrl": "https://btresort.metro.taipei/Default.aspx", "Lat": 25.1346209430783, "Lng": 121.48382456973199, "PassEasyEle": 2.0, "PassEasyParking": 6.0, "PassEasyShower": 4.0, "PassEasyToilet": 5.0, "PassEasyWay": 3.0, "WheelchairAuditorium": 0.0 }, "geometry": { "type": "Point", "coordinates": [ 121.483824569731993, 25.1346209430783 ] } },
{ "type": "Feature", "properties": { "GymType": "球類運動設施/排球場館", "Name": "興雅國中排球場", "Addr": "臺北市信義區松德路168巷15號", "OperationTel": "02-27232771#330", "WebUrl": "http://www.syajh.tp.edu.tw", "Lat": 25.035440002613299, "Lng": 121.572191119194, "PassEasyEle": 0.0, "PassEasyParking": 0.0, "PassEasyShower": 0.0, "PassEasyToilet": 0.0, "PassEasyWay": 1.0, "WheelchairAuditorium": 0.0 }, "geometry": { "type": "Point", "coordinates": [ 121.572191119194002, 25.035440002613299 ] } },
{ "type": "Feature", "properties": { "GymType": "球類運動設施/籃球場館", "Name": "興德國小", "Addr": "臺北市文山區興隆路二段235號", "OperationTel": "02-29329431#27", "WebUrl": "http://www.hdps.tp.edu.tw", "Lat": 25.001796490207099, "Lng": 121.551027596011, "PassEasyEle": 0.0, "PassEasyParking": 0.0, "PassEasyShower": 0.0, "PassEasyToilet": 0.0, "PassEasyWay": 0.0, "WheelchairAuditorium": 0.0 }, "geometry": { "type": "Point", "coordinates": [ 121.551027596010996, 25.001796490207099 ] } },
{ "type": "Feature", "properties": { "GymType": "球類運動設施/籃球場館", "Name": "南港高中活動中心", "Addr": "臺北市南港區西新里向陽路21號", "OperationTel": "02-27837863#245", "WebUrl": "http://www.nksh.tp.edu.tw", "Lat": 25.0522874587259, "Lng": 121.594281792641, "PassEasyEle": 0.0, "PassEasyParking": 1.0, "PassEasyShower": 2.0, "PassEasyToilet": 2.0, "PassEasyWay": 1.0, "WheelchairAuditorium": 0.0 }, "geometry": { "type": "Point", "coordinates": [ 121.594281792640999, 25.0522874587259 ] } },
{ "type": "Feature", "properties": { "GymType": "陸上/射擊運動設施/田徑場", "Name": "市立格致國中多功能田徑場", "Addr": "臺北市士林區陽明里仰德大道四段75號", "OperationTel": "02-28610079#109", "WebUrl": "http://www.gjjh.tp.edu.tw", "Lat": 25.1309915163916, "Lng": 121.545444618587, "PassEasyEle": 0.0, "PassEasyParking": 0.0, "PassEasyShower": 0.0, "PassEasyToilet": 0.0, "PassEasyWay": 0.0, "WheelchairAuditorium": 0.0 }, "geometry": { "type": "Point", "coordinates": [ 121.545444618586998, 25.1309915163916 ] } },
{ "type": "Feature", "properties": { "GymType": "球類運動設施/籃球場館", "Name": "市立格致國中綜合籃球場", "Addr": "臺北市士林區陽明里仰德大道四段75號", "OperationTel": "02-28610079#109", "WebUrl": "http://www.gjjh.tp.edu.tw", "Lat": 25.130869638623199, "Lng": 121.54644288803, "PassEasyEle": 0.0, "PassEasyParking": 0.0, "PassEasyShower": 0.0, "PassEasyToilet": 0.0, "PassEasyWay": 0.0, "WheelchairAuditorium": 0.0 }, "geometry": { "type": "Point", "coordinates": [ 121.546442888030001, 25.130869638623199 ] } },
{ "type": "Feature", "properties": { "GymType": "陸上/射擊運動設施/田徑場", "Name": "北市仁愛國中田徑場", "Addr": "臺北市大安區仁愛路4段130號", "OperationTel": "02-23255823#3206", "WebUrl": "http://www.jajh.tp.edu.tw", "Lat": 25.0374886485742, "Lng": 121.550846099854, "PassEasyEle": 0.0, "PassEasyParking": 0.0, "PassEasyShower": 0.0, "PassEasyToilet": 0.0, "PassEasyWay": 0.0, "WheelchairAuditorium": 0.0 }, "geometry": { "type": "Point", "coordinates": [ 121.550846099853999, 25.0374886485742 ] } },
{ "type": "Feature", "properties": { "GymType": "陸上/射擊運動設施/田徑場", "Name": "台北市立士林國民中學體育場", "Addr": "臺北市士林區福德里中正路345號", "OperationTel": "02-88613411#330", "WebUrl": "http://www.sljh.tp.edu.tw", "Lat": 25.093517867727101, "Lng": 121.522849202156, "PassEasyEle": 1.0, "PassEasyParking": 1.0, "PassEasyShower": 1.0, "PassEasyToilet": 1.0, "PassEasyWay": 1.0, "WheelchairAuditorium": 0.0 }, "geometry": { "type": "Point", "coordinates": [ 121.522849202155996, 25.093517867727101 ] } },
{ "type": "Feature", "properties": { "GymType": "陸上/射擊運動設施/田徑場", "Name": "操場(含跑道)", "Addr": "臺北市中正區汀州路二段180號", "OperationTel": "02-23677144", "WebUrl": "http://www.htps.tp.edu.tw", "Lat": 25.022833899502899, "Lng": 121.522288083997, "PassEasyEle": null, "PassEasyParking": null, "PassEasyShower": null, "PassEasyToilet": null, "PassEasyWay": null, "WheelchairAuditorium": null }, "geometry": { "type": "Point", "coordinates": [ 121.522288083996997, 25.022833899502899 ] } },
{ "type": "Feature", "properties": { "GymType": "水上/冰上運動設施/游泳池", "Name": "玉成國小游泳館", "Addr": "臺北市南港區西新里向陽路31號", "OperationTel": "02-27836049#133", "WebUrl": "http://www.yhes.tp.edu.tw", "Lat": 25.053837251306007, "Lng": 121.59416167996824, "PassEasyEle": 0.0, "PassEasyParking": 1.0, "PassEasyShower": 1.0, "PassEasyToilet": 1.0, "PassEasyWay": 1.0, "WheelchairAuditorium": 0.0 }, "geometry": { "type": "Point", "coordinates": [ 121.594161679968238, 25.053837251306007 ] } },
{ "type": "Feature", "properties": { "GymType": "陸上/射擊運動設施/田徑場", "Name": "中山國中田徑場", "Addr": "臺北市松山區復興北路361巷7號", "OperationTel": "02-27126701#313", "WebUrl": "http://www.csjhs.tp.edu.tw", "Lat": 25.0606094858686, "Lng": 121.545529961586, "PassEasyEle": 0.0, "PassEasyParking": 2.0, "PassEasyShower": 0.0, "PassEasyToilet": 2.0, "PassEasyWay": 2.0, "WheelchairAuditorium": 0.0 }, "geometry": { "type": "Point", "coordinates": [ 121.545529961585999, 25.0606094858686 ] } },
{ "type": "Feature", "properties": { "GymType": "球類運動設施/籃球場館", "Name": "新湖國小籃球場", "Addr": "臺北市內湖區湖興里民權東路6段138號", "OperationTel": "02-27963721", "WebUrl": "http://www.shes.tp.edu.tw", "Lat": 25.068155921680599, "Lng": 121.588643789291, "PassEasyEle": 0.0, "PassEasyParking": 0.0, "PassEasyShower": 0.0, "PassEasyToilet": 1.0, "PassEasyWay": 1.0, "WheelchairAuditorium": 0.0 }, "geometry": { "type": "Point", "coordinates": [ 121.588643789290998, 25.068155921680599 ] } },
{ "type": "Feature", "properties": { "GymType": "球類運動設施/羽球場館", "Name": "活動中心", "Addr": "臺北市大同區民權里錦西街51號", "OperationTel": "02-25570309#1024", "WebUrl": "http://www.sles.tp.edu.tw", "Lat": 25.061236348528499, "Lng": 121.517554521561, "PassEasyEle": 1.0, "PassEasyParking": 1.0, "PassEasyShower": 0.0, "PassEasyToilet": 1.0, "PassEasyWay": 1.0, "WheelchairAuditorium": 0.0 }, "geometry": { "type": "Point", "coordinates": [ 121.517554521560996, 25.061236348528499 ] } },
{ "type": "Feature", "properties": { "GymType": "球類運動設施/籃球場館", "Name": "建安國小田徑場", "Addr": "臺北市大安區龍雲里大安路2段99號", "OperationTel": "02-27077119#814", "WebUrl": "http://www.jnps.tp.edu.tw", "Lat": 25.029315732490499, "Lng": 121.546481609312, "PassEasyEle": 0.0, "PassEasyParking": 0.0, "PassEasyShower": 0.0, "PassEasyToilet": 0.0, "PassEasyWay": 0.0, "WheelchairAuditorium": 0.0 }, "geometry": { "type": "Point", "coordinates": [ 121.546481609311996, 25.029315732490499 ] } },
{ "type": "Feature", "properties": { "GymType": "水上/冰上運動設施/游泳池", "Name": "胡適國小體育館", "Addr": "臺北市南港區中研里舊莊街1段1號", "OperationTel": "02-27824949#922", "WebUrl": "http://www.hsps.tp.edu.tw", "Lat": 25.042190927156199, "Lng": 121.61748290062, "PassEasyEle": 1.0, "PassEasyParking": 0.0, "PassEasyShower": 0.0, "PassEasyToilet": 1.0, "PassEasyWay": 1.0, "WheelchairAuditorium": 0.0 }, "geometry": { "type": "Point", "coordinates": [ 121.617482900620004, 25.042190927156199 ] } },
{ "type": "Feature", "properties": { "GymType": "陸上/射擊運動設施/田徑場", "Name": "葫蘆國小操場", "Addr": "臺北市士林區環河北路3段95號", "OperationTel": "02-28129586#822", "WebUrl": "http://www.hrps.tp.edu.tw", "Lat": 25.083461172981, "Lng": 121.507887840271, "PassEasyEle": 2.0, "PassEasyParking": 0.0, "PassEasyShower": 0.0, "PassEasyToilet": 3.0, "PassEasyWay": 2.0, "WheelchairAuditorium": 5.0 }, "geometry": { "type": "Point", "coordinates": [ 121.507887840270996, 25.083461172981 ] } },
{ "type": "Feature", "properties": { "GymType": "球類運動設施/籃球場館", "Name": "萬芳國小活動中心", "Addr": "臺北市文山區萬芳里萬和街1號", "OperationTel": "02-22301232", "WebUrl": "http://www.wfes.tp.edu.tw", "Lat": 25.000731763926002, "Lng": 121.56721293926201, "PassEasyEle": 0.0, "PassEasyParking": 0.0, "PassEasyShower": 0.0, "PassEasyToilet": 3.0, "PassEasyWay": 1.0, "WheelchairAuditorium": 0.0 }, "geometry": { "type": "Point", "coordinates": [ 121.567212939262006, 25.000731763926002 ] } },
{ "type": "Feature", "properties": { "GymType": "水上/冰上運動設施/游泳池", "Name": "萬芳國小室外游泳池", "Addr": "臺北市文山區萬芳里萬和街1號", "OperationTel": "02-22301232#824", "WebUrl": "http://www.wfes.tp.edu.tw", "Lat": 25.0009080035015, "Lng": 121.566532999277, "PassEasyEle": 0.0, "PassEasyParking": 0.0, "PassEasyShower": 0.0, "PassEasyToilet": 1.0, "PassEasyWay": 0.0, "WheelchairAuditorium": 0.0 }, "geometry": { "type": "Point", "coordinates": [ 121.566532999277001, 25.0009080035015 ] } },
{ "type": "Feature", "properties": { "GymType": "陸上/射擊運動設施/田徑場", "Name": "北政國中上操場", "Addr": "臺北市文山區指南里指南路3段2巷14號", "OperationTel": "02-29393651#34", "WebUrl": "http://www.pcjh.tp.edu.tw", "Lat": 24.984689662901001, "Lng": 121.577036976787, "PassEasyEle": 0.0, "PassEasyParking": 0.0, "PassEasyShower": 0.0, "PassEasyToilet": 0.0, "PassEasyWay": 0.0, "WheelchairAuditorium": 0.0 }, "geometry": { "type": "Point", "coordinates": [ 121.577036976786999, 24.984689662901001 ] } },
{ "type": "Feature", "properties": { "GymType": "陸上/射擊運動設施/環形或直線慢跑場（非田徑場）", "Name": "興福國中運動場", "Addr": "臺北市文山區興旺里福興路80號", "OperationTel": "02-29322024#340", "WebUrl": "http://www.hfjh.tp.edu.tw", "Lat": 25.005019783357699, "Lng": 121.55064225196899, "PassEasyEle": 1.0, "PassEasyParking": 1.0, "PassEasyShower": 0.0, "PassEasyToilet": 4.0, "PassEasyWay": 2.0, "WheelchairAuditorium": 0.0 }, "geometry": { "type": "Point", "coordinates": [ 121.550642251968995, 25.005019783357699 ] } },
{ "type": "Feature", "properties": { "GymType": "水上/冰上運動設施/游泳池", "Name": "龍山國中活動中心", "Addr": "臺北市萬華區富裕里南寧路46號", "OperationTel": "02-23362789#303", "WebUrl": "http://www.lsjh.tp.edu.tw", "Lat": 25.035930903338901, "Lng": 121.50609290596501, "PassEasyEle": 0.0, "PassEasyParking": 0.0, "PassEasyShower": 0.0, "PassEasyToilet": 0.0, "PassEasyWay": 1.0, "WheelchairAuditorium": 0.0 }, "geometry": { "type": "Point", "coordinates": [ 121.506092905965005, 25.035930903338901 ] } },
{ "type": "Feature", "properties": { "GymType": "陸上/射擊運動設施/田徑場", "Name": "龍山國中田徑場", "Addr": "臺北市萬華區富裕里南寧路46號", "OperationTel": "02-23362789#303", "WebUrl": "http://www.lsjh.tp.edu.tw", "Lat": 25.035673302159498, "Lng": 121.50528180605799, "PassEasyEle": 0.0, "PassEasyParking": 0.0, "PassEasyShower": 0.0, "PassEasyToilet": 0.0, "PassEasyWay": 0.0, "WheelchairAuditorium": 0.0 }, "geometry": { "type": "Point", "coordinates": [ 121.505281806057994, 25.035673302159498 ] } },
{ "type": "Feature", "properties": { "GymType": "陸上/射擊運動設施/田徑場", "Name": "力行國小田徑場", "Addr": "臺北市文山區樟腳里木新路3段155巷7號", "OperationTel": "02-29363995#822", "WebUrl": "http://www.lsps.tp.edu.tw", "Lat": 24.981001057214399, "Lng": 121.561286598444, "PassEasyEle": 1.0, "PassEasyParking": 0.0, "PassEasyShower": 0.0, "PassEasyToilet": 4.0, "PassEasyWay": 3.0, "WheelchairAuditorium": 0.0 }, "geometry": { "type": "Point", "coordinates": [ 121.561286598443999, 24.981001057214399 ] } },
{ "type": "Feature", "properties": { "GymType": "球類運動設施/籃球場館", "Name": "興福國中內操場", "Addr": "臺北市文山區興旺里福興路80號", "OperationTel": "02-29322024#340", "WebUrl": "http://www.hfjh.tp.edu.tw", "Lat": 25.005019783357699, "Lng": 121.55028820037801, "PassEasyEle": 1.0, "PassEasyParking": 1.0, "PassEasyShower": 0.0, "PassEasyToilet": 4.0, "PassEasyWay": 1.0, "WheelchairAuditorium": 0.0 }, "geometry": { "type": "Point", "coordinates": [ 121.550288200378006, 25.005019783357699 ] } },
{ "type": "Feature", "properties": { "GymType": "球類運動設施/羽球場館", "Name": "武揚館", "Addr": "臺北市北投區一德里中央北路4段48號", "OperationTel": "02-28929633#243", "WebUrl": "http://www.tyjh.tp.edu.tw/TYJHenable/", "Lat": 25.134761097793099, "Lng": 121.477416604757, "PassEasyEle": 0.0, "PassEasyParking": 1.0, "PassEasyShower": 0.0, "PassEasyToilet": 1.0, "PassEasyWay": 1.0, "WheelchairAuditorium": 0.0 }, "geometry": { "type": "Point", "coordinates": [ 121.477416604756996, 25.134761097793099 ] } },
{ "type": "Feature", "properties": { "GymType": "水上/冰上運動設施/游泳池", "Name": "螢橋國小游泳池", "Addr": "臺北市中正區螢雪里詔安街29號", "OperationTel": "02-23054620", "WebUrl": "http://www.yces.tp.edu.tw", "Lat": 25.025169525160202, "Lng": 121.51493668556201, "PassEasyEle": 0.0, "PassEasyParking": 0.0, "PassEasyShower": 2.0, "PassEasyToilet": 1.0, "PassEasyWay": 0.0, "WheelchairAuditorium": 0.0 }, "geometry": { "type": "Point", "coordinates": [ 121.514936685562006, 25.025169525160202 ] } },
{ "type": "Feature", "properties": { "GymType": "球類運動設施/籃球場館", "Name": "台北市立雙溪國小籃球場", "Addr": "臺北市士林區翠山里中社路2段66號", "OperationTel": "02-28411038#14", "WebUrl": "http://www.sses.tp.edu.tw", "Lat": 25.1060608569396, "Lng": 121.56392455101, "PassEasyEle": 0.0, "PassEasyParking": 0.0, "PassEasyShower": 0.0, "PassEasyToilet": 0.0, "PassEasyWay": 0.0, "WheelchairAuditorium": 0.0 }, "geometry": { "type": "Point", "coordinates": [ 121.563924551010004, 25.1060608569396 ] } },
{ "type": "Feature", "properties": { "GymType": "球類運動設施/網球場館", "Name": "西湖國中網球場", "Addr": "臺北市內湖區西湖里環山路1段27號", "OperationTel": "02-27991817#215", "WebUrl": "http://www.xhjhs.tp.edu.tw", "Lat": 25.086113888649599, "Lng": 121.565796732903, "PassEasyEle": 0.0, "PassEasyParking": 0.0, "PassEasyShower": 0.0, "PassEasyToilet": 0.0, "PassEasyWay": 0.0, "WheelchairAuditorium": 0.0 }, "geometry": { "type": "Point", "coordinates": [ 121.565796732902996, 25.086113888649599 ] } },
{ "type": "Feature", "properties": { "GymType": "陸上/射擊運動設施/田徑場", "Name": "臺北市立弘道國民中學操場", "Addr": "臺北市中正區公園路21號", "OperationTel": "02-23715520#320", "WebUrl": "http://www.htjh.tp.edu.tw", "Lat": 25.038025713800302, "Lng": 121.51564478874199, "PassEasyEle": 0.0, "PassEasyParking": 0.0, "PassEasyShower": 0.0, "PassEasyToilet": 0.0, "PassEasyWay": 1.0, "WheelchairAuditorium": 0.0 }, "geometry": { "type": "Point", "coordinates": [ 121.515644788741994, 25.038025713800302 ] } },
{ "type": "Feature", "properties": { "GymType": "球類運動設施/籃球場館", "Name": "臺北市立實踐國中活動中心", "Addr": "臺北市文山區樟林里辛亥路七段67號", "OperationTel": "02-22362857#150", "WebUrl": "http://www.sjjh.tp.edu.tw", "Lat": 24.983429884607599, "Lng": 121.55477821826901, "PassEasyEle": 1.0, "PassEasyParking": 1.0, "PassEasyShower": 0.0, "PassEasyToilet": 1.0, "PassEasyWay": 1.0, "WheelchairAuditorium": 0.0 }, "geometry": { "type": "Point", "coordinates": [ 121.554778218269007, 24.983429884607599 ] } },
{ "type": "Feature", "properties": { "GymType": "球類運動設施/羽球場館", "Name": "仁愛國小活動中心", "Addr": "臺北市安和路1段60號", "OperationTel": "02-27095010#411", "WebUrl": "http://www.japs.tp.edu.tw", "Lat": 25.035907025953101, "Lng": 121.550701260567, "PassEasyEle": 0.0, "PassEasyParking": 1.0, "PassEasyShower": 0.0, "PassEasyToilet": 1.0, "PassEasyWay": 2.0, "WheelchairAuditorium": 0.0 }, "geometry": { "type": "Point", "coordinates": [ 121.550701260566996, 25.035907025953101 ] } },
{ "type": "Feature", "properties": { "GymType": "球類運動設施/網球場館", "Name": "新興國中網球場", "Addr": "臺北市中山區聚葉里林森北路511號", "OperationTel": "02-25714211", "WebUrl": "http://www.hhjh.tp.edu.tw/xxjh2007/", "Lat": 25.062120753958801, "Lng": 121.527108550072, "PassEasyEle": 0.0, "PassEasyParking": 0.0, "PassEasyShower": 0.0, "PassEasyToilet": 0.0, "PassEasyWay": 0.0, "WheelchairAuditorium": 0.0 }, "geometry": { "type": "Point", "coordinates": [ 121.527108550072001, 25.062120753958801 ] } },
{ "type": "Feature", "properties": { "GymType": "球類運動設施/籃球場館", "Name": "新興國中室外籃球場", "Addr": "臺北市中山區聚葉里林森北路511號", "OperationTel": "02-25714211", "WebUrl": "http://www.hhjh.tp.edu.tw/xxjh2007/", "Lat": 25.061639677071501, "Lng": 121.52708172798199, "PassEasyEle": 0.0, "PassEasyParking": 0.0, "PassEasyShower": 0.0, "PassEasyToilet": 0.0, "PassEasyWay": 0.0, "WheelchairAuditorium": 0.0 }, "geometry": { "type": "Point", "coordinates": [ 121.527081727981994, 25.061639677071501 ] } },
{ "type": "Feature", "properties": { "GymType": "陸上/射擊運動設施/田徑場", "Name": "新興國中操場", "Addr": "臺北市中山區聚葉里林森北路511號", "OperationTel": "02-25714211", "WebUrl": "http://www.hhjh.tp.edu.tw/xxjh2007/", "Lat": 25.061712567630401, "Lng": 121.526421904564, "PassEasyEle": 0.0, "PassEasyParking": 0.0, "PassEasyShower": 0.0, "PassEasyToilet": 0.0, "PassEasyWay": 0.0, "WheelchairAuditorium": 0.0 }, "geometry": { "type": "Point", "coordinates": [ 121.526421904564003, 25.061712567630401 ] } },
{ "type": "Feature", "properties": { "GymType": "球類運動設施/籃球場館", "Name": "弘道國中活動中心", "Addr": "臺北市中正區公園路21號", "OperationTel": "02-23715520#320", "WebUrl": "http://www.htjh.tp.edu.tw", "Lat": 25.037491078738899, "Lng": 121.515290737152, "PassEasyEle": 1.0, "PassEasyParking": 2.0, "PassEasyShower": 1.0, "PassEasyToilet": 1.0, "PassEasyWay": 1.0, "WheelchairAuditorium": 1.0 }, "geometry": { "type": "Point", "coordinates": [ 121.515290737152, 25.037491078738899 ] } },
{ "type": "Feature", "properties": { "GymType": "球類運動設施/高爾夫球練習場", "Name": "大誠高中高爾夫簡易練習場", "Addr": "臺北市文山區萬興里秀明路2段175號", "OperationTel": "02-22348989#34", "WebUrl": "http://www.tcsh.tp.edu.tw", "Lat": 24.990954325572702, "Lng": 121.57833069562901, "PassEasyEle": 1.0, "PassEasyParking": 1.0, "PassEasyShower": 0.0, "PassEasyToilet": 2.0, "PassEasyWay": 1.0, "WheelchairAuditorium": 0.0 }, "geometry": { "type": "Point", "coordinates": [ 121.578330695629006, 24.990954325572702 ] } },
{ "type": "Feature", "properties": { "GymType": "球類運動設施/籃球場館", "Name": "東湖國小操場", "Addr": "臺北市內湖區東湖里東湖路115號", "OperationTel": "02-26339984#832", "WebUrl": "http://w3.dfps.tp.edu.tw", "Lat": 25.068763309371601, "Lng": 121.615844070911, "PassEasyEle": 1.0, "PassEasyParking": 0.0, "PassEasyShower": 0.0, "PassEasyToilet": 1.0, "PassEasyWay": 1.0, "WheelchairAuditorium": 0.0 }, "geometry": { "type": "Point", "coordinates": [ 121.615844070910995, 25.068763309371601 ] } },
{ "type": "Feature", "properties": { "GymType": "陸上/射擊運動設施/田徑場", "Name": "東吳大學雙溪校區田徑場", "Addr": "臺北市士林區臨溪路70號", "OperationTel": "02-28819471#5606", "WebUrl": "http://www.scu.edu.tw/physical/", "Lat": 25.095206048265499, "Lng": 121.545631885529, "PassEasyEle": null, "PassEasyParking": null, "PassEasyShower": null, "PassEasyToilet": null, "PassEasyWay": null, "WheelchairAuditorium": null }, "geometry": { "type": "Point", "coordinates": [ 121.545631885529005, 25.095206048265499 ] } },
{ "type": "Feature", "properties": { "GymType": "水上/冰上運動設施/游泳池", "Name": "新生公園游泳池", "Addr": "臺北市 中山區 新生北路三段105號", "OperationTel": "02-25702330#6654", "WebUrl": null, "Lat": 25.0686286007376, "Lng": 121.529589837255, "PassEasyEle": 2.0, "PassEasyParking": 0.0, "PassEasyShower": 2.0, "PassEasyToilet": 2.0, "PassEasyWay": 2.0, "WheelchairAuditorium": 0.0 }, "geometry": { "type": "Point", "coordinates": [ 121.529589837255003, 25.0686286007376 ] } },
{ "type": "Feature", "properties": { "GymType": "球類運動設施/網球場館", "Name": "新生公園網球場", "Addr": "臺北市中山區新生北路3段105號", "OperationTel": "02-25956489", "WebUrl": null, "Lat": 25.068494990002399, "Lng": 121.53174528466501, "PassEasyEle": null, "PassEasyParking": null, "PassEasyShower": null, "PassEasyToilet": null, "PassEasyWay": null, "WheelchairAuditorium": null }, "geometry": { "type": "Point", "coordinates": [ 121.531745284665007, 25.068494990002399 ] } },
{ "type": "Feature", "properties": { "GymType": "陸上/射擊運動設施/田徑場", "Name": "臺北市雙蓮國小操場", "Addr": "臺北市大同區民權里錦西街51號", "OperationTel": "02-25570309#1024", "WebUrl": "http://www.sles.tp.edu.tw", "Lat": 25.0607115334969, "Lng": 121.517211198807, "PassEasyEle": 0.0, "PassEasyParking": 1.0, "PassEasyShower": 0.0, "PassEasyToilet": 1.0, "PassEasyWay": 1.0, "WheelchairAuditorium": 0.0 }, "geometry": { "type": "Point", "coordinates": [ 121.517211198807004, 25.0607115334969 ] } },
{ "type": "Feature", "properties": { "GymType": "球類運動設施/籃球場館", "Name": "臺北市雙蓮國小籃球場", "Addr": "臺北市大同區民權里錦西街51號", "OperationTel": "02-25570309#1024", "WebUrl": "http://x-hack.sles.tp.edu.tw/", "Lat": 25.061260645466199, "Lng": 121.51703417301199, "PassEasyEle": 0.0, "PassEasyParking": 1.0, "PassEasyShower": 0.0, "PassEasyToilet": 1.0, "PassEasyWay": 1.0, "WheelchairAuditorium": 0.0 }, "geometry": { "type": "Point", "coordinates": [ 121.517034173011993, 25.061260645466199 ] } },
{ "type": "Feature", "properties": { "GymType": "球類運動設施/籃球場館", "Name": "南港國民小學活動中心", "Addr": "臺北市南港區三重里惠民街67號", "OperationTel": "02-27834678", "WebUrl": "http://www.nkps.tp.edu.tw", "Lat": 25.057222428271199, "Lng": 121.610584259033, "PassEasyEle": 2.0, "PassEasyParking": 1.0, "PassEasyShower": 0.0, "PassEasyToilet": 3.0, "PassEasyWay": 2.0, "WheelchairAuditorium": 0.0 }, "geometry": { "type": "Point", "coordinates": [ 121.610584259033004, 25.057222428271199 ] } },
{ "type": "Feature", "properties": { "GymType": "水上/冰上運動設施/游泳池", "Name": "游泳健身館", "Addr": "臺北市北投區立農街二段155號", "OperationTel": "02-28206000", "WebUrl": "http://pe.web.ym.edu.tw/front/bin/home.phtml", "Lat": 25.122881599112301, "Lng": 121.510822176933, "PassEasyEle": 1.0, "PassEasyParking": 2.0, "PassEasyShower": 2.0, "PassEasyToilet": 2.0, "PassEasyWay": 1.0, "WheelchairAuditorium": 1.0 }, "geometry": { "type": "Point", "coordinates": [ 121.510822176933004, 25.122881599112301 ] } },
{ "type": "Feature", "properties": { "GymType": "陸上/射擊運動設施/田徑場", "Name": "操場", "Addr": "臺北市內湖區東湖里康寧路3段105號", "OperationTel": "02-26323477", "WebUrl": "http://www.mhups.tp.edu.tw", "Lat": 25.071194997139902, "Lng": 121.611583016165, "PassEasyEle": 0.0, "PassEasyParking": 0.0, "PassEasyShower": 0.0, "PassEasyToilet": 0.0, "PassEasyWay": 0.0, "WheelchairAuditorium": 0.0 }, "geometry": { "type": "Point", "coordinates": [ 121.611583016165, 25.071194997139902 ] } },
{ "type": "Feature", "properties": { "GymType": "球類運動設施/籃球場館", "Name": "福星國小活動中心", "Addr": "臺北市萬華區福星里中華路一段66號", "OperationTel": "02-23144668#125", "WebUrl": "http://www.fhps.tp.edu.tw", "Lat": 25.046834705948299, "Lng": 121.50792807340601, "PassEasyEle": 1.0, "PassEasyParking": 0.0, "PassEasyShower": 0.0, "PassEasyToilet": 0.0, "PassEasyWay": 1.0, "WheelchairAuditorium": 0.0 }, "geometry": { "type": "Point", "coordinates": [ 121.507928073406006, 25.046834705948299 ] } },
{ "type": "Feature", "properties": { "GymType": "球類運動設施/籃球場館", "Name": "戶外籃球場", "Addr": "臺北市內湖區康寧路三段75巷137號", "OperationTel": "02-26321181#451", "WebUrl": "http://www.ukn.edu.tw/ukn/index.html", "Lat": 25.0767465331929, "Lng": 121.610584259033, "PassEasyEle": 0.0, "PassEasyParking": 0.0, "PassEasyShower": 0.0, "PassEasyToilet": 0.0, "PassEasyWay": 1.0, "WheelchairAuditorium": 0.0 }, "geometry": { "type": "Point", "coordinates": [ 121.610584259033004, 25.0767465331929 ] } },
{ "type": "Feature", "properties": { "GymType": "球類運動設施/排球場館", "Name": "實踐國小活動中心", "Addr": "臺北市文山區樟文里忠順街1段4號", "OperationTel": "02-29360725#135", "WebUrl": "http://www.zjps.tp.edu.tw", "Lat": 24.982952551279801, "Lng": 121.557945012937, "PassEasyEle": 0.0, "PassEasyParking": 0.0, "PassEasyShower": 1.0, "PassEasyToilet": 1.0, "PassEasyWay": 0.0, "WheelchairAuditorium": 0.0 }, "geometry": { "type": "Point", "coordinates": [ 121.557945012936997, 24.982952551279801 ] } },
{ "type": "Feature", "properties": { "GymType": "球類運動設施/籃球場館", "Name": "木柵國小活動中心（3F）", "Addr": "臺北市文山區木柵路三段191號", "OperationTel": "02-29391234#634", "WebUrl": "http://www.mjes.tp.edu.tw/", "Lat": 24.990420701070896, "Lng": 121.57020226120926, "PassEasyEle": 0.0, "PassEasyParking": 0.0, "PassEasyShower": 0.0, "PassEasyToilet": 0.0, "PassEasyWay": 0.0, "WheelchairAuditorium": 0.0 }, "geometry": { "type": "Point", "coordinates": [ 121.570202261209261, 24.990420701070896 ] } },
{ "type": "Feature", "properties": { "GymType": "球類運動設施/羽球場館", "Name": "陽明山國小活動中心", "Addr": "臺北市士林區新安里仰德大道3段61號", "OperationTel": "02-28616366", "WebUrl": "http://www.ymps.tp.edu.tw", "Lat": 25.119870258939699, "Lng": 121.55284166336099, "PassEasyEle": 0.0, "PassEasyParking": 0.0, "PassEasyShower": 0.0, "PassEasyToilet": 0.0, "PassEasyWay": 0.0, "WheelchairAuditorium": 0.0 }, "geometry": { "type": "Point", "coordinates": [ 121.552841663360994, 25.119870258939699 ] } },
{ "type": "Feature", "properties": { "GymType": "陸上/射擊運動設施/田徑場", "Name": "太平國小操場", "Addr": "臺北市大同區南芳里延平北路2段239號", "OperationTel": "02-25532229", "WebUrl": "http://www.tpes.tp.edu.tw", "Lat": 25.062055942304902, "Lng": 121.512606449524, "PassEasyEle": 0.0, "PassEasyParking": 0.0, "PassEasyShower": 0.0, "PassEasyToilet": 0.0, "PassEasyWay": 0.0, "WheelchairAuditorium": 0.0 }, "geometry": { "type": "Point", "coordinates": [ 121.512606449524, 25.062055942304902 ] } },
{ "type": "Feature", "properties": { "GymType": "陸上/射擊運動設施/環形或直線慢跑場（非田徑場）", "Name": "福安國中戶外運動場", "Addr": "臺北市士林區福安里延平北路7段250號", "OperationTel": "02-28108766#141", "WebUrl": "http://www.fajh.tp.edu.tw", "Lat": 25.102815931175201, "Lng": 121.488575935364, "PassEasyEle": 0.0, "PassEasyParking": 1.0, "PassEasyShower": 0.0, "PassEasyToilet": 2.0, "PassEasyWay": 2.0, "WheelchairAuditorium": 0.0 }, "geometry": { "type": "Point", "coordinates": [ 121.488575935363997, 25.102815931175201 ] } },
{ "type": "Feature", "properties": { "GymType": "陸上/射擊運動設施/田徑場", "Name": "關渡國中多功能球場(籃球場)", "Addr": "臺北市北投區關渡里知行路212號", "OperationTel": "02-28581770#31", "WebUrl": null, "Lat": 25.119878807264399, "Lng": 121.467627882957, "PassEasyEle": 0.0, "PassEasyParking": 0.0, "PassEasyShower": 0.0, "PassEasyToilet": 0.0, "PassEasyWay": 0.0, "WheelchairAuditorium": 0.0 }, "geometry": { "type": "Point", "coordinates": [ 121.467627882957004, 25.119878807264399 ] } },
{ "type": "Feature", "properties": { "GymType": "球類運動設施/籃球場館", "Name": "臺北市士林區文昌國小活動中心", "Addr": "臺北市士林區文林路615巷20號", "OperationTel": "02-28365411#123", "WebUrl": "http://www.wces.tp.edu.tw", "Lat": 25.0993863202395, "Lng": 121.521363258362, "PassEasyEle": 0.0, "PassEasyParking": 0.0, "PassEasyShower": 0.0, "PassEasyToilet": 0.0, "PassEasyWay": 0.0, "WheelchairAuditorium": 0.0 }, "geometry": { "type": "Point", "coordinates": [ 121.521363258362001, 25.0993863202395 ] } },
{ "type": "Feature", "properties": { "GymType": "球類運動設施/籃球場館", "Name": "臺北市光復國小活動中心", "Addr": "臺北市信義區光復南路271號", "OperationTel": "02-27585076#831", "WebUrl": "http://www.kfps.tp.edu.tw", "Lat": 25.0406283811989, "Lng": 121.558021008968, "PassEasyEle": 0.0, "PassEasyParking": 1.0, "PassEasyShower": 0.0, "PassEasyToilet": 0.0, "PassEasyWay": 3.0, "WheelchairAuditorium": 0.0 }, "geometry": { "type": "Point", "coordinates": [ 121.558021008967998, 25.0406283811989 ] } },
{ "type": "Feature", "properties": { "GymType": "球類運動設施/網球場館", "Name": "大湖國小籃球場及網球場", "Addr": "臺北市內湖區大湖里大湖山莊街170號", "OperationTel": "02-27915870", "WebUrl": "http://www.dhps.tp.edu.tw", "Lat": 25.087930917118999, "Lng": 121.599951982498, "PassEasyEle": 0.0, "PassEasyParking": 0.0, "PassEasyShower": 0.0, "PassEasyToilet": 0.0, "PassEasyWay": 0.0, "WheelchairAuditorium": 0.0 }, "geometry": { "type": "Point", "coordinates": [ 121.599951982497998, 25.087930917118999 ] } },
{ "type": "Feature", "properties": { "GymType": "水上/冰上運動設施/游泳池", "Name": "明湖國小活動中心", "Addr": "臺北市內湖區東湖里康寧路3段105號", "OperationTel": "02-26323477#41", "WebUrl": "http://www.mhups.tp.edu.tw", "Lat": 25.0708640377084, "Lng": 121.611278057071, "PassEasyEle": 1.0, "PassEasyParking": 1.0, "PassEasyShower": 2.0, "PassEasyToilet": 3.0, "PassEasyWay": 1.0, "WheelchairAuditorium": 0.0 }, "geometry": { "type": "Point", "coordinates": [ 121.611278057071004, 25.0708640377084 ] } },
{ "type": "Feature", "properties": { "GymType": "陸上/射擊運動設施/田徑場", "Name": "公館國小田徑場", "Addr": "臺北市大安區基隆路4段41巷68弄2號", "OperationTel": "02-27351734", "WebUrl": "http://www.gges.tp.edu.tw", "Lat": 25.0124189388122, "Lng": 121.542916148901, "PassEasyEle": 0.0, "PassEasyParking": 0.0, "PassEasyShower": 0.0, "PassEasyToilet": 1.0, "PassEasyWay": 1.0, "WheelchairAuditorium": 0.0 }, "geometry": { "type": "Point", "coordinates": [ 121.542916148901, 25.0124189388122 ] } },
{ "type": "Feature", "properties": { "GymType": "球類運動設施/羽球場館", "Name": "敦化國小學生活動中心羽球場", "Addr": "臺北市松山區中正里敦化北路2號", "OperationTel": "02-27414065#134", "WebUrl": "http://www.thps.tp.edu.tw", "Lat": 25.04991395892668, "Lng": 121.54784278654826, "PassEasyEle": 0.0, "PassEasyParking": 0.0, "PassEasyShower": 0.0, "PassEasyToilet": 1.0, "PassEasyWay": 0.0, "WheelchairAuditorium": 0.0 }, "geometry": { "type": "Point", "coordinates": [ 121.547842786548259, 25.04991395892668 ] } },
{ "type": "Feature", "properties": { "GymType": "陸上/射擊運動設施/田徑場", "Name": "吉林國小田徑場", "Addr": "臺北市中山區中原里長春路116號", "OperationTel": "02-25219196#823", "WebUrl": "http://www.clps.tp.edu.tw", "Lat": 25.0538838738659, "Lng": 121.529050469399, "PassEasyEle": 1.0, "PassEasyParking": 0.0, "PassEasyShower": 0.0, "PassEasyToilet": 1.0, "PassEasyWay": 1.0, "WheelchairAuditorium": 0.0 }, "geometry": { "type": "Point", "coordinates": [ 121.529050469398996, 25.0538838738659 ] } },
{ "type": "Feature", "properties": { "GymType": "球類運動設施/羽球場館", "Name": "禮堂", "Addr": "臺北市大同區民權里錦西街51號", "OperationTel": "02-25570309#1024", "WebUrl": "http://x-hack.sles.tp.edu.tw/", "Lat": 25.060228021362601, "Lng": 121.51647090911899, "PassEasyEle": 0.0, "PassEasyParking": 1.0, "PassEasyShower": 0.0, "PassEasyToilet": 1.0, "PassEasyWay": 1.0, "WheelchairAuditorium": 0.0 }, "geometry": { "type": "Point", "coordinates": [ 121.516470909118993, 25.060228021362601 ] } },
{ "type": "Feature", "properties": { "GymType": "球類運動設施/籃球場館", "Name": "懷生國小操場", "Addr": "臺北市中山區埤頭里安東街16巷2號", "OperationTel": "02-27710846", "WebUrl": "http://www.wses.tp.edu.tw", "Lat": 25.045007347733801, "Lng": 121.54111102223401, "PassEasyEle": 0.0, "PassEasyParking": 0.0, "PassEasyShower": 0.0, "PassEasyToilet": 0.0, "PassEasyWay": 0.0, "WheelchairAuditorium": 0.0 }, "geometry": { "type": "Point", "coordinates": [ 121.541111022234006, 25.045007347733801 ] } },
{ "type": "Feature", "properties": { "GymType": "球類運動設施/籃球場館", "Name": "老松國小活動中心", "Addr": "臺北市萬華區福音里桂林路64號", "OperationTel": "02-23361266#122", "WebUrl": "http://www.tlsps.tp.edu.tw", "Lat": 25.038088897789901, "Lng": 121.502612605691, "PassEasyEle": 1.0, "PassEasyParking": 1.0, "PassEasyShower": 0.0, "PassEasyToilet": 1.0, "PassEasyWay": 1.0, "WheelchairAuditorium": 3.0 }, "geometry": { "type": "Point", "coordinates": [ 121.502612605690999, 25.038088897789901 ] } },
{ "type": "Feature", "properties": { "GymType": "陸上/射擊運動設施/田徑場", "Name": "田徑場", "Addr": "臺北市中山區恆安里民權東路1段69號", "OperationTel": "02-25914085#8024", "WebUrl": "http://www.csps.tp.edu.tw", "Lat": 25.063583410468802, "Lng": 121.526362895966, "PassEasyEle": 2.0, "PassEasyParking": 0.0, "PassEasyShower": 0.0, "PassEasyToilet": 6.0, "PassEasyWay": 4.0, "WheelchairAuditorium": 0.0 }, "geometry": { "type": "Point", "coordinates": [ 121.526362895966002, 25.063583410468802 ] } },
{ "type": "Feature", "properties": { "GymType": "陸上/射擊運動設施/環形或直線慢跑場（非田徑場）", "Name": "環形或直線慢跑場（非田徑場）", "Addr": "臺北市士林區蘭興里磺溪街57號", "OperationTel": "02-28366052", "WebUrl": "http://www.lyps.tp.edu.tw", "Lat": 25.1082856215533, "Lng": 121.523117423058, "PassEasyEle": 1.0, "PassEasyParking": 1.0, "PassEasyShower": 1.0, "PassEasyToilet": 1.0, "PassEasyWay": 2.0, "WheelchairAuditorium": 0.0 }, "geometry": { "type": "Point", "coordinates": [ 121.523117423057997, 25.1082856215533 ] } },
{ "type": "Feature", "properties": { "GymType": "陸上/射擊運動設施/田徑場", "Name": "萬華國中田徑場與戶外籃球場", "Addr": "臺北市萬華區日善里西藏路201號", "OperationTel": "02-23394567#133", "WebUrl": "http://www.whjhs.tp.edu.tw", "Lat": 25.028604616685701, "Lng": 121.499359488471, "PassEasyEle": 0.0, "PassEasyParking": 0.0, "PassEasyShower": 0.0, "PassEasyToilet": 0.0, "PassEasyWay": 0.0, "WheelchairAuditorium": 0.0 }, "geometry": { "type": "Point", "coordinates": [ 121.499359488471001, 25.028604616685701 ] } },
{ "type": "Feature", "properties": { "GymType": "球類運動設施/籃球場館", "Name": "籃球場館", "Addr": "臺北市大同區南芳里延平北路2段266號", "OperationTel": "02-25534882", "WebUrl": "http://www.ylps.tp.edu.tw", "Lat": 25.0612898017852, "Lng": 121.510800719261, "PassEasyEle": 1.0, "PassEasyParking": 1.0, "PassEasyShower": 0.0, "PassEasyToilet": 1.0, "PassEasyWay": 1.0, "WheelchairAuditorium": 0.0 }, "geometry": { "type": "Point", "coordinates": [ 121.510800719260999, 25.0612898017852 ] } },
{ "type": "Feature", "properties": { "GymType": "球類運動設施/網球場館", "Name": "台北市雙溪國小網球場", "Addr": "臺北市士林區翠山里中社路2段66號", "OperationTel": "02-28411038#14", "WebUrl": "http://www.sses.tp.edu.tw", "Lat": 25.1060608569396, "Lng": 121.56392455101, "PassEasyEle": 0.0, "PassEasyParking": 0.0, "PassEasyShower": 0.0, "PassEasyToilet": 0.0, "PassEasyWay": 0.0, "WheelchairAuditorium": 0.0 }, "geometry": { "type": "Point", "coordinates": [ 121.563924551010004, 25.1060608569396 ] } },
{ "type": "Feature", "properties": { "GymType": "陸上/射擊運動設施/田徑場", "Name": "百齡國小操場", "Addr": "臺北市士林區福中里福港街205號", "OperationTel": "02-28817683#851", "WebUrl": null, "Lat": 25.085999570501802, "Lng": 121.518954634666, "PassEasyEle": 0.0, "PassEasyParking": 1.0, "PassEasyShower": 0.0, "PassEasyToilet": 0.0, "PassEasyWay": 0.0, "WheelchairAuditorium": 0.0 }, "geometry": { "type": "Point", "coordinates": [ 121.518954634666002, 25.085999570501802 ] } },
{ "type": "Feature", "properties": { "GymType": "陸上/射擊運動設施/田徑場", "Name": "大安國小田徑場", "Addr": "臺北市大安區芳和里臥龍街129號", "OperationTel": "02-27322332", "WebUrl": null, "Lat": 25.019837092589192, "Lng": 121.55019164085419, "PassEasyEle": 1.0, "PassEasyParking": 1.0, "PassEasyShower": 1.0, "PassEasyToilet": 1.0, "PassEasyWay": 1.0, "WheelchairAuditorium": 0.0 }, "geometry": { "type": "Point", "coordinates": [ 121.550191640854194, 25.019837092589192 ] } },
{ "type": "Feature", "properties": { "GymType": "球類運動設施/排球場館", "Name": "大安國小網球場", "Addr": "臺北市大安區芳和里臥龍街129號", "OperationTel": "02-27322332", "WebUrl": "http://www.taes.tp.edu.tw/", "Lat": 25.020007228472998, "Lng": 121.549075841904, "PassEasyEle": 1.0, "PassEasyParking": 1.0, "PassEasyShower": 1.0, "PassEasyToilet": 1.0, "PassEasyWay": 1.0, "WheelchairAuditorium": 0.0 }, "geometry": { "type": "Point", "coordinates": [ 121.549075841903999, 25.020007228472998 ] } },
{ "type": "Feature", "properties": { "GymType": "球類運動設施/籃球場館", "Name": "大屯國小籃球場", "Addr": "臺北市北投區大屯里復興三路312號", "OperationTel": "02-28914353#14", "WebUrl": "http://www.dtps.tp.edu.tw", "Lat": 25.1548992100339, "Lng": 121.503982543945, "PassEasyEle": 0.0, "PassEasyParking": 0.0, "PassEasyShower": 0.0, "PassEasyToilet": 0.0, "PassEasyWay": 0.0, "WheelchairAuditorium": 0.0 }, "geometry": { "type": "Point", "coordinates": [ 121.503982543945, 25.1548992100339 ] } },
{ "type": "Feature", "properties": { "GymType": "球類運動設施/羽球場館", "Name": "羽球場館", "Addr": "臺北市文山區明興里木柵路2段138巷61號", "OperationTel": "02-29392821#14", "WebUrl": "http://www.mdps.tp.edu.tw", "Lat": 24.9873338506635, "Lng": 121.562761384157, "PassEasyEle": 1.0, "PassEasyParking": 0.0, "PassEasyShower": 0.0, "PassEasyToilet": 1.0, "PassEasyWay": 1.0, "WheelchairAuditorium": 0.0 }, "geometry": { "type": "Point", "coordinates": [ 121.562761384157, 24.9873338506635 ] } },
{ "type": "Feature", "properties": { "GymType": "陸上/射擊運動設施/田徑場", "Name": "木柵國小跑道", "Addr": "木柵路3段191號木柵國小總務處", "OperationTel": "02-29391234#134", "WebUrl": "http://www.mjes.tp.edu.tw", "Lat": 24.990784149445599, "Lng": 121.569541096687, "PassEasyEle": 0.0, "PassEasyParking": 0.0, "PassEasyShower": 0.0, "PassEasyToilet": 0.0, "PassEasyWay": 0.0, "WheelchairAuditorium": 0.0 }, "geometry": { "type": "Point", "coordinates": [ 121.569541096687004, 24.990784149445599 ] } },
{ "type": "Feature", "properties": { "GymType": "陸上/射擊運動設施/環形或直線慢跑場（非田徑場）", "Name": "泉源國小操場", "Addr": "臺北市北投區泉源里東昇路34號", "OperationTel": "02-28951258", "WebUrl": "http://www.cyps.tp.edu.tw", "Lat": 25.1494170388806, "Lng": 121.524168848991, "PassEasyEle": 0.0, "PassEasyParking": 0.0, "PassEasyShower": 0.0, "PassEasyToilet": 1.0, "PassEasyWay": 1.0, "WheelchairAuditorium": 0.0 }, "geometry": { "type": "Point", "coordinates": [ 121.524168848990996, 25.1494170388806 ] } },
{ "type": "Feature", "properties": { "GymType": "球類運動設施/羽球場館", "Name": "關渡關渡羽球場", "Addr": "臺北市北投區關渡里知行路212號", "OperationTel": "0922260726", "WebUrl": "http://www.ktjhs.tp.edu.tw", "Lat": 25.119875310286499, "Lng": 121.46765470504801, "PassEasyEle": 0.0, "PassEasyParking": 0.0, "PassEasyShower": 0.0, "PassEasyToilet": 0.0, "PassEasyWay": 0.0, "WheelchairAuditorium": 0.0 }, "geometry": { "type": "Point", "coordinates": [ 121.467654705048005, 25.119875310286499 ] } },
{ "type": "Feature", "properties": { "GymType": "陸上/射擊運動設施/田徑場", "Name": "立農國小田徑場", "Addr": "臺北市北投區立農里立農街1段250號", "OperationTel": "02-28210702#204", "WebUrl": "http://www.lnes.tp.edu.tw", "Lat": 25.119282553251299, "Lng": 121.50437951088, "PassEasyEle": 0.0, "PassEasyParking": 0.0, "PassEasyShower": 0.0, "PassEasyToilet": 0.0, "PassEasyWay": 0.0, "WheelchairAuditorium": 0.0 }, "geometry": { "type": "Point", "coordinates": [ 121.50437951088, 25.119282553251299 ] } },
{ "type": "Feature", "properties": { "GymType": "陸上/射擊運動設施/田徑場", "Name": "金華操場", "Addr": "臺北市大安區福住里新生南路2段32號", "OperationTel": "02-33931799", "WebUrl": "http://www.chwjh.tp.edu.tw", "Lat": 25.031108085186101, "Lng": 121.532919555902, "PassEasyEle": 0.0, "PassEasyParking": 0.0, "PassEasyShower": 0.0, "PassEasyToilet": 0.0, "PassEasyWay": 1.0, "WheelchairAuditorium": 0.0 }, "geometry": { "type": "Point", "coordinates": [ 121.532919555901998, 25.031108085186101 ] } },
{ "type": "Feature", "properties": { "GymType": "水上/冰上運動設施/游泳池", "Name": "北投國小游泳池", "Addr": "臺北市北投區長安里中央北路1段73號", "OperationTel": "02-28912052", "WebUrl": "http://www.ptes.tp.edu.tw", "Lat": 25.1338347229871, "Lng": 121.500460803509, "PassEasyEle": 1.0, "PassEasyParking": 0.0, "PassEasyShower": 1.0, "PassEasyToilet": 1.0, "PassEasyWay": 1.0, "WheelchairAuditorium": 0.0 }, "geometry": { "type": "Point", "coordinates": [ 121.500460803509, 25.1338347229871 ] } },
{ "type": "Feature", "properties": { "GymType": "球類運動設施/籃球場館", "Name": "北投國小活動中心", "Addr": "臺北市北投區長安里中央北路1段73號", "OperationTel": "02-28912052", "WebUrl": "http://www.ptes.tp.edu.tw", "Lat": 25.133595539883999, "Lng": 121.500978469849, "PassEasyEle": 1.0, "PassEasyParking": 0.0, "PassEasyShower": 0.0, "PassEasyToilet": 0.0, "PassEasyWay": 1.0, "WheelchairAuditorium": 0.0 }, "geometry": { "type": "Point", "coordinates": [ 121.500978469849002, 25.133595539883999 ] } },
{ "type": "Feature", "properties": { "GymType": "陸上/射擊運動設施/田徑場", "Name": "北投國小操場", "Addr": "臺北市北投區長安里中央北路1段73號", "OperationTel": "02-28912052", "WebUrl": "http://www.ptes.tp.edu.tw", "Lat": 25.1340933316019, "Lng": 121.49972319603, "PassEasyEle": 0.0, "PassEasyParking": 0.0, "PassEasyShower": 0.0, "PassEasyToilet": 0.0, "PassEasyWay": 0.0, "WheelchairAuditorium": 0.0 }, "geometry": { "type": "Point", "coordinates": [ 121.499723196030004, 25.1340933316019 ] } },
{ "type": "Feature", "properties": { "GymType": "水上/冰上運動設施/游泳池", "Name": "自來水園區親水體驗教育區", "Addr": "臺北市 中正區 思源街1號", "OperationTel": "02-83695003", "WebUrl": "https://waterpark.water.gov.taipei/", "Lat": 25.0122730990559, "Lng": 121.533229351044, "PassEasyEle": 2.0, "PassEasyParking": 0.0, "PassEasyShower": 1.0, "PassEasyToilet": 3.0, "PassEasyWay": 1.0, "WheelchairAuditorium": 0.0 }, "geometry": { "type": "Point", "coordinates": [ 121.533229351044, 25.0122730990559 ] } },
{ "type": "Feature", "properties": { "GymType": "陸上/射擊運動設施/田徑場", "Name": "天母國中田徑場", "Addr": "臺北市士林區天和里天母東路120號", "OperationTel": "02-28754864", "WebUrl": "http://www.tmjh.tp.edu.tw", "Lat": 25.116951130941001, "Lng": 121.53784811496701, "PassEasyEle": 0.0, "PassEasyParking": 0.0, "PassEasyShower": 0.0, "PassEasyToilet": 0.0, "PassEasyWay": 0.0, "WheelchairAuditorium": 0.0 }, "geometry": { "type": "Point", "coordinates": [ 121.537848114967005, 25.116951130941001 ] } },
{ "type": "Feature", "properties": { "GymType": "球類運動設施/籃球場館", "Name": "雙溪河濱公園", "Addr": "臺北市 士林區 雙溪街", "OperationTel": "02-28834360", "WebUrl": null, "Lat": 25.100761090845701, "Lng": 121.536324620247, "PassEasyEle": 0.0, "PassEasyParking": 0.0, "PassEasyShower": 0.0, "PassEasyToilet": 0.0, "PassEasyWay": 0.0, "WheelchairAuditorium": 0.0 }, "geometry": { "type": "Point", "coordinates": [ 121.536324620247001, 25.100761090845701 ] } },
{ "type": "Feature", "properties": { "GymType": "球類運動設施/籃球場館", "Name": "培英公園", "Addr": "臺北市 中山區 北安路501巷實踐大學前", "OperationTel": "02-25850192#130", "WebUrl": "http://pkl.taipei.gov.tw", "Lat": 25.0823728627423, "Lng": 121.544988155365, "PassEasyEle": 0.0, "PassEasyParking": 0.0, "PassEasyShower": 0.0, "PassEasyToilet": 0.0, "PassEasyWay": 0.0, "WheelchairAuditorium": 0.0 }, "geometry": { "type": "Point", "coordinates": [ 121.544988155365004, 25.0823728627423 ] } },
{ "type": "Feature", "properties": { "GymType": "球類運動設施/籃球場館", "Name": "敬業公園", "Addr": "臺北市 中山區 北安路821巷4弄", "OperationTel": "02-23032451", "WebUrl": "http://pkl.taipei.gov.tw", "Lat": 25.085725215956, "Lng": 121.55605494976, "PassEasyEle": 0.0, "PassEasyParking": 0.0, "PassEasyShower": 0.0, "PassEasyToilet": 0.0, "PassEasyWay": 0.0, "WheelchairAuditorium": 0.0 }, "geometry": { "type": "Point", "coordinates": [ 121.556054949759996, 25.085725215956 ] } },
{ "type": "Feature", "properties": { "GymType": "球類運動設施/籃球場館", "Name": "中強(象山)公園", "Addr": "臺北市 信義區 信義路五段150巷", "OperationTel": "02-25702330", "WebUrl": "https://vbs.sports.taipei/venues/", "Lat": 25.031331915030499, "Lng": 121.57019019126901, "PassEasyEle": 0.0, "PassEasyParking": 0.0, "PassEasyShower": 0.0, "PassEasyToilet": 0.0, "PassEasyWay": 0.0, "WheelchairAuditorium": 0.0 }, "geometry": { "type": "Point", "coordinates": [ 121.570190191269006, 25.031331915030499 ] } },
{ "type": "Feature", "properties": { "GymType": "球類運動設施/網球場館", "Name": "美堤河濱公園", "Addr": "臺北市 中山區 大直橋 至 中山高速公路(金泰段右岸)（基隆河右岸）", "OperationTel": "02-25702330#6504", "WebUrl": "https://vbs.sports.taipei/", "Lat": 25.076678510355698, "Lng": 121.553367376328, "PassEasyEle": 0.0, "PassEasyParking": 0.0, "PassEasyShower": 0.0, "PassEasyToilet": 0.0, "PassEasyWay": 0.0, "WheelchairAuditorium": 0.0 }, "geometry": { "type": "Point", "coordinates": [ 121.553367376327998, 25.076678510355698 ] } },
{ "type": "Feature", "properties": { "GymType": "球類運動設施/羽球場館", "Name": "伊通公園", "Addr": "臺北市 中山區 松江路85巷", "OperationTel": "02-25850192", "WebUrl": "http://pkl.taipei.gov.tw", "Lat": 25.050125826167701, "Lng": 121.534776985645, "PassEasyEle": 0.0, "PassEasyParking": 0.0, "PassEasyShower": 0.0, "PassEasyToilet": 0.0, "PassEasyWay": 0.0, "WheelchairAuditorium": 0.0 }, "geometry": { "type": "Point", "coordinates": [ 121.534776985644996, 25.050125826167701 ] } },
{ "type": "Feature", "properties": { "GymType": "球類運動設施/籃球場館", "Name": "朱崙公園", "Addr": "臺北市 中山區 龍江路45巷", "OperationTel": "02-25850192", "WebUrl": "http://pkl.taipei.gov.tw", "Lat": 25.049332213503501, "Lng": 121.541785597801, "PassEasyEle": 0.0, "PassEasyParking": 0.0, "PassEasyShower": 0.0, "PassEasyToilet": 0.0, "PassEasyWay": 0.0, "WheelchairAuditorium": 0.0 }, "geometry": { "type": "Point", "coordinates": [ 121.541785597800995, 25.049332213503501 ] } },
{ "type": "Feature", "properties": { "GymType": "球類運動設施/籃球場館", "Name": "關渡水岸河濱公園籃球場", "Addr": "臺北市 北投區 關渡水岸河濱公園內", "OperationTel": "02-28850533", "WebUrl": "http://heo.gov.taipei/", "Lat": 25.1173494187356, "Lng": 121.463223695755, "PassEasyEle": 0.0, "PassEasyParking": 0.0, "PassEasyShower": 0.0, "PassEasyToilet": 0.0, "PassEasyWay": 0.0, "WheelchairAuditorium": 0.0 }, "geometry": { "type": "Point", "coordinates": [ 121.463223695755005, 25.1173494187356 ] } },
{ "type": "Feature", "properties": { "GymType": "水上/冰上運動設施/游泳池", "Name": "中正國中游泳池", "Addr": "臺北市中正區新營里愛國東路158號", "OperationTel": "02-23587349", "WebUrl": "http://www.ccjhs.tp.edu.tw", "Lat": 25.031357569504401, "Lng": 121.52223246171999, "PassEasyEle": 0.0, "PassEasyParking": 0.0, "PassEasyShower": 0.0, "PassEasyToilet": 0.0, "PassEasyWay": 1.0, "WheelchairAuditorium": 0.0 }, "geometry": { "type": "Point", "coordinates": [ 121.522232461719994, 25.031357569504401 ] } },
{ "type": "Feature", "properties": { "GymType": "球類運動設施/籃球場館", "Name": "臺北小巨蛋多功能體育場館", "Addr": "臺北市 松山區 南京東路四段2號", "OperationTel": "02-25783536", "WebUrl": "https://www.arena.taipei/Default.aspx", "Lat": 25.051104105623001, "Lng": 121.549851000309, "PassEasyEle": 10.0, "PassEasyParking": 27.0, "PassEasyShower": 0.0, "PassEasyToilet": 15.0, "PassEasyWay": 1.0, "WheelchairAuditorium": 40.0 }, "geometry": { "type": "Point", "coordinates": [ 121.549851000309005, 25.051104105623001 ] } },
{ "type": "Feature", "properties": { "GymType": "球類運動設施/籃球場館", "Name": "花博公園新生園區籃球場、羽球場", "Addr": "臺北市 中山區 新生北路三段105號", "OperationTel": "02-25702330", "WebUrl": null, "Lat": 25.069351257787499, "Lng": 121.528433561325, "PassEasyEle": 0.0, "PassEasyParking": 0.0, "PassEasyShower": 0.0, "PassEasyToilet": 0.0, "PassEasyWay": 0.0, "WheelchairAuditorium": 0.0 }, "geometry": { "type": "Point", "coordinates": [ 121.528433561325002, 25.069351257787499 ] } },
{ "type": "Feature", "properties": { "GymType": "陸上/射擊運動設施/田徑場", "Name": "健康國小操場", "Addr": "臺北市松山區延壽街168號", "OperationTel": "02-25282814#132", "WebUrl": "http://www.jkes.nss.tp.edu.tw/nss/p/index", "Lat": 25.0563309167932, "Lng": 121.56302601099, "PassEasyEle": 1.0, "PassEasyParking": 0.0, "PassEasyShower": 0.0, "PassEasyToilet": 1.0, "PassEasyWay": 1.0, "WheelchairAuditorium": 0.0 }, "geometry": { "type": "Point", "coordinates": [ 121.563026010990001, 25.0563309167932 ] } },
{ "type": "Feature", "properties": { "GymType": "球類運動設施/籃球場館", "Name": "天母公園", "Addr": "臺北市 士林區 中山北路7段319巷", "OperationTel": "02-25702330#6535", "WebUrl": null, "Lat": 25.1257034489158, "Lng": 121.53054177761101, "PassEasyEle": 0.0, "PassEasyParking": 0.0, "PassEasyShower": 0.0, "PassEasyToilet": 0.0, "PassEasyWay": 0.0, "WheelchairAuditorium": 0.0 }, "geometry": { "type": "Point", "coordinates": [ 121.530541777611006, 25.1257034489158 ] } },
{ "type": "Feature", "properties": { "GymType": "競速運動設施/滑輪場/溜冰場", "Name": "台北市士林區蘭雅公園滑輪場", "Addr": "臺北市 士林區 忠誠路2段24號", "OperationTel": "02-28832130#211", "WebUrl": "https://pkl.taipei.gov.tw", "Lat": 25.1096233754899, "Lng": 121.52997314930001, "PassEasyEle": 0.0, "PassEasyParking": 0.0, "PassEasyShower": 0.0, "PassEasyToilet": 0.0, "PassEasyWay": 0.0, "WheelchairAuditorium": 0.0 }, "geometry": { "type": "Point", "coordinates": [ 121.529973149300005, 25.1096233754899 ] } },
{ "type": "Feature", "properties": { "GymType": "球類運動設施/網球場館", "Name": "蘭興公園網球場.網球場.練習壁", "Addr": "臺北市 士林區 克強路10巷21弄附近", "OperationTel": "02-25702330#6535", "WebUrl": "https://pkl.taipei.gov.tw", "Lat": 25.110283989260399, "Lng": 121.52307987213101, "PassEasyEle": 0.0, "PassEasyParking": 0.0, "PassEasyShower": 0.0, "PassEasyToilet": 0.0, "PassEasyWay": 0.0, "WheelchairAuditorium": 0.0 }, "geometry": { "type": "Point", "coordinates": [ 121.523079872131007, 25.110283989260399 ] } },
{ "type": "Feature", "properties": { "GymType": "球類運動設施/籃球場館", "Name": "台北市士林區海光公園籃球場.半場籃球場", "Addr": "臺北市 士林區 葫蘆街80號對面", "OperationTel": "02-28832130#211", "WebUrl": "https://pkl.taipei.gov.tw", "Lat": 25.082336909426601, "Lng": 121.50782346725499, "PassEasyEle": 0.0, "PassEasyParking": 0.0, "PassEasyShower": 0.0, "PassEasyToilet": 0.0, "PassEasyWay": 0.0, "WheelchairAuditorium": 0.0 }, "geometry": { "type": "Point", "coordinates": [ 121.507823467254994, 25.082336909426601 ] } },
{ "type": "Feature", "properties": { "GymType": "球類運動設施/籃球場館", "Name": "社子公園", "Addr": "臺北市 士林區 永平街20巷附近", "OperationTel": "02-28832130#211", "WebUrl": "https://pkl.taipei.gov.tw", "Lat": 25.090940129113399, "Lng": 121.506192684174, "PassEasyEle": 0.0, "PassEasyParking": 0.0, "PassEasyShower": 0.0, "PassEasyToilet": 0.0, "PassEasyWay": 0.0, "WheelchairAuditorium": 0.0 }, "geometry": { "type": "Point", "coordinates": [ 121.506192684173996, 25.090940129113399 ] } },
{ "type": "Feature", "properties": { "GymType": "球類運動設施/籃球場館", "Name": "美崙公園", "Addr": "臺北市 士林區 美崙街152巷", "OperationTel": "02-25702330", "WebUrl": "https://pkl.taipei.gov.tw", "Lat": 25.0974178941076, "Lng": 121.517715454102, "PassEasyEle": 0.0, "PassEasyParking": 0.0, "PassEasyShower": 0.0, "PassEasyToilet": 0.0, "PassEasyWay": 0.0, "WheelchairAuditorium": 0.0 }, "geometry": { "type": "Point", "coordinates": [ 121.517715454102003, 25.0974178941076 ] } },
{ "type": "Feature", "properties": { "GymType": "競速運動設施/滑輪場/溜冰場", "Name": "北投一號公園", "Addr": "臺北市 北投區 中山路", "OperationTel": "02-28832130#210", "WebUrl": "https://pkl.gov.taipei/", "Lat": 25.136509899467899, "Lng": 121.505567729473, "PassEasyEle": 0.0, "PassEasyParking": 0.0, "PassEasyShower": 0.0, "PassEasyToilet": 0.0, "PassEasyWay": 0.0, "WheelchairAuditorium": 0.0 }, "geometry": { "type": "Point", "coordinates": [ 121.505567729473, 25.136509899467899 ] } },
{ "type": "Feature", "properties": { "GymType": "球類運動設施/籃球場館", "Name": "復興公園", "Addr": "臺北市 北投區 中和街200號", "OperationTel": "02-25702330", "WebUrl": "https://sports.gov.taipei/", "Lat": 25.139046370033899, "Lng": 121.50258243083999, "PassEasyEle": 0.0, "PassEasyParking": 0.0, "PassEasyShower": 0.0, "PassEasyToilet": 0.0, "PassEasyWay": 0.0, "WheelchairAuditorium": 0.0 }, "geometry": { "type": "Point", "coordinates": [ 121.502582430839993, 25.139046370033899 ] } },
{ "type": "Feature", "properties": { "GymType": "競速運動設施/滑輪場/溜冰場", "Name": "台北市北投區石牌公園", "Addr": "臺北市 北投區 石牌路1段39巷", "OperationTel": "02-28832130#211", "WebUrl": "http://pkl.taipei.gov.tw", "Lat": 25.116263353279098, "Lng": 121.51045739650699, "PassEasyEle": 0.0, "PassEasyParking": 0.0, "PassEasyShower": 0.0, "PassEasyToilet": 0.0, "PassEasyWay": 0.0, "WheelchairAuditorium": 0.0 }, "geometry": { "type": "Point", "coordinates": [ 121.510457396506993, 25.116263353279098 ] } },
{ "type": "Feature", "properties": { "GymType": "球類運動設施/槌球場", "Name": "行義公園", "Addr": "臺北市 北投區 石牌路二段343巷", "OperationTel": "02-25702330#6508", "WebUrl": "https://sports.gov.taipei/", "Lat": 25.125854010498902, "Lng": 121.524297595024, "PassEasyEle": 0.0, "PassEasyParking": 0.0, "PassEasyShower": 0.0, "PassEasyToilet": 0.0, "PassEasyWay": 0.0, "WheelchairAuditorium": 0.0 }, "geometry": { "type": "Point", "coordinates": [ 121.524297595023995, 25.125854010498902 ] } },
{ "type": "Feature", "properties": { "GymType": "球類運動設施/籃球場館", "Name": "榮華公園", "Addr": "臺北市 北投區 明德路150巷", "OperationTel": "02-28832130", "WebUrl": "https://pkl.gov.tw", "Lat": 25.1105249179815, "Lng": 121.522071361542, "PassEasyEle": 0.0, "PassEasyParking": 0.0, "PassEasyShower": 0.0, "PassEasyToilet": 0.0, "PassEasyWay": 0.0, "WheelchairAuditorium": 0.0 }, "geometry": { "type": "Point", "coordinates": [ 121.522071361542004, 25.1105249179815 ] } },
{ "type": "Feature", "properties": { "GymType": "球類運動設施/籃球場館", "Name": "立農公園", "Addr": "臺北市 北投區 承德路7段378號", "OperationTel": "02-25702330", "WebUrl": "https://sports.gov.taipei/", "Lat": 25.118245075933999, "Lng": 121.503472924232, "PassEasyEle": 0.0, "PassEasyParking": 0.0, "PassEasyShower": 0.0, "PassEasyToilet": 0.0, "PassEasyWay": 0.0, "WheelchairAuditorium": 0.0 }, "geometry": { "type": "Point", "coordinates": [ 121.503472924232, 25.118245075933999 ] } },
{ "type": "Feature", "properties": { "GymType": "球類運動設施/籃球場館", "Name": "泉源48公園", "Addr": "臺北市 北投區 泉源路80號", "OperationTel": "02-25702330", "WebUrl": "https://sports.gov.taipei/", "Lat": 25.141667771432999, "Lng": 121.509250402451, "PassEasyEle": 0.0, "PassEasyParking": 0.0, "PassEasyShower": 0.0, "PassEasyToilet": 0.0, "PassEasyWay": 0.0, "WheelchairAuditorium": 0.0 }, "geometry": { "type": "Point", "coordinates": [ 121.509250402451002, 25.141667771432999 ] } },
{ "type": "Feature", "properties": { "GymType": "球類運動設施/籃球場館", "Name": "大豐公園", "Addr": "臺北市 北投區 公館路13號", "OperationTel": "02-25702330", "WebUrl": "https://sports.gov.taipei/", "Lat": 25.1314081462112, "Lng": 121.503926217556, "PassEasyEle": 0.0, "PassEasyParking": 0.0, "PassEasyShower": 0.0, "PassEasyToilet": 0.0, "PassEasyWay": 0.0, "WheelchairAuditorium": 0.0 }, "geometry": { "type": "Point", "coordinates": [ 121.503926217556, 25.1314081462112 ] } },
{ "type": "Feature", "properties": { "GymType": "球類運動設施/網球場館", "Name": "台北市北投區172綠地(天溪綠地)", "Addr": "臺北市 北投區 行義路58巷33號", "OperationTel": "02-25702330", "WebUrl": "https://sports.gov.taipei/", "Lat": 25.125947261436099, "Lng": 121.529549360275, "PassEasyEle": 0.0, "PassEasyParking": 0.0, "PassEasyShower": 0.0, "PassEasyToilet": 0.0, "PassEasyWay": 0.0, "WheelchairAuditorium": 0.0 }, "geometry": { "type": "Point", "coordinates": [ 121.529549360274999, 25.125947261436099 ] } },
{ "type": "Feature", "properties": { "GymType": "球類運動設施/網球場館", "Name": "台北市北投區觀海公園", "Addr": "臺北市 北投區 中央北路四段601巷", "OperationTel": "02-25702330", "WebUrl": "https://sports.gov.taipei/", "Lat": 25.1235809965325, "Lng": 121.46368771791499, "PassEasyEle": 0.0, "PassEasyParking": 0.0, "PassEasyShower": 0.0, "PassEasyToilet": 0.0, "PassEasyWay": 0.0, "WheelchairAuditorium": 0.0 }, "geometry": { "type": "Point", "coordinates": [ 121.463687717914993, 25.1235809965325 ] } },
{ "type": "Feature", "properties": { "GymType": "球類運動設施/籃球場館", "Name": "中央簡易公園", "Addr": "臺北市 北投區 中央南路2段6巷", "OperationTel": "02-28832130#210", "WebUrl": "https://pkl.gov.tw", "Lat": 25.128040532302499, "Lng": 121.499943137169, "PassEasyEle": 0.0, "PassEasyParking": 0.0, "PassEasyShower": 0.0, "PassEasyToilet": 0.0, "PassEasyWay": 0.0, "WheelchairAuditorium": 0.0 }, "geometry": { "type": "Point", "coordinates": [ 121.499943137168998, 25.128040532302499 ] } },
{ "type": "Feature", "properties": { "GymType": "競速運動設施/滑輪場/溜冰場", "Name": "天和公園溜冰場", "Addr": "臺北市 士林區 天母東路69巷", "OperationTel": "02-28832130#211", "WebUrl": "https://pkl.gov.taipei/", "Lat": 25.120275337201299, "Lng": 121.53415203094499, "PassEasyEle": 0.0, "PassEasyParking": 0.0, "PassEasyShower": 0.0, "PassEasyToilet": 0.0, "PassEasyWay": 0.0, "WheelchairAuditorium": 0.0 }, "geometry": { "type": "Point", "coordinates": [ 121.534152030944995, 25.120275337201299 ] } },
{ "type": "Feature", "properties": { "GymType": "球類運動設施/羽球場館", "Name": "東和公園", "Addr": "臺北市 士林區 中山北路7段114巷", "OperationTel": "02-25702330", "WebUrl": "https://sports.tms.gov.tw", "Lat": 25.122936969228601, "Lng": 121.533561944962, "PassEasyEle": 0.0, "PassEasyParking": 0.0, "PassEasyShower": 0.0, "PassEasyToilet": 0.0, "PassEasyWay": 0.0, "WheelchairAuditorium": 0.0 }, "geometry": { "type": "Point", "coordinates": [ 121.533561944962003, 25.122936969228601 ] } },
{ "type": "Feature", "properties": { "GymType": "球類運動設施/羽球場館", "Name": "華中河濱公園羽球場", "Addr": "臺北市萬華區華中河濱公園", "OperationTel": "02-23086457", "WebUrl": null, "Lat": 25.0265548503139, "Lng": 121.489058732986, "PassEasyEle": 0.0, "PassEasyParking": 0.0, "PassEasyShower": 0.0, "PassEasyToilet": 0.0, "PassEasyWay": 0.0, "WheelchairAuditorium": 0.0 }, "geometry": { "type": "Point", "coordinates": [ 121.489058732985995, 25.0265548503139 ] } },
{ "type": "Feature", "properties": { "GymType": "球類運動設施/籃球場館", "Name": "南港公園", "Addr": " 臺北市 南港區 東新街170號", "OperationTel": "02-25702330", "WebUrl": "https://sports.tms.gov.tw/", "Lat": 25.045145510587599, "Lng": 121.59179926924899, "PassEasyEle": 0.0, "PassEasyParking": 0.0, "PassEasyShower": 0.0, "PassEasyToilet": 0.0, "PassEasyWay": 0.0, "WheelchairAuditorium": 0.0 }, "geometry": { "type": "Point", "coordinates": [ 121.591799269248995, 25.045145510587599 ] } },
{ "type": "Feature", "properties": { "GymType": "球類運動設施/網球場館", "Name": "玉成公園", "Addr": "臺北市 南港區 中坡南路55號", "OperationTel": "02-25702330", "WebUrl": "https://sports.tms.gov.tw/", "Lat": 25.042491284165202, "Lng": 121.585071086884, "PassEasyEle": 0.0, "PassEasyParking": 0.0, "PassEasyShower": 0.0, "PassEasyToilet": 0.0, "PassEasyWay": 0.0, "WheelchairAuditorium": 0.0 }, "geometry": { "type": "Point", "coordinates": [ 121.585071086884, 25.042491284165202 ] } },
{ "type": "Feature", "properties": { "GymType": "競速運動設施/滑輪場/溜冰場", "Name": "華中河濱公園溜冰場(華中橋下游約300M)", "Addr": "臺北市萬華區華中河濱公園", "OperationTel": "02-23086457", "WebUrl": "http://heo.gov.taipei/", "Lat": 25.018005929391698, "Lng": 121.491692930394, "PassEasyEle": 0.0, "PassEasyParking": 0.0, "PassEasyShower": 0.0, "PassEasyToilet": 0.0, "PassEasyWay": 0.0, "WheelchairAuditorium": 0.0 }, "geometry": { "type": "Point", "coordinates": [ 121.491692930393995, 25.018005929391698 ] } },
{ "type": "Feature", "properties": { "GymType": "競速運動設施/滑輪場/溜冰場", "Name": "華中河濱公園溜冰場(華中橋下游約100M)", "Addr": "臺北市萬華區華中河濱公園", "OperationTel": "02-23086457", "WebUrl": "http://heo.gov.taipei/", "Lat": 25.014442085379599, "Lng": 121.494002178279, "PassEasyEle": 0.0, "PassEasyParking": 0.0, "PassEasyShower": 0.0, "PassEasyToilet": 0.0, "PassEasyWay": 0.0, "WheelchairAuditorium": 0.0 }, "geometry": { "type": "Point", "coordinates": [ 121.494002178279004, 25.014442085379599 ] } },
{ "type": "Feature", "properties": { "GymType": "水上/冰上運動設施/游泳池", "Name": "玉泉公園游泳池", "Addr": "臺北市 大同區 西寧北路28號", "OperationTel": "02-25500996", "WebUrl": "https://www.facebook.com/winpoweryuquan/", "Lat": 25.050040098319599, "Lng": 121.507512331009, "PassEasyEle": 1.0, "PassEasyParking": 0.0, "PassEasyShower": 1.0, "PassEasyToilet": 1.0, "PassEasyWay": 1.0, "WheelchairAuditorium": 0.0 }, "geometry": { "type": "Point", "coordinates": [ 121.507512331008996, 25.050040098319599 ] } },
{ "type": "Feature", "properties": { "GymType": "球類運動設施/籃球場館", "Name": "中研公園", "Addr": "臺北市 南港區 研究路2段12巷58弄", "OperationTel": "02-25702330", "WebUrl": "https://sports.tms.gov.tw/", "Lat": 25.0468361641733, "Lng": 121.61344885826099, "PassEasyEle": 0.0, "PassEasyParking": 0.0, "PassEasyShower": 0.0, "PassEasyToilet": 0.0, "PassEasyWay": 0.0, "WheelchairAuditorium": 0.0 }, "geometry": { "type": "Point", "coordinates": [ 121.613448858260995, 25.0468361641733 ] } },
{ "type": "Feature", "properties": { "GymType": "球類運動設施/籃球場館", "Name": "胡適公園", "Addr": "臺北市 南港區 研究院路二段", "OperationTel": "02-25702330", "WebUrl": "https://sports.tms.gov.tw/", "Lat": 25.0468954554212, "Lng": 121.613046526909, "PassEasyEle": 0.0, "PassEasyParking": 0.0, "PassEasyShower": 0.0, "PassEasyToilet": 0.0, "PassEasyWay": 0.0, "WheelchairAuditorium": 0.0 }, "geometry": { "type": "Point", "coordinates": [ 121.613046526909002, 25.0468954554212 ] } },
{ "type": "Feature", "properties": { "GymType": "球類運動設施/籃球場館", "Name": "景華公園", "Addr": "臺北市 文山區 景興路 與 景華街交叉口", "OperationTel": "02-22300340", "WebUrl": null, "Lat": 24.995597611836001, "Lng": 121.543759703636, "PassEasyEle": 0.0, "PassEasyParking": 0.0, "PassEasyShower": 0.0, "PassEasyToilet": 0.0, "PassEasyWay": 0.0, "WheelchairAuditorium": 0.0 }, "geometry": { "type": "Point", "coordinates": [ 121.543759703635999, 24.995597611836001 ] } },
{ "type": "Feature", "properties": { "GymType": "競速運動設施/滑輪場/溜冰場", "Name": "萬慶公園", "Addr": "臺北市 文山區 育英街45巷旁", "OperationTel": "02-27853819", "WebUrl": null, "Lat": 24.993481655487599, "Lng": 121.537864208221, "PassEasyEle": 0.0, "PassEasyParking": 0.0, "PassEasyShower": 0.0, "PassEasyToilet": 0.0, "PassEasyWay": 0.0, "WheelchairAuditorium": 0.0 }, "geometry": { "type": "Point", "coordinates": [ 121.537864208220995, 24.993481655487599 ] } },
{ "type": "Feature", "properties": { "GymType": "球類運動設施/籃球場館", "Name": "景美運動公園", "Addr": "臺北市 文山區 景豐街80號", "OperationTel": "02-25702330", "WebUrl": "https://sports.tms.gov.tw/", "Lat": 25.002310862041, "Lng": 121.54419422149699, "PassEasyEle": 0.0, "PassEasyParking": 0.0, "PassEasyShower": 0.0, "PassEasyToilet": 0.0, "PassEasyWay": 0.0, "WheelchairAuditorium": 0.0 }, "geometry": { "type": "Point", "coordinates": [ 121.544194221496994, 25.002310862041 ] } },
{ "type": "Feature", "properties": { "GymType": "競速運動設施/滑輪場/溜冰場", "Name": "木柵公園", "Addr": "臺北市 文山區 興隆路4段50號", "OperationTel": "02-22300340", "WebUrl": null, "Lat": 24.987034379303601, "Lng": 121.55895709991501, "PassEasyEle": 0.0, "PassEasyParking": 0.0, "PassEasyShower": 0.0, "PassEasyToilet": 0.0, "PassEasyWay": 0.0, "WheelchairAuditorium": 0.0 }, "geometry": { "type": "Point", "coordinates": [ 121.558957099915006, 24.987034379303601 ] } },
{ "type": "Feature", "properties": { "GymType": "球類運動設施/籃球場館", "Name": "萬芳4號公園", "Addr": "臺北市 文山區 萬和街", "OperationTel": "02-25702330", "WebUrl": "https://sports.tms.gov.tw/", "Lat": 25.0015845175596, "Lng": 121.569535732269, "PassEasyEle": 0.0, "PassEasyParking": 0.0, "PassEasyShower": 0.0, "PassEasyToilet": 0.0, "PassEasyWay": 0.0, "WheelchairAuditorium": 0.0 }, "geometry": { "type": "Point", "coordinates": [ 121.569535732269003, 25.0015845175596 ] } },
{ "type": "Feature", "properties": { "GymType": "球類運動設施/籃球場館", "Name": "萬芳7號公園", "Addr": "臺北市 文山區 萬芳社區萬美街2段 與 萬寧街之間", "OperationTel": "02-22300340", "WebUrl": null, "Lat": 25.002946772437799, "Lng": 121.56987905502299, "PassEasyEle": 0.0, "PassEasyParking": 0.0, "PassEasyShower": 0.0, "PassEasyToilet": 0.0, "PassEasyWay": 0.0, "WheelchairAuditorium": 0.0 }, "geometry": { "type": "Point", "coordinates": [ 121.569879055022994, 25.002946772437799 ] } },
{ "type": "Feature", "properties": { "GymType": "球類運動設施/籃球場館", "Name": "東陽公園", "Addr": "臺北市 南港區 重陽路187巷6號", "OperationTel": "02-25702330", "WebUrl": "https://sports.tms.gov.tw/", "Lat": 25.0577489289679, "Lng": 121.599170737718, "PassEasyEle": 0.0, "PassEasyParking": 0.0, "PassEasyShower": 0.0, "PassEasyToilet": 0.0, "PassEasyWay": 0.0, "WheelchairAuditorium": 0.0 }, "geometry": { "type": "Point", "coordinates": [ 121.599170737717998, 25.0577489289679 ] } },
{ "type": "Feature", "properties": { "GymType": "競速運動設施/滑輪場/溜冰場", "Name": "東明公園", "Addr": "臺北市 南港區  南港路2段86巷9弄", "OperationTel": "02-27834988", "WebUrl": null, "Lat": 25.054582694035499, "Lng": 121.60346031189, "PassEasyEle": 0.0, "PassEasyParking": 0.0, "PassEasyShower": 0.0, "PassEasyToilet": 0.0, "PassEasyWay": 0.0, "WheelchairAuditorium": 0.0 }, "geometry": { "type": "Point", "coordinates": [ 121.603460311890004, 25.054582694035499 ] } },
{ "type": "Feature", "properties": { "GymType": "競速運動設施/滑輪場/溜冰場", "Name": "六福公園", "Addr": "臺北市 南港區 研究院路 二段35巷23弄", "OperationTel": "02-27834988", "WebUrl": null, "Lat": 25.0471175555939, "Lng": 121.616388559341, "PassEasyEle": 0.0, "PassEasyParking": 0.0, "PassEasyShower": 0.0, "PassEasyToilet": 0.0, "PassEasyWay": 0.0, "WheelchairAuditorium": 0.0 }, "geometry": { "type": "Point", "coordinates": [ 121.616388559341004, 25.0471175555939 ] } },
{ "type": "Feature", "properties": { "GymType": "球類運動設施/網球場館", "Name": "萬有二號公園", "Addr": " 臺北市 文山區 景隆街19巷4-2號", "OperationTel": "02-25702330", "WebUrl": "https://sports.gov.taipei/", "Lat": 25.000729819093401, "Lng": 121.54163539409601, "PassEasyEle": 0.0, "PassEasyParking": 0.0, "PassEasyShower": 0.0, "PassEasyToilet": 0.0, "PassEasyWay": 0.0, "WheelchairAuditorium": 0.0 }, "geometry": { "type": "Point", "coordinates": [ 121.541635394096005, 25.000729819093401 ] } },
{ "type": "Feature", "properties": { "GymType": "球類運動設施/羽球場館", "Name": "景豐公園", "Addr": "臺北市 文山區 興隆路1段251巷3弄", "OperationTel": "02-25702330", "WebUrl": "https://sports.gov.taipei/", "Lat": 25.0001128569149, "Lng": 121.544923782349, "PassEasyEle": 0.0, "PassEasyParking": 0.0, "PassEasyShower": 0.0, "PassEasyToilet": 0.0, "PassEasyWay": 0.0, "WheelchairAuditorium": 0.0 }, "geometry": { "type": "Point", "coordinates": [ 121.544923782349002, 25.0001128569149 ] } },
{ "type": "Feature", "properties": { "GymType": "球類運動設施/籃球場館", "Name": "大湖山莊籃球場", "Addr": "臺北市 內湖區 成功路5段120巷", "OperationTel": "02-25702330", "WebUrl": "https://sports.gov.taipei/cp.aspx?n=6293F95CF8D99D64", "Lat": 25.0862693083794, "Lng": 121.605065345502, "PassEasyEle": 0.0, "PassEasyParking": 0.0, "PassEasyShower": 0.0, "PassEasyToilet": 0.0, "PassEasyWay": 0.0, "WheelchairAuditorium": 0.0 }, "geometry": { "type": "Point", "coordinates": [ 121.605065345501998, 25.0862693083794 ] } },
{ "type": "Feature", "properties": { "GymType": "球類運動設施/籃球場館", "Name": "南湖右岸河濱公園", "Addr": "臺北市 內湖區 安康路32巷", "OperationTel": "02-25702330#6504", "WebUrl": "https://sports.tms.gov.tw/", "Lat": 25.0604384342077, "Lng": 121.592879372711, "PassEasyEle": 0.0, "PassEasyParking": 0.0, "PassEasyShower": 0.0, "PassEasyToilet": 0.0, "PassEasyWay": 0.0, "WheelchairAuditorium": 0.0 }, "geometry": { "type": "Point", "coordinates": [ 121.592879372710996, 25.0604384342077 ] } },
{ "type": "Feature", "properties": { "GymType": "球類運動設施/網球場館", "Name": "彩虹河濱公園", "Addr": "臺北市 內湖區 基隆河中山高速公路 至 麥帥一橋間(舊宗段右岸)（基隆河右岸）", "OperationTel": "02-25702330#6504", "WebUrl": "https://sports.tms.gov.tw/", "Lat": 25.063306460986698, "Lng": 121.571496487959, "PassEasyEle": 0.0, "PassEasyParking": 0.0, "PassEasyShower": 0.0, "PassEasyToilet": 0.0, "PassEasyWay": 0.0, "WheelchairAuditorium": 0.0 }, "geometry": { "type": "Point", "coordinates": [ 121.571496487958996, 25.063306460986698 ] } },
{ "type": "Feature", "properties": { "GymType": "球類運動設施/棒、壘球打擊練習場", "Name": "成美右岸河濱公園", "Addr": "臺北市 內湖區 基隆河成美橋 至 成功橋間（基隆河右岸）", "OperationTel": "02-25702330#6504", "WebUrl": "https://vbs.sports.taipei/", "Lat": 25.057445967239001, "Lng": 121.58850431442301, "PassEasyEle": 0.0, "PassEasyParking": 0.0, "PassEasyShower": 0.0, "PassEasyToilet": 0.0, "PassEasyWay": 0.0, "WheelchairAuditorium": 0.0 }, "geometry": { "type": "Point", "coordinates": [ 121.588504314423005, 25.057445967239001 ] } },
{ "type": "Feature", "properties": { "GymType": "球類運動設施/籃球場館", "Name": "景美河濱公園溜冰場", "Addr": "臺北市 文山區 鄰近育英疏散門（景一疏散門）", "OperationTel": "02-23086457", "WebUrl": null, "Lat": 24.989775729514701, "Lng": 121.536555290222, "PassEasyEle": 0.0, "PassEasyParking": 0.0, "PassEasyShower": 0.0, "PassEasyToilet": 0.0, "PassEasyWay": 0.0, "WheelchairAuditorium": 0.0 }, "geometry": { "type": "Point", "coordinates": [ 121.536555290221997, 24.989775729514701 ] } },
{ "type": "Feature", "properties": { "GymType": "競速運動設施/滑輪場/溜冰場", "Name": "溪洲河濱公園溜冰場", "Addr": "臺北市文山區", "OperationTel": "02-23086457", "WebUrl": "https://sports.gov.taipei/", "Lat": 25.004911855542002, "Lng": 121.53433978557599, "PassEasyEle": 0.0, "PassEasyParking": 0.0, "PassEasyShower": 0.0, "PassEasyToilet": 0.0, "PassEasyWay": 0.0, "WheelchairAuditorium": 0.0 }, "geometry": { "type": "Point", "coordinates": [ 121.534339785575995, 25.004911855542002 ] } },
{ "type": "Feature", "properties": { "GymType": "球類運動設施/籃球場館", "Name": "金甌女中籃球場", "Addr": "臺北市大安區光明里杭州南路2段1號", "OperationTel": "02-23214765#206", "WebUrl": "http://www.cogsh.tp.edu.tw", "Lat": 25.034756627023999, "Lng": 121.524501442909, "PassEasyEle": 3.0, "PassEasyParking": 0.0, "PassEasyShower": 0.0, "PassEasyToilet": 3.0, "PassEasyWay": 1.0, "WheelchairAuditorium": 0.0 }, "geometry": { "type": "Point", "coordinates": [ 121.524501442908999, 25.034756627023999 ] } },
{ "type": "Feature", "properties": { "GymType": "水上/冰上運動設施/游泳池", "Name": "溪口國小游泳池", "Addr": "臺北市文山區景慶里景福街225號", "OperationTel": "02-29350955#714", "WebUrl": "http://web.skps.tp.edu.tw/enableweb/", "Lat": 24.9941827651799, "Lng": 121.538851261139, "PassEasyEle": 0.0, "PassEasyParking": 0.0, "PassEasyShower": 0.0, "PassEasyToilet": 1.0, "PassEasyWay": 1.0, "WheelchairAuditorium": 0.0 }, "geometry": { "type": "Point", "coordinates": [ 121.538851261139001, 24.9941827651799 ] } },
{ "type": "Feature", "properties": { "GymType": "球類運動設施/棒、壘球打擊練習場", "Name": "棒、壘球打擊練習場", "Addr": "臺北市文山區木柵路一段17巷1號", "OperationTel": "02-22368225#3065", "WebUrl": "http://www.shu.edu.tw", "Lat": 24.989344109634999, "Lng": 121.54765427112601, "PassEasyEle": 0.0, "PassEasyParking": 0.0, "PassEasyShower": 0.0, "PassEasyToilet": 0.0, "PassEasyWay": 0.0, "WheelchairAuditorium": 0.0 }, "geometry": { "type": "Point", "coordinates": [ 121.547654271126007, 24.989344109634999 ] } },
{ "type": "Feature", "properties": { "GymType": "陸上/射擊運動設施/環形或直線慢跑場（非田徑場）", "Name": "臺北市協和祐德高中籃球場、排球場", "Addr": "臺北市信義區忠孝東路五段790巷27號", "OperationTel": "02-27265775#124", "WebUrl": "http://www.hhvs.tp.edu.tw/bin/home.php", "Lat": 25.041989231052099, "Lng": 121.58352345228199, "PassEasyEle": 0.0, "PassEasyParking": 0.0, "PassEasyShower": 0.0, "PassEasyToilet": 0.0, "PassEasyWay": 0.0, "WheelchairAuditorium": 0.0 }, "geometry": { "type": "Point", "coordinates": [ 121.583523452281995, 25.041989231052099 ] } },
{ "type": "Feature", "properties": { "GymType": "球類運動設施/棒、壘球打擊練習場", "Name": "東園國小棒球打擊場", "Addr": "臺北市萬華區全德里東園街195號", "OperationTel": "02-23034803", "WebUrl": "http://www.tyes.tp.edu.tw", "Lat": 25.023396934276601, "Lng": 121.49819970130901, "PassEasyEle": 0.0, "PassEasyParking": 0.0, "PassEasyShower": 0.0, "PassEasyToilet": 0.0, "PassEasyWay": 0.0, "WheelchairAuditorium": 0.0 }, "geometry": { "type": "Point", "coordinates": [ 121.498199701309005, 25.023396934276601 ] } },
{ "type": "Feature", "properties": { "GymType": "球類運動設施/棒、壘球打擊練習場", "Name": "大理高中棒壘球打擊練習場", "Addr": "臺北市萬華區綠堤里長順街2號", "OperationTel": "02-23026959#136", "WebUrl": "http://www.tlsh.tp.edu.tw", "Lat": 25.029560385428798, "Lng": 121.491730213165, "PassEasyEle": 0.0, "PassEasyParking": 1.0, "PassEasyShower": 0.0, "PassEasyToilet": 0.0, "PassEasyWay": 1.0, "WheelchairAuditorium": 0.0 }, "geometry": { "type": "Point", "coordinates": [ 121.491730213164999, 25.029560385428798 ] } },
{ "type": "Feature", "properties": { "GymType": "球類運動設施/棒球場", "Name": "臺北市立建國高級中學棒球場", "Addr": "臺北市中正區龍光里南海路56號", "OperationTel": "02-23034381#303", "WebUrl": "https://www2.ck.tp.edu.tw/", "Lat": 25.0298828072508, "Lng": 121.513692140579, "PassEasyEle": 0.0, "PassEasyParking": 0.0, "PassEasyShower": 0.0, "PassEasyToilet": 0.0, "PassEasyWay": 0.0, "WheelchairAuditorium": 0.0 }, "geometry": { "type": "Point", "coordinates": [ 121.513692140578996, 25.0298828072508 ] } },
{ "type": "Feature", "properties": { "GymType": "球類運動設施/棒球場", "Name": "陽明高中棒球場", "Addr": "臺北市士林區後港里中正路510號", "OperationTel": "02-28316675#195", "WebUrl": "http://www.ymsh.tp.edu.tw", "Lat": 25.093104927934501, "Lng": 121.516309976578, "PassEasyEle": 0.0, "PassEasyParking": 0.0, "PassEasyShower": 0.0, "PassEasyToilet": 0.0, "PassEasyWay": 0.0, "WheelchairAuditorium": 0.0 }, "geometry": { "type": "Point", "coordinates": [ 121.516309976578, 25.093104927934501 ] } },
{ "type": "Feature", "properties": { "GymType": "球類運動設施/籃球場館", "Name": "忠孝國中綜合球場", "Addr": "臺北市大同區玉泉里西寧北路32號", "OperationTel": "02-25524890", "WebUrl": null, "Lat": 25.050997190200899, "Lng": 121.50768935680399, "PassEasyEle": 1.0, "PassEasyParking": 0.0, "PassEasyShower": 0.0, "PassEasyToilet": 2.0, "PassEasyWay": 2.0, "WheelchairAuditorium": 0.0 }, "geometry": { "type": "Point", "coordinates": [ 121.507689356803994, 25.050997190200899 ] } },
{ "type": "Feature", "properties": { "GymType": "陸上/射擊運動設施/田徑場", "Name": "忠孝國中田徑場", "Addr": "臺北市大同區玉泉里西寧北路32號", "OperationTel": "02-25524890#78", "WebUrl": null, "Lat": 25.051507467512199, "Lng": 121.507764458656, "PassEasyEle": 1.0, "PassEasyParking": 1.0, "PassEasyShower": 0.0, "PassEasyToilet": 2.0, "PassEasyWay": 1.0, "WheelchairAuditorium": 0.0 }, "geometry": { "type": "Point", "coordinates": [ 121.507764458655998, 25.051507467512199 ] } },
{ "type": "Feature", "properties": { "GymType": "球類運動設施/棒球場", "Name": "操場兼簡易棒球練習場", "Addr": "臺北市北投區立農里立農街1段250號", "OperationTel": "02-28210702#204", "WebUrl": "http://www.lnes.tp.edu.tw", "Lat": 25.119520550110298, "Lng": 121.504422426224, "PassEasyEle": 0.0, "PassEasyParking": 0.0, "PassEasyShower": 0.0, "PassEasyToilet": 0.0, "PassEasyWay": 0.0, "WheelchairAuditorium": 0.0 }, "geometry": { "type": "Point", "coordinates": [ 121.504422426223996, 25.119520550110298 ] } },
{ "type": "Feature", "properties": { "GymType": "球類運動設施/籃球場館", "Name": "東湖2號公園", "Addr": "臺北市 內湖區 康寧路三段99巷39弄27號前", "OperationTel": "02-25702330", "WebUrl": "https://sports.tms.gov.tw/", "Lat": 25.074000294553599, "Lng": 121.610841766897, "PassEasyEle": 0.0, "PassEasyParking": 0.0, "PassEasyShower": 0.0, "PassEasyToilet": 0.0, "PassEasyWay": 0.0, "WheelchairAuditorium": 0.0 }, "geometry": { "type": "Point", "coordinates": [ 121.610841766896996, 25.074000294553599 ] } },
{ "type": "Feature", "properties": { "GymType": "球類運動設施/網球場館", "Name": "瑞湖公園", "Addr": "臺北市 內湖區 民權東路六段15巷及瑞湖街交接口", "OperationTel": "02-25702330", "WebUrl": "https://sports.tms.gov.tw/", "Lat": 25.069429002821401, "Lng": 121.577228307724, "PassEasyEle": 0.0, "PassEasyParking": 0.0, "PassEasyShower": 0.0, "PassEasyToilet": 0.0, "PassEasyWay": 0.0, "WheelchairAuditorium": 0.0 }, "geometry": { "type": "Point", "coordinates": [ 121.577228307723999, 25.069429002821401 ] } },
{ "type": "Feature", "properties": { "GymType": "球類運動設施/籃球場館", "Name": "煙波庭公園", "Addr": "臺北市 內湖區 大湖街131巷18弄61號", "OperationTel": "02-25702330", "WebUrl": "https://sports.tms.gov.tw/", "Lat": 25.086504180065099, "Lng": 121.599029302597, "PassEasyEle": 0.0, "PassEasyParking": 0.0, "PassEasyShower": 0.0, "PassEasyToilet": 0.0, "PassEasyWay": 0.0, "WheelchairAuditorium": 0.0 }, "geometry": { "type": "Point", "coordinates": [ 121.599029302597003, 25.086504180065099 ] } },
{ "type": "Feature", "properties": { "GymType": "球類運動設施/網球場館", "Name": "天壽公園", "Addr": "臺北市士林區中山北路6段405巷右側", "OperationTel": "02-25702330#6535", "WebUrl": "https://sports.gov.taipei/", "Lat": 25.1169074163479, "Lng": 121.524490714073, "PassEasyEle": 0.0, "PassEasyParking": 0.0, "PassEasyShower": 0.0, "PassEasyToilet": 0.0, "PassEasyWay": 0.0, "WheelchairAuditorium": 0.0 }, "geometry": { "type": "Point", "coordinates": [ 121.524490714072996, 25.1169074163479 ] } },
{ "type": "Feature", "properties": { "GymType": "陸上/射擊運動設施/田徑場", "Name": "南港高中田徑場", "Addr": "臺北市南港區西新里向陽路21號", "OperationTel": "02-27837863#245", "WebUrl": null, "Lat": 25.052195123428099, "Lng": 121.594162800557, "PassEasyEle": 0.0, "PassEasyParking": 0.0, "PassEasyShower": 0.0, "PassEasyToilet": 0.0, "PassEasyWay": 0.0, "WheelchairAuditorium": 0.0 }, "geometry": { "type": "Point", "coordinates": [ 121.594162800557001, 25.052195123428099 ] } },
{ "type": "Feature", "properties": { "GymType": "水上/冰上運動設施/游泳池", "Name": "南港高中游泳池", "Addr": "臺北市南港區西新里向陽路21號", "OperationTel": "02-27837863#230", "WebUrl": null, "Lat": 25.052825153381001, "Lng": 121.593288353597, "PassEasyEle": 0.0, "PassEasyParking": 1.0, "PassEasyShower": 1.0, "PassEasyToilet": 1.0, "PassEasyWay": 0.0, "WheelchairAuditorium": 0.0 }, "geometry": { "type": "Point", "coordinates": [ 121.593288353597003, 25.052825153381001 ] } },
{ "type": "Feature", "properties": { "GymType": "球類運動設施/籃球場館", "Name": "籃球場", "Addr": "臺北市南港區聯成里東新街65號", "OperationTel": "02-27851376#152", "WebUrl": "http://www.ctps.tp.edu.tw", "Lat": 25.047143692641999, "Lng": 121.587860584259, "PassEasyEle": 0.0, "PassEasyParking": 0.0, "PassEasyShower": 0.0, "PassEasyToilet": 0.0, "PassEasyWay": 0.0, "WheelchairAuditorium": 0.0 }, "geometry": { "type": "Point", "coordinates": [ 121.587860584259005, 25.047143692641999 ] } },
{ "type": "Feature", "properties": { "GymType": "球類運動設施/籃球場館", "Name": "寧安公園", "Addr": "臺北市 松山區 寧安街50巷", "OperationTel": "02-25850192", "WebUrl": "http://pkl.taipei.gov.tw", "Lat": 25.050428592980499, "Lng": 121.554928421974, "PassEasyEle": 0.0, "PassEasyParking": 0.0, "PassEasyShower": 0.0, "PassEasyToilet": 0.0, "PassEasyWay": 0.0, "WheelchairAuditorium": 0.0 }, "geometry": { "type": "Point", "coordinates": [ 121.554928421973997, 25.050428592980499 ] } },
{ "type": "Feature", "properties": { "GymType": "球類運動設施/網球場館", "Name": "臺北網球場", "Addr": "臺北市 松山區 南京東路4段6號", "OperationTel": "02-25795349", "WebUrl": "https://zh-tw.facebook.com/TPTennisCourt/", "Lat": 25.0513373753111, "Lng": 121.551334261894, "PassEasyEle": 0.0, "PassEasyParking": 0.0, "PassEasyShower": 1.0, "PassEasyToilet": 1.0, "PassEasyWay": 1.0, "WheelchairAuditorium": 0.0 }, "geometry": { "type": "Point", "coordinates": [ 121.551334261893999, 25.0513373753111 ] } },
{ "type": "Feature", "properties": { "GymType": "球類運動設施/籃球場館", "Name": "操場籃球場", "Addr": "臺北市文山區明興里木柵路2段138巷61號", "OperationTel": "02-29392821#20", "WebUrl": "http://www.mdps.tp.edu.tw", "Lat": 24.987723264541302, "Lng": 121.56367258445199, "PassEasyEle": 0.0, "PassEasyParking": 0.0, "PassEasyShower": 0.0, "PassEasyToilet": 1.0, "PassEasyWay": 0.0, "WheelchairAuditorium": 0.0 }, "geometry": { "type": "Point", "coordinates": [ 121.563672584451993, 24.987723264541302 ] } },
{ "type": "Feature", "properties": { "GymType": "陸上/射擊運動設施/田徑場", "Name": "臺北市立大同國小田徑場", "Addr": "臺北市大同區蓬萊里大龍街51號", "OperationTel": "02-25965407#333", "WebUrl": null, "Lat": 25.065047430768999, "Lng": 121.517008520538, "PassEasyEle": 0.0, "PassEasyParking": 0.0, "PassEasyShower": 0.0, "PassEasyToilet": 0.0, "PassEasyWay": 0.0, "WheelchairAuditorium": 0.0 }, "geometry": { "type": "Point", "coordinates": [ 121.517008520537999, 25.065047430768999 ] } },
{ "type": "Feature", "properties": { "GymType": "球類運動設施/籃球場館", "Name": "臺北市立大同國小籃球場", "Addr": "臺北市大同區蓬萊里大龍街51號", "OperationTel": "02-25965407#333", "WebUrl": null, "Lat": 25.065115460066501, "Lng": 121.517094351227, "PassEasyEle": 0.0, "PassEasyParking": 0.0, "PassEasyShower": 0.0, "PassEasyToilet": 0.0, "PassEasyWay": 0.0, "WheelchairAuditorium": 0.0 }, "geometry": { "type": "Point", "coordinates": [ 121.517094351227001, 25.065115460066501 ] } },
{ "type": "Feature", "properties": { "GymType": "球類運動設施/壘球場", "Name": "士商壘球場", "Addr": "臺北市士林區後港里士商路150號", "OperationTel": "02-28313114#406", "WebUrl": "http://www.slhs.tp.edu.tw", "Lat": 25.0942170535989, "Lng": 121.51553812902399, "PassEasyEle": 0.0, "PassEasyParking": 0.0, "PassEasyShower": 0.0, "PassEasyToilet": 0.0, "PassEasyWay": 0.0, "WheelchairAuditorium": 0.0 }, "geometry": { "type": "Point", "coordinates": [ 121.515538129023994, 25.0942170535989 ] } },
{ "type": "Feature", "properties": { "GymType": "球類運動設施/籃球場館", "Name": "士商籃球場", "Addr": "臺北市士林區後港里士商路150號", "OperationTel": "02-28313114#406", "WebUrl": "http://slhs.tp.edu.tw/", "Lat": 25.094290121109399, "Lng": 121.515682227038, "PassEasyEle": 0.0, "PassEasyParking": 0.0, "PassEasyShower": 0.0, "PassEasyToilet": 0.0, "PassEasyWay": 0.0, "WheelchairAuditorium": 0.0 }, "geometry": { "type": "Point", "coordinates": [ 121.515682227037999, 25.094290121109399 ] } },
{ "type": "Feature", "properties": { "GymType": "陸上/射擊運動設施/田徑場", "Name": "士商田徑場", "Addr": "臺北市士林區後港里士商路150號", "OperationTel": "02-28313114", "WebUrl": "http://www.slhs.tp.edu.tw", "Lat": 25.094382424525136, "Lng": 121.51582170190729, "PassEasyEle": 0.0, "PassEasyParking": 0.0, "PassEasyShower": 0.0, "PassEasyToilet": 0.0, "PassEasyWay": 0.0, "WheelchairAuditorium": 0.0 }, "geometry": { "type": "Point", "coordinates": [ 121.515821701907285, 25.094382424525136 ] } },
{ "type": "Feature", "properties": { "GymType": "陸上/射擊運動設施/田徑場", "Name": "瑠公國中操場", "Addr": "臺北市信義區福德街221巷15號", "OperationTel": "02-27261481#401", "WebUrl": null, "Lat": 25.036598998802599, "Lng": 121.58580759727199, "PassEasyEle": 1.0, "PassEasyParking": 1.0, "PassEasyShower": 0.0, "PassEasyToilet": 0.0, "PassEasyWay": 1.0, "WheelchairAuditorium": 0.0 }, "geometry": { "type": "Point", "coordinates": [ 121.585807597271994, 25.036598998802599 ] } },
{ "type": "Feature", "properties": { "GymType": "水上/冰上運動設施/游泳池", "Name": "瑠公國中游泳池", "Addr": "臺北市信義區福德街221巷15號", "OperationTel": "02-27261481#310", "WebUrl": null, "Lat": 25.0365323267009, "Lng": 121.58540743195501, "PassEasyEle": 0.0, "PassEasyParking": 0.0, "PassEasyShower": 1.0, "PassEasyToilet": 1.0, "PassEasyWay": 1.0, "WheelchairAuditorium": 0.0 }, "geometry": { "type": "Point", "coordinates": [ 121.585407431955005, 25.0365323267009 ] } },
{ "type": "Feature", "properties": { "GymType": "水上/冰上運動設施/游泳池", "Name": "木柵國小游泳池", "Addr": "木柵路3段191號", "OperationTel": "02-29391234#633", "WebUrl": null, "Lat": 24.991300661676298, "Lng": 121.569610614178, "PassEasyEle": 0.0, "PassEasyParking": 0.0, "PassEasyShower": 0.0, "PassEasyToilet": 1.0, "PassEasyWay": 0.0, "WheelchairAuditorium": 0.0 }, "geometry": { "type": "Point", "coordinates": [ 121.569610614178004, 24.991300661676298 ] } },
{ "type": "Feature", "properties": { "GymType": "陸上/射擊運動設施/環形或直線慢跑場（非田徑場）", "Name": "操場", "Addr": "臺北市南港區聯成里東新街65號", "OperationTel": "02-27851376#152", "WebUrl": "http://www.ctps.tp.edu.tw", "Lat": 25.047391549677702, "Lng": 121.58766025677301, "PassEasyEle": 0.0, "PassEasyParking": 0.0, "PassEasyShower": 0.0, "PassEasyToilet": 0.0, "PassEasyWay": 0.0, "WheelchairAuditorium": 0.0 }, "geometry": { "type": "Point", "coordinates": [ 121.587660256773006, 25.047391549677702 ] } },
{ "type": "Feature", "properties": { "GymType": "球類運動設施/籃球場館", "Name": "臺北市立誠正國民中學學生活動中心", "Addr": "臺北市南港區新富里富康街1巷24號", "OperationTel": "02-27828094#1510", "WebUrl": "http://www.ccjh.tp.edu.tw/default.asp", "Lat": 25.054156395282298, "Lng": 121.6197716631, "PassEasyEle": 1.0, "PassEasyParking": 0.0, "PassEasyShower": 0.0, "PassEasyToilet": 2.0, "PassEasyWay": 1.0, "WheelchairAuditorium": 0.0 }, "geometry": { "type": "Point", "coordinates": [ 121.619771663099996, 25.054156395282298 ] } },
{ "type": "Feature", "properties": { "GymType": "水上/冰上運動設施/游泳池", "Name": "北一女中游泳池", "Addr": "臺北市中正區黎明里重慶南路1段165號", "OperationTel": "02-23820484#530", "WebUrl": "http://www.fg.tp.edu.tw/bin/home.php", "Lat": 25.038202835587398, "Lng": 121.514649963368, "PassEasyEle": 1.0, "PassEasyParking": 0.0, "PassEasyShower": 1.0, "PassEasyToilet": 1.0, "PassEasyWay": 1.0, "WheelchairAuditorium": 0.0 }, "geometry": { "type": "Point", "coordinates": [ 121.514649963368001, 25.038202835587398 ] } },
{ "type": "Feature", "properties": { "GymType": "陸上/射擊運動設施/田徑場", "Name": "成德國中操場", "Addr": "臺北市南港區成福里東新街108巷23號", "OperationTel": "02-26515636#330", "WebUrl": null, "Lat": 25.044859116684499, "Lng": 121.587576270103, "PassEasyEle": 0.0, "PassEasyParking": 0.0, "PassEasyShower": 0.0, "PassEasyToilet": 0.0, "PassEasyWay": 1.0, "WheelchairAuditorium": 0.0 }, "geometry": { "type": "Point", "coordinates": [ 121.587576270103, 25.044859116684499 ] } },
{ "type": "Feature", "properties": { "GymType": "陸上/射擊運動設施/田徑場", "Name": "操場", "Addr": "臺北市萬華區日善里東園街73巷65號", "OperationTel": "02-23030257#112", "WebUrl": "http://www.hups.tp.edu.tw", "Lat": 25.026893620974199, "Lng": 121.498913255459, "PassEasyEle": 1.0, "PassEasyParking": 0.0, "PassEasyShower": 0.0, "PassEasyToilet": 1.0, "PassEasyWay": 1.0, "WheelchairAuditorium": 0.0 }, "geometry": { "type": "Point", "coordinates": [ 121.498913255459001, 25.026893620974199 ] } },
{ "type": "Feature", "properties": { "GymType": "陸上/射擊運動設施/田徑場", "Name": "雙園國小田徑場", "Addr": "臺北市萬華區雙園里莒光路315號", "OperationTel": "02-23061893#165", "WebUrl": "http://www.syps.tp.edu.tw", "Lat": 25.0304103891851, "Lng": 121.498269455318, "PassEasyEle": 0.0, "PassEasyParking": 0.0, "PassEasyShower": 0.0, "PassEasyToilet": 0.0, "PassEasyWay": 0.0, "WheelchairAuditorium": 0.0 }, "geometry": { "type": "Point", "coordinates": [ 121.498269455317995, 25.0304103891851 ] } },
{ "type": "Feature", "properties": { "GymType": "陸上/射擊運動設施/田徑場", "Name": "蘭雅國中田徑場", "Addr": "臺北市士林區三玉里忠誠路2段51號", "OperationTel": "02-28329377#230", "WebUrl": "http://163.21.26.20/enable01/", "Lat": 25.110909481280501, "Lng": 121.532255073188, "PassEasyEle": 1.0, "PassEasyParking": 2.0, "PassEasyShower": 1.0, "PassEasyToilet": 1.0, "PassEasyWay": 1.0, "WheelchairAuditorium": 0.0 }, "geometry": { "type": "Point", "coordinates": [ 121.532255073187997, 25.110909481280501 ] } },
{ "type": "Feature", "properties": { "GymType": "球類運動設施/籃球場館", "Name": "靜心中學綜合球場", "Addr": "臺北市文山區興福里興隆路2段46號", "OperationTel": "02-29359063", "WebUrl": "https://zh-tw.facebook.com/sunsportc", "Lat": 24.9988794099248, "Lng": 121.546726226807, "PassEasyEle": 1.0, "PassEasyParking": 1.0, "PassEasyShower": 1.0, "PassEasyToilet": 1.0, "PassEasyWay": 1.0, "WheelchairAuditorium": 1.0 }, "geometry": { "type": "Point", "coordinates": [ 121.546726226806996, 24.9988794099248 ] } },
{ "type": "Feature", "properties": { "GymType": "冒險性運動設施/極限運動場", "Name": "內湖運動公園", "Addr": "臺北市 內湖區 舊宗路2段", "OperationTel": "02-87919494#105", "WebUrl": null, "Lat": 25.067769531854999, "Lng": 121.57428170136799, "PassEasyEle": 1.0, "PassEasyParking": 0.0, "PassEasyShower": 0.0, "PassEasyToilet": 1.0, "PassEasyWay": 0.0, "WheelchairAuditorium": 0.0 }, "geometry": { "type": "Point", "coordinates": [ 121.574281701367994, 25.067769531854999 ] } },
{ "type": "Feature", "properties": { "GymType": "冒險性運動設施/攀岩場/抱石場", "Name": "攀岩場/抱石場", "Addr": "臺北市內湖區舊宗路二段2號", "OperationTel": "02-27206833", "WebUrl": null, "Lat": 25.067575682154398, "Lng": 121.573544491646, "PassEasyEle": 1.0, "PassEasyParking": 0.0, "PassEasyShower": 0.0, "PassEasyToilet": 1.0, "PassEasyWay": 0.0, "WheelchairAuditorium": 0.0 }, "geometry": { "type": "Point", "coordinates": [ 121.573544491646004, 25.067575682154398 ] } },
{ "type": "Feature", "properties": { "GymType": "球類運動設施/籃球場館", "Name": "環形或直線慢跑場（非田徑場）", "Addr": "臺北市萬華區環河南路2段250巷42弄2號", "OperationTel": "02-23064352#134", "WebUrl": "http://web.hces.tp.edu.tw/front/bin/home.phtml", "Lat": 25.034162925346902, "Lng": 121.491267044203, "PassEasyEle": 0.0, "PassEasyParking": 0.0, "PassEasyShower": 0.0, "PassEasyToilet": 1.0, "PassEasyWay": 3.0, "WheelchairAuditorium": 0.0 }, "geometry": { "type": "Point", "coordinates": [ 121.491267044202999, 25.034162925346902 ] } },
{ "type": "Feature", "properties": { "GymType": "球類運動設施/籃球場館", "Name": "蘭雅國中籃球場", "Addr": "臺北市士林區三玉里忠誠路2段51號", "OperationTel": "02-28329377#230", "WebUrl": "http://163.21.26.20/enable01/", "Lat": 25.110269644188602, "Lng": 121.53161626779099, "PassEasyEle": 0.0, "PassEasyParking": 1.0, "PassEasyShower": 0.0, "PassEasyToilet": 0.0, "PassEasyWay": 0.0, "WheelchairAuditorium": 0.0 }, "geometry": { "type": "Point", "coordinates": [ 121.531616267790994, 25.110269644188602 ] } },
{ "type": "Feature", "properties": { "GymType": "水上/冰上運動設施/游泳池", "Name": "萬華國中游泳池", "Addr": "臺北市萬華區日善里西藏路201號", "OperationTel": "02-23390988", "WebUrl": null, "Lat": 25.029151732713, "Lng": 121.49923681514299, "PassEasyEle": 0.0, "PassEasyParking": 0.0, "PassEasyShower": 0.0, "PassEasyToilet": 0.0, "PassEasyWay": 0.0, "WheelchairAuditorium": 0.0 }, "geometry": { "type": "Point", "coordinates": [ 121.499236815142993, 25.029151732713 ] } },
{ "type": "Feature", "properties": { "GymType": "陸上/射擊運動設施/環形或直線慢跑場（非田徑場）", "Name": "臺北市大安區幸安國民小學", "Addr": "臺北市大安區民炤里仁愛路3段22號", "OperationTel": "02-27074191", "WebUrl": "http://www.haps.tp.edu.tw", "Lat": 25.0372801402942, "Lng": 121.534869790012, "PassEasyEle": 3.0, "PassEasyParking": 1.0, "PassEasyShower": 1.0, "PassEasyToilet": 1.0, "PassEasyWay": 2.0, "WheelchairAuditorium": 0.0 }, "geometry": { "type": "Point", "coordinates": [ 121.534869790011996, 25.0372801402942 ] } },
{ "type": "Feature", "properties": { "GymType": "陸上/射擊運動設施/田徑場", "Name": "田徑場", "Addr": "臺北市內湖區週美里21鄰行善路179號", "OperationTel": "02-27917334#232", "WebUrl": "http://www.tmes.tp.edu.tw", "Lat": 25.0582833871348, "Lng": 121.581135639839, "PassEasyEle": 0.0, "PassEasyParking": 3.0, "PassEasyShower": 0.0, "PassEasyToilet": 1.0, "PassEasyWay": 0.0, "WheelchairAuditorium": 0.0 }, "geometry": { "type": "Point", "coordinates": [ 121.581135639839005, 25.0582833871348 ] } },
{ "type": "Feature", "properties": { "GymType": "球類運動設施/羽球場館", "Name": "臺北市內湖區潭美國民小多功能體育場", "Addr": "臺北市內湖區週美里21鄰行善路179號", "OperationTel": "02-27917334#225", "WebUrl": "http://www.tmes.tp.edu.tw", "Lat": 25.0580816452417, "Lng": 121.582018086605, "PassEasyEle": 2.0, "PassEasyParking": 3.0, "PassEasyShower": 0.0, "PassEasyToilet": 1.0, "PassEasyWay": 0.0, "WheelchairAuditorium": 0.0 }, "geometry": { "type": "Point", "coordinates": [ 121.582018086605004, 25.0580816452417 ] } },
{ "type": "Feature", "properties": { "GymType": "球類運動設施/足球場館", "Name": "誠正田徑場", "Addr": "臺北市南港區新富里富康街1巷24號", "OperationTel": "02-27828094#1510", "WebUrl": "http://163.21.132.5", "Lat": 25.053161109848979, "Lng": 121.61848061298927, "PassEasyEle": 0.0, "PassEasyParking": 0.0, "PassEasyShower": 2.0, "PassEasyToilet": 2.0, "PassEasyWay": 1.0, "WheelchairAuditorium": 0.0 }, "geometry": { "type": "Point", "coordinates": [ 121.618480612989273, 25.053161109848979 ] } },
{ "type": "Feature", "properties": { "GymType": "球類運動設施/足球場館", "Name": "永安田徑場附屬足球場", "Addr": "臺北市中山區明水路397巷19弄1號", "OperationTel": "02-25335672", "WebUrl": "http://web.yaes.tp.edu.tw/front/bin/home.phtml", "Lat": 25.079638454108999, "Lng": 121.549726186822, "PassEasyEle": 0.0, "PassEasyParking": 0.0, "PassEasyShower": 0.0, "PassEasyToilet": 0.0, "PassEasyWay": 0.0, "WheelchairAuditorium": 0.0 }, "geometry": { "type": "Point", "coordinates": [ 121.549726186821999, 25.079638454108999 ] } },
{ "type": "Feature", "properties": { "GymType": "球類運動設施/足球場館", "Name": "天母人工草皮足球場", "Addr": "臺北市士林區天玉里天玉街12號", "OperationTel": "02-28723336#9502", "WebUrl": "https://www.tmups.tp.edu.tw/", "Lat": 25.119709975850402, "Lng": 121.52746260166199, "PassEasyEle": 0.0, "PassEasyParking": 0.0, "PassEasyShower": 0.0, "PassEasyToilet": 0.0, "PassEasyWay": 0.0, "WheelchairAuditorium": 0.0 }, "geometry": { "type": "Point", "coordinates": [ 121.527462601661995, 25.119709975850402 ] } },
{ "type": "Feature", "properties": { "GymType": "水上/冰上運動設施/游泳池", "Name": "大安國中游泳池", "Addr": "臺北市大安區大安路2段63號", "OperationTel": "02-27557131", "WebUrl": null, "Lat": 25.0303891014015, "Lng": 121.548018120565, "PassEasyEle": 0.0, "PassEasyParking": 1.0, "PassEasyShower": 1.0, "PassEasyToilet": 1.0, "PassEasyWay": 1.0, "WheelchairAuditorium": 0.0 }, "geometry": { "type": "Point", "coordinates": [ 121.548018120565004, 25.0303891014015 ] } },
{ "type": "Feature", "properties": { "GymType": "球類運動設施/籃球場館", "Name": "四維樓", "Addr": "臺北市南港區西新里向陽路31號", "OperationTel": "02-27836049#133", "WebUrl": "http://www.yhes.tp.edu.tw", "Lat": 25.0535586545647, "Lng": 121.594502027147, "PassEasyEle": 0.0, "PassEasyParking": 1.0, "PassEasyShower": 0.0, "PassEasyToilet": 0.0, "PassEasyWay": 2.0, "WheelchairAuditorium": 0.0 }, "geometry": { "type": "Point", "coordinates": [ 121.594502027147001, 25.0535586545647 ] } },
{ "type": "Feature", "properties": { "GymType": "球類運動設施/籃球場館", "Name": "東湖國中學生活動中心", "Addr": "臺北市內湖區樂康里康樂街131號", "OperationTel": "02-26330373#634", "WebUrl": "http://www.dhjh.tp.edu.tw/", "Lat": 25.073104845048899, "Lng": 121.61981691593, "PassEasyEle": 1.0, "PassEasyParking": 0.0, "PassEasyShower": 1.0, "PassEasyToilet": 1.0, "PassEasyWay": 1.0, "WheelchairAuditorium": 0.0 }, "geometry": { "type": "Point", "coordinates": [ 121.619816915930002, 25.073104845048899 ] } },
{ "type": "Feature", "properties": { "GymType": "球類運動設施/籃球場館", "Name": "明倫高中綜合體育館", "Addr": "臺北市大同區保安里承德路3段336號", "OperationTel": "02-25961567#147", "WebUrl": "http://www.mlsh.tp.edu.tw", "Lat": 25.075764125979202, "Lng": 121.519524673191, "PassEasyEle": 1.0, "PassEasyParking": 2.0, "PassEasyShower": 1.0, "PassEasyToilet": 1.0, "PassEasyWay": 0.0, "WheelchairAuditorium": 0.0 }, "geometry": { "type": "Point", "coordinates": [ 121.519524673191, 25.075764125979202 ] } },
{ "type": "Feature", "properties": { "GymType": "球類運動設施/網球場館", "Name": "中正高中網球場", "Addr": "臺北市北投區文林北路77號", "OperationTel": "02-28234811#330", "WebUrl": "http://www.ccsh.tp.edu.tw", "Lat": 25.104466893528901, "Lng": 121.514589843499, "PassEasyEle": 0.0, "PassEasyParking": 0.0, "PassEasyShower": 0.0, "PassEasyToilet": 0.0, "PassEasyWay": 0.0, "WheelchairAuditorium": 0.0 }, "geometry": { "type": "Point", "coordinates": [ 121.514589843498996, 25.104466893528901 ] } },
{ "type": "Feature", "properties": { "GymType": "球類運動設施/羽球場館", "Name": "逸仙國小活動中心", "Addr": "臺北市北投區中心里新民路2號", "OperationTel": "02-28914537#123", "WebUrl": "http://www2.ysps.tp.edu.tw", "Lat": 25.138374256614298, "Lng": 121.50515735149401, "PassEasyEle": 0.0, "PassEasyParking": 0.0, "PassEasyShower": 0.0, "PassEasyToilet": 0.0, "PassEasyWay": 0.0, "WheelchairAuditorium": 0.0 }, "geometry": { "type": "Point", "coordinates": [ 121.505157351494006, 25.138374256614298 ] } },
{ "type": "Feature", "properties": { "GymType": "球類運動設施/籃球場館", "Name": "臺北市國語實驗國民小學戶外籃球場", "Addr": "臺北市中正區龍光里南海路58號", "OperationTel": "02-23033555#601", "WebUrl": "http://www.meps.tp.edu.tw", "Lat": 25.030438201168, "Lng": 121.510792303866, "PassEasyEle": 1.0, "PassEasyParking": 0.0, "PassEasyShower": 1.0, "PassEasyToilet": 1.0, "PassEasyWay": 0.0, "WheelchairAuditorium": 0.0 }, "geometry": { "type": "Point", "coordinates": [ 121.510792303865998, 25.030438201168 ] } },
{ "type": "Feature", "properties": { "GymType": "水上/冰上運動設施/游泳池", "Name": "蘭雅國中游泳池", "Addr": "臺北市士林區三玉里忠誠路2段51號", "OperationTel": "02-28329377#230", "WebUrl": "http://163.21.26.20/enable01/", "Lat": 25.110578349716299, "Lng": 121.532537341118, "PassEasyEle": 0.0, "PassEasyParking": 0.0, "PassEasyShower": 1.0, "PassEasyToilet": 1.0, "PassEasyWay": 1.0, "WheelchairAuditorium": 0.0 }, "geometry": { "type": "Point", "coordinates": [ 121.532537341118001, 25.110578349716299 ] } },
{ "type": "Feature", "properties": { "GymType": "水上/冰上運動設施/游泳池", "Name": "西湖國中游泳池", "Addr": "臺北市內湖區西湖里環山路1段27號", "OperationTel": "02-27991817#215", "WebUrl": "http://www.xhjhs.tp.edu.tw", "Lat": 25.085428852197701, "Lng": 121.56589329242701, "PassEasyEle": 0.0, "PassEasyParking": 2.0, "PassEasyShower": 1.0, "PassEasyToilet": 2.0, "PassEasyWay": 1.0, "WheelchairAuditorium": 0.0 }, "geometry": { "type": "Point", "coordinates": [ 121.565893292427006, 25.085428852197701 ] } },
{ "type": "Feature", "properties": { "GymType": "水上/冰上運動設施/游泳池", "Name": "臺北市立新民國中游泳池", "Addr": "臺北市北投區林泉里新民路10號", "OperationTel": "02-28979001#350", "WebUrl": "http://www.hmjh.tp.edu.tw", "Lat": 25.138189793403999, "Lng": 121.50638424658, "PassEasyEle": 0.0, "PassEasyParking": 0.0, "PassEasyShower": 0.0, "PassEasyToilet": 0.0, "PassEasyWay": 1.0, "WheelchairAuditorium": 0.0 }, "geometry": { "type": "Point", "coordinates": [ 121.506384246579998, 25.138189793403999 ] } },
{ "type": "Feature", "properties": { "GymType": "水上/冰上運動設施/游泳池", "Name": "前山公園游泳池", "Addr": "臺北市 北投區 建國街4號", "OperationTel": "02-25702330", "WebUrl": "https://sports.gov.taipei/cp.aspx?n=6293F95CF8D99D64", "Lat": 25.151694427751, "Lng": 121.548373103142, "PassEasyEle": 0.0, "PassEasyParking": 0.0, "PassEasyShower": 1.0, "PassEasyToilet": 1.0, "PassEasyWay": 1.0, "WheelchairAuditorium": 0.0 }, "geometry": { "type": "Point", "coordinates": [ 121.548373103141998, 25.151694427751 ] } },
{ "type": "Feature", "properties": { "GymType": "水上/冰上運動設施/游泳池", "Name": "前港公園游泳池", "Addr": "臺北市 士林區 前港街45號", "OperationTel": "02-25702330", "WebUrl": null, "Lat": 25.0852393733532, "Lng": 121.520842909813, "PassEasyEle": 0.0, "PassEasyParking": 1.0, "PassEasyShower": 4.0, "PassEasyToilet": 1.0, "PassEasyWay": 1.0, "WheelchairAuditorium": 0.0 }, "geometry": { "type": "Point", "coordinates": [ 121.520842909812998, 25.0852393733532 ] } },
{ "type": "Feature", "properties": { "GymType": "水上/冰上運動設施/游泳池", "Name": "克強公園游泳池(閉館整修中)", "Addr": "臺北市 士林區 磺溪街55巷2號", "OperationTel": "02-88665105", "WebUrl": "https://zh-tw.facebook.com/pages/category/Public-Swimming-Pool/%E9%81%8B%E5%8D%9A%E5%85%8B%E5%BC%B7%E5%85%AC%E5%9C%92%E6%B8%B8%E6%B3%B3%E6%B1%A0-114122908662385/", "Lat": 25.107727005423499, "Lng": 121.52195334434499, "PassEasyEle": 0.0, "PassEasyParking": 0.0, "PassEasyShower": 1.0, "PassEasyToilet": 1.0, "PassEasyWay": 0.0, "WheelchairAuditorium": 0.0 }, "geometry": { "type": "Point", "coordinates": [ 121.521953344344993, 25.107727005423499 ] } },
{ "type": "Feature", "properties": { "GymType": "水上/冰上運動設施/游泳池", "Name": "七虎公園游泳池", "Addr": "臺北市 北投區 育仁路108號", "OperationTel": "02-25702330", "WebUrl": "https://sports.gov.taipei/cp.aspx?n=6293F95CF8D99D64", "Lat": 25.136436567798, "Lng": 121.501278877258, "PassEasyEle": 0.0, "PassEasyParking": 0.0, "PassEasyShower": 1.0, "PassEasyToilet": 1.0, "PassEasyWay": 1.0, "WheelchairAuditorium": 0.0 }, "geometry": { "type": "Point", "coordinates": [ 121.501278877258002, 25.136436567798 ] } },
{ "type": "Feature", "properties": { "GymType": "水上/冰上運動設施/游泳池", "Name": "天溪綠地游泳池", "Addr": "臺北市 北投區 中山北路7段219巷3弄170號", "OperationTel": "02-25702330", "WebUrl": "https://sports.gov.taipei/cp.aspx?n=6293F95CF8D99D64", "Lat": 25.128709788614099, "Lng": 121.531094312668, "PassEasyEle": 0.0, "PassEasyParking": 0.0, "PassEasyShower": 1.0, "PassEasyToilet": 1.0, "PassEasyWay": 1.0, "WheelchairAuditorium": 0.0 }, "geometry": { "type": "Point", "coordinates": [ 121.531094312668003, 25.128709788614099 ] } },
{ "type": "Feature", "properties": { "GymType": "水上/冰上運動設施/游泳池", "Name": "碧湖公園游泳池", "Addr": "臺北市 內湖區 內湖路二段103巷66號", "OperationTel": "02-25702330", "WebUrl": "https://sports.tms.gov.tw/", "Lat": 25.082222247616698, "Lng": 121.58124089240999, "PassEasyEle": 0.0, "PassEasyParking": 0.0, "PassEasyShower": 0.0, "PassEasyToilet": 0.0, "PassEasyWay": 0.0, "WheelchairAuditorium": 0.0 }, "geometry": { "type": "Point", "coordinates": [ 121.581240892409994, 25.082222247616698 ] } },
{ "type": "Feature", "properties": { "GymType": "水上/冰上運動設施/游泳池", "Name": "木柵公園游泳池", "Addr": "臺北市 文山區 興隆路四段50號", "OperationTel": "02-22342863", "WebUrl": "http://www.wdygsports.com.tw/swimming.asp?major=c47OxrbPc7TJfvK1", "Lat": 24.986957555466802, "Lng": 121.560453772545, "PassEasyEle": 0.0, "PassEasyParking": 0.0, "PassEasyShower": 0.0, "PassEasyToilet": 0.0, "PassEasyWay": 0.0, "WheelchairAuditorium": 0.0 }, "geometry": { "type": "Point", "coordinates": [ 121.560453772545003, 24.986957555466802 ] } },
{ "type": "Feature", "properties": { "GymType": "球類運動設施/籃球場館", "Name": "石牌國中室外籃球場", "Addr": "臺北市北投區吉利里石牌路1段139號", "OperationTel": "02-28224682", "WebUrl": "http://www.spjh.tp.edu.tw/", "Lat": 25.115881273935202, "Lng": 121.513101192279, "PassEasyEle": 1.0, "PassEasyParking": 1.0, "PassEasyShower": 0.0, "PassEasyToilet": 1.0, "PassEasyWay": 1.0, "WheelchairAuditorium": 0.0 }, "geometry": { "type": "Point", "coordinates": [ 121.513101192278995, 25.115881273935202 ] } },
{ "type": "Feature", "properties": { "GymType": "球類運動設施/排球場館", "Name": "石牌國中室外排球場", "Addr": "臺北市北投區吉利里石牌路1段139號", "OperationTel": "02-28224682", "WebUrl": "http://www.spjh.tp.edu.tw/", "Lat": 25.115902205995098, "Lng": 121.512969976736, "PassEasyEle": 1.0, "PassEasyParking": 1.0, "PassEasyShower": 0.0, "PassEasyToilet": 1.0, "PassEasyWay": 1.0, "WheelchairAuditorium": 0.0 }, "geometry": { "type": "Point", "coordinates": [ 121.512969976736002, 25.115902205995098 ] } },
{ "type": "Feature", "properties": { "GymType": "水上/冰上運動設施/游泳池", "Name": "玉成公園游泳池(閉館整修中)", "Addr": "臺北市 南港區 中坡南路55號", "OperationTel": "02-27265151", "WebUrl": "http://www.wdygsports.com.tw/index.asp", "Lat": 25.041831276040199, "Lng": 121.58585965633399, "PassEasyEle": 0.0, "PassEasyParking": 0.0, "PassEasyShower": 0.0, "PassEasyToilet": 2.0, "PassEasyWay": 1.0, "WheelchairAuditorium": 0.0 }, "geometry": { "type": "Point", "coordinates": [ 121.585859656333994, 25.041831276040199 ] } },
{ "type": "Feature", "properties": { "GymType": "水上/冰上運動設施/游泳池", "Name": "三民公園游泳池", "Addr": "臺北市 松山區 撫遠街298號", "OperationTel": "02-87876527", "WebUrl": "https://sports.gov.taipei/cp.aspx?n=6293F95CF8D99D64", "Lat": 25.061148879512601, "Lng": 121.566563844681, "PassEasyEle": 0.0, "PassEasyParking": 0.0, "PassEasyShower": 1.0, "PassEasyToilet": 1.0, "PassEasyWay": 1.0, "WheelchairAuditorium": 0.0 }, "geometry": { "type": "Point", "coordinates": [ 121.566563844680999, 25.061148879512601 ] } },
{ "type": "Feature", "properties": { "GymType": "水上/冰上運動設施/游泳池", "Name": "中正高中游泳館", "Addr": "臺北市北投區文林北路77號", "OperationTel": "02-28234811#330", "WebUrl": "http://www.ccsh.tp.edu.tw", "Lat": 25.104783299138301, "Lng": 121.515102982521, "PassEasyEle": 1.0, "PassEasyParking": 1.0, "PassEasyShower": 1.0, "PassEasyToilet": 1.0, "PassEasyWay": 1.0, "WheelchairAuditorium": 0.0 }, "geometry": { "type": "Point", "coordinates": [ 121.515102982521, 25.104783299138301 ] } },
{ "type": "Feature", "properties": { "GymType": "球類運動設施/籃球場館", "Name": "台北市前山公園", "Addr": "臺北市 北投區 建國街4號", "OperationTel": "02-28616361#211", "WebUrl": "https://pkl.gov.tw", "Lat": 25.151233245457099, "Lng": 121.548293095967, "PassEasyEle": 0.0, "PassEasyParking": 0.0, "PassEasyShower": 0.0, "PassEasyToilet": 0.0, "PassEasyWay": 0.0, "WheelchairAuditorium": 0.0 }, "geometry": { "type": "Point", "coordinates": [ 121.548293095966997, 25.151233245457099 ] } },
{ "type": "Feature", "properties": { "GymType": "陸上/射擊運動設施/田徑場", "Name": "田徑場", "Addr": "臺北市文山區木柵路4段159巷14號之1", "OperationTel": "02-22302585#122", "WebUrl": null, "Lat": 25.001766569054901, "Lng": 121.575425412654, "PassEasyEle": 0.0, "PassEasyParking": 0.0, "PassEasyShower": 0.0, "PassEasyToilet": 0.0, "PassEasyWay": 0.0, "WheelchairAuditorium": 0.0 }, "geometry": { "type": "Point", "coordinates": [ 121.575425412653999, 25.001766569054901 ] } },
{ "type": "Feature", "properties": { "GymType": "陸上/射擊運動設施/田徑場", "Name": "南湖國小田徑場", "Addr": "臺北市內湖區葫洲里康寧路3段200號", "OperationTel": "02-26321296#54", "WebUrl": "http://www.nhps.tp.edu.tw", "Lat": 25.068031953497599, "Lng": 121.610185313839, "PassEasyEle": 0.0, "PassEasyParking": 0.0, "PassEasyShower": 0.0, "PassEasyToilet": 0.0, "PassEasyWay": 0.0, "WheelchairAuditorium": 0.0 }, "geometry": { "type": "Point", "coordinates": [ 121.610185313838997, 25.068031953497599 ] } },
{ "type": "Feature", "properties": { "GymType": "陸上/射擊運動設施/田徑場", "Name": "興雅國小操場", "Addr": "臺北市信義區雅祥里基隆路1段83巷9號", "OperationTel": "02-27618156#639", "WebUrl": "http://www.hyps.tp.edu.tw", "Lat": 25.047681019189, "Lng": 121.56964854470201, "PassEasyEle": 2.0, "PassEasyParking": 1.0, "PassEasyShower": 0.0, "PassEasyToilet": 1.0, "PassEasyWay": 2.0, "WheelchairAuditorium": 0.0 }, "geometry": { "type": "Point", "coordinates": [ 121.569648544702005, 25.047681019189 ] } },
{ "type": "Feature", "properties": { "GymType": "水上/冰上運動設施/游泳池", "Name": "興雅國小游泳池", "Addr": "臺北市信義區雅祥里基隆路1段83巷9號", "OperationTel": "02-27618156#639", "WebUrl": "http://www.hyps.tp.edu.tw", "Lat": 25.047817096953001, "Lng": 121.57023508328, "PassEasyEle": 2.0, "PassEasyParking": 1.0, "PassEasyShower": 1.0, "PassEasyToilet": 1.0, "PassEasyWay": 2.0, "WheelchairAuditorium": 0.0 }, "geometry": { "type": "Point", "coordinates": [ 121.570235083279997, 25.047817096953001 ] } },
{ "type": "Feature", "properties": { "GymType": "球類運動設施/排球場館", "Name": "士商排球場", "Addr": "臺北市士林區後港里士商路150號", "OperationTel": "02-28313114#306", "WebUrl": "http://www.slhs.tp.edu.tw", "Lat": 25.094404817201799, "Lng": 121.515142530208, "PassEasyEle": 0.0, "PassEasyParking": 0.0, "PassEasyShower": 0.0, "PassEasyToilet": 1.0, "PassEasyWay": 0.0, "WheelchairAuditorium": 0.0 }, "geometry": { "type": "Point", "coordinates": [ 121.515142530207996, 25.094404817201799 ] } },
{ "type": "Feature", "properties": { "GymType": "水上/冰上運動設施/游泳池", "Name": "大直國小溫水游泳池", "Addr": "臺北市中山區大直里大直街2號", "OperationTel": "02-25323449", "WebUrl": "http://www.tzes.tp.edu.tw/default.asp", "Lat": 25.0801300770908, "Lng": 121.546589346765, "PassEasyEle": 0.0, "PassEasyParking": 0.0, "PassEasyShower": 1.0, "PassEasyToilet": 1.0, "PassEasyWay": 1.0, "WheelchairAuditorium": 0.0 }, "geometry": { "type": "Point", "coordinates": [ 121.546589346765003, 25.0801300770908 ] } },
{ "type": "Feature", "properties": { "GymType": "球類運動設施/籃球場館", "Name": "新和國小活動中心", "Addr": "臺北市萬華區西藏路125巷31號", "OperationTel": "02-23038298#1303", "WebUrl": "http://www.soes.tp.edu.tw", "Lat": 25.025962042442, "Lng": 121.50332598883, "PassEasyEle": 0.0, "PassEasyParking": 0.0, "PassEasyShower": 0.0, "PassEasyToilet": 0.0, "PassEasyWay": 0.0, "WheelchairAuditorium": 0.0 }, "geometry": { "type": "Point", "coordinates": [ 121.503325988829999, 25.025962042442 ] } },
{ "type": "Feature", "properties": { "GymType": "球類運動設施/滾球場", "Name": "興雅國中滾球場", "Addr": "臺北市信義區松德路168巷15號", "OperationTel": "02-27232771#330", "WebUrl": "http://www.syajh.tp.edu.tw", "Lat": 25.0364199789861, "Lng": 121.572236716747, "PassEasyEle": 0.0, "PassEasyParking": 0.0, "PassEasyShower": 0.0, "PassEasyToilet": 0.0, "PassEasyWay": 0.0, "WheelchairAuditorium": 0.0 }, "geometry": { "type": "Point", "coordinates": [ 121.572236716747, 25.0364199789861 ] } },
{ "type": "Feature", "properties": { "GymType": "球類運動設施/羽球場館", "Name": "石牌國中活動中心3樓綜合球場", "Addr": "臺北市北投區吉利里石牌路1段139號", "OperationTel": "02-28224682#253", "WebUrl": "http://www.spjh.tp.edu.tw", "Lat": 25.114993673280999, "Lng": 121.514174938202, "PassEasyEle": 1.0, "PassEasyParking": 3.0, "PassEasyShower": 0.0, "PassEasyToilet": 4.0, "PassEasyWay": 2.0, "WheelchairAuditorium": 0.0 }, "geometry": { "type": "Point", "coordinates": [ 121.514174938202004, 25.114993673280999 ] } },
{ "type": "Feature", "properties": { "GymType": "球類運動設施/籃球場館", "Name": "戶外籃球場", "Addr": "臺北市南港區中研里舊莊街1段1號", "OperationTel": "02-27824949#932", "WebUrl": null, "Lat": 25.042497358759402, "Lng": 121.61736503628001, "PassEasyEle": 0.0, "PassEasyParking": 0.0, "PassEasyShower": 0.0, "PassEasyToilet": 0.0, "PassEasyWay": 0.0, "WheelchairAuditorium": 0.0 }, "geometry": { "type": "Point", "coordinates": [ 121.617365036280006, 25.042497358759402 ] } },
{ "type": "Feature", "properties": { "GymType": "陸上/射擊運動設施/田徑場", "Name": "臺北大學田徑場", "Addr": "新北市三峽區大學路151號", "OperationTel": "02-86741111#68512", "WebUrl": "http://www.ntpu.edu.tw/chinese/", "Lat": 24.939618531333899, "Lng": 121.364057064056, "PassEasyEle": null, "PassEasyParking": null, "PassEasyShower": null, "PassEasyToilet": null, "PassEasyWay": null, "WheelchairAuditorium": null }, "geometry": { "type": "Point", "coordinates": [ 121.364057064055999, 24.939618531333899 ] } },
{ "type": "Feature", "properties": { "GymType": "球類運動設施/桌球場館", "Name": "淡江大學紹謨紀念體育館", "Addr": "新北市淡水區英專路151號", "OperationTel": "02-26230985", "WebUrl": "http://www.tku.edu.tw", "Lat": 25.1758068485526, "Lng": 121.44883364439001, "PassEasyEle": 0.0, "PassEasyParking": 0.0, "PassEasyShower": 0.0, "PassEasyToilet": 3.0, "PassEasyWay": 0.0, "WheelchairAuditorium": 0.0 }, "geometry": { "type": "Point", "coordinates": [ 121.448833644390007, 25.1758068485526 ] } },
{ "type": "Feature", "properties": { "GymType": "球類運動設施/籃球場館", "Name": "丹鳳高中體育館", "Addr": "新北市新莊區龍安路72號", "OperationTel": "02-29089627#115", "WebUrl": "http://www.dfsh.ntpc.edu.tw/", "Lat": 25.021217616954701, "Lng": 121.418495178223, "PassEasyEle": 0.0, "PassEasyParking": 0.0, "PassEasyShower": 0.0, "PassEasyToilet": 0.0, "PassEasyWay": 0.0, "WheelchairAuditorium": 0.0 }, "geometry": { "type": "Point", "coordinates": [ 121.418495178222997, 25.021217616954701 ] } },
{ "type": "Feature", "properties": { "GymType": "球類運動設施/籃球場館", "Name": "時雨高中體育館", "Addr": "祈堂路217號", "OperationTel": "02-24962217", "WebUrl": "http://www.syjh.ntpc.edu.tw", "Lat": 25.109059862325001, "Lng": 121.85686469078099, "PassEasyEle": 0.0, "PassEasyParking": 0.0, "PassEasyShower": 0.0, "PassEasyToilet": 0.0, "PassEasyWay": 0.0, "WheelchairAuditorium": 0.0 }, "geometry": { "type": "Point", "coordinates": [ 121.856864690780995, 25.109059862325001 ] } },
{ "type": "Feature", "properties": { "GymType": "球類運動設施/籃球場館", "Name": "黎明技術學院體育館", "Addr": "新北市泰山區泰林路三段22號", "OperationTel": "02-29097811#1251", "WebUrl": "http://www.lit.edu.tw", "Lat": 25.065870173803699, "Lng": 121.420254707336, "PassEasyEle": 0.0, "PassEasyParking": 0.0, "PassEasyShower": 0.0, "PassEasyToilet": 0.0, "PassEasyWay": 0.0, "WheelchairAuditorium": 0.0 }, "geometry": { "type": "Point", "coordinates": [ 121.420254707335999, 25.065870173803699 ] } },
{ "type": "Feature", "properties": { "GymType": "球類運動設施/籃球場館", "Name": "豫章工商籃球場", "Addr": "新北市板橋區四川路一段391號", "OperationTel": "02-29519810#351", "WebUrl": "http://www.ycvs.ntpc.edu.tw", "Lat": 24.9969881325414, "Lng": 121.458964347839, "PassEasyEle": 0.0, "PassEasyParking": 0.0, "PassEasyShower": 0.0, "PassEasyToilet": 1.0, "PassEasyWay": 0.0, "WheelchairAuditorium": 0.0 }, "geometry": { "type": "Point", "coordinates": [ 121.458964347839, 24.9969881325414 ] } },
{ "type": "Feature", "properties": { "GymType": "球類運動設施/籃球場館", "Name": "東海高中籃球場", "Addr": "新北市三重區忠孝路三段93巷12號", "OperationTel": "02-29822788#203", "WebUrl": "http://www.thhs.ntpc.edu.tw", "Lat": 25.0648759761064, "Lng": 121.478855609894, "PassEasyEle": null, "PassEasyParking": null, "PassEasyShower": null, "PassEasyToilet": null, "PassEasyWay": null, "WheelchairAuditorium": null }, "geometry": { "type": "Point", "coordinates": [ 121.478855609893998, 25.0648759761064 ] } },
{ "type": "Feature", "properties": { "GymType": "球類運動設施/籃球場館", "Name": "國立臺灣藝術大學", "Addr": "新北市板橋區大觀路一段59號", "OperationTel": "02-22722181#2472", "WebUrl": "http://www.ntua.edu.tw", "Lat": 25.005637206935202, "Lng": 121.44877731800101, "PassEasyEle": 0.0, "PassEasyParking": 0.0, "PassEasyShower": 0.0, "PassEasyToilet": 0.0, "PassEasyWay": 0.0, "WheelchairAuditorium": 0.0 }, "geometry": { "type": "Point", "coordinates": [ 121.448777318001007, 25.005637206935202 ] } },
{ "type": "Feature", "properties": { "GymType": "球類運動設施/籃球場館", "Name": "黎明技術學院綜合運動場", "Addr": "新北市泰山區黎專路2之2號", "OperationTel": "02-29097811#1251", "WebUrl": "http://www.lit.edu.tw", "Lat": 25.066319162978601, "Lng": 121.42098426818799, "PassEasyEle": 0.0, "PassEasyParking": 0.0, "PassEasyShower": 0.0, "PassEasyToilet": 0.0, "PassEasyWay": 0.0, "WheelchairAuditorium": 0.0 }, "geometry": { "type": "Point", "coordinates": [ 121.420984268187993, 25.066319162978601 ] } },
{ "type": "Feature", "properties": { "GymType": "球類運動設施/籃球場館", "Name": "鶯歌工商活動中心", "Addr": "新北市鶯歌區中正三路154號", "OperationTel": "02-26775040#823", "WebUrl": "http://www.ykvs.ntpc.edu.tw", "Lat": 24.939438555790201, "Lng": 121.33513212203999, "PassEasyEle": 0.0, "PassEasyParking": 1.0, "PassEasyShower": 0.0, "PassEasyToilet": 1.0, "PassEasyWay": 1.0, "WheelchairAuditorium": 0.0 }, "geometry": { "type": "Point", "coordinates": [ 121.335132122039994, 24.939438555790201 ] } },
{ "type": "Feature", "properties": { "GymType": "球類運動設施/籃球場館", "Name": "格致高級中學田徑場附設籃球場", "Addr": "新北市三重區大智街260號", "OperationTel": "02-29855892", "WebUrl": "http://www.gjsh.ntpc.edu.tw", "Lat": 25.073734057039783, "Lng": 121.48817896842988, "PassEasyEle": null, "PassEasyParking": null, "PassEasyShower": null, "PassEasyToilet": null, "PassEasyWay": null, "WheelchairAuditorium": null }, "geometry": { "type": "Point", "coordinates": [ 121.488178968429878, 25.073734057039783 ] } },
{ "type": "Feature", "properties": { "GymType": "球類運動設施/籃球場館", "Name": "鶯歌工商籃球場", "Addr": "新北市鶯歌區中正三路154號", "OperationTel": "02-26775040#823", "WebUrl": "http://www.ykvs.ntpc.edu.tw", "Lat": 24.9399347039496, "Lng": 121.335217952728, "PassEasyEle": 0.0, "PassEasyParking": 1.0, "PassEasyShower": 0.0, "PassEasyToilet": 0.0, "PassEasyWay": 0.0, "WheelchairAuditorium": 0.0 }, "geometry": { "type": "Point", "coordinates": [ 121.335217952728001, 24.9399347039496 ] } },
{ "type": "Feature", "properties": { "GymType": "陸上/射擊運動設施/田徑場", "Name": "清傳高商操場", "Addr": "新北市三重區五谷王北街141巷1號", "OperationTel": "02-29955535#115", "WebUrl": "http://www.ccvs.ntpc.edu.tw", "Lat": 25.050841676693199, "Lng": 121.47719264030501, "PassEasyEle": 0.0, "PassEasyParking": 0.0, "PassEasyShower": 0.0, "PassEasyToilet": 2.0, "PassEasyWay": 0.0, "WheelchairAuditorium": 20.0 }, "geometry": { "type": "Point", "coordinates": [ 121.477192640305006, 25.050841676693199 ] } },
{ "type": "Feature", "properties": { "GymType": "陸上/射擊運動設施/田徑場", "Name": "徐匯高中田徑場", "Addr": "新北市蘆洲區中山一路1號", "OperationTel": "02-22817565#8204", "WebUrl": "http://www.sish.ntpc.edu.tw", "Lat": 25.079554871627298, "Lng": 121.479306221008, "PassEasyEle": 0.0, "PassEasyParking": 0.0, "PassEasyShower": 0.0, "PassEasyToilet": 0.0, "PassEasyWay": 0.0, "WheelchairAuditorium": 0.0 }, "geometry": { "type": "Point", "coordinates": [ 121.479306221008002, 25.079554871627298 ] } },
{ "type": "Feature", "properties": { "GymType": "球類運動設施/羽球場館", "Name": "臺灣師範大學體育館", "Addr": "新北市林口區仁愛路一段2號", "OperationTel": "02-77148466", "WebUrl": "http://www.ntnu.edu.tw", "Lat": 25.068340567857302, "Lng": 121.403260231018, "PassEasyEle": 0.0, "PassEasyParking": 2.0, "PassEasyShower": 2.0, "PassEasyToilet": 2.0, "PassEasyWay": 1.0, "WheelchairAuditorium": 0.0 }, "geometry": { "type": "Point", "coordinates": [ 121.403260231017995, 25.068340567857302 ] } },
{ "type": "Feature", "properties": { "GymType": "球類運動設施/排球場館", "Name": "鶯歌工商排球場(館)", "Addr": "新北市鶯歌區中正三路154號", "OperationTel": "02-26775040#823", "WebUrl": "http://www.ykvs.ntpc.edu.tw", "Lat": 24.939939568137401, "Lng": 121.33531987667099, "PassEasyEle": 0.0, "PassEasyParking": 1.0, "PassEasyShower": 0.0, "PassEasyToilet": 0.0, "PassEasyWay": 0.0, "WheelchairAuditorium": 0.0 }, "geometry": { "type": "Point", "coordinates": [ 121.335319876670994, 24.939939568137401 ] } },
{ "type": "Feature", "properties": { "GymType": "陸上/射擊運動設施/田徑場", "Name": "田徑場", "Addr": "新北市鶯歌區中正三路154號", "OperationTel": "02-26775040#823", "WebUrl": "http://www.ykvs.ntpc.edu.tw", "Lat": 24.939905518819099, "Lng": 121.33405923843399, "PassEasyEle": 0.0, "PassEasyParking": 0.0, "PassEasyShower": 0.0, "PassEasyToilet": 0.0, "PassEasyWay": 0.0, "WheelchairAuditorium": 0.0 }, "geometry": { "type": "Point", "coordinates": [ 121.334059238433994, 24.939905518819099 ] } },
{ "type": "Feature", "properties": { "GymType": "陸上/射擊運動設施/田徑場", "Name": "臺灣師範大學田徑場(含足球場)", "Addr": "新北市林口區仁愛路一段2號", "OperationTel": "02-77148466", "WebUrl": "http://www.ntnu.edu.tw", "Lat": 25.0690694316263, "Lng": 121.404483318329, "PassEasyEle": 0.0, "PassEasyParking": 0.0, "PassEasyShower": 0.0, "PassEasyToilet": 0.0, "PassEasyWay": 0.0, "WheelchairAuditorium": 0.0 }, "geometry": { "type": "Point", "coordinates": [ 121.404483318329, 25.0690694316263 ] } },
{ "type": "Feature", "properties": { "GymType": "球類運動設施/網球場館", "Name": "臺灣師範大學室外網球場", "Addr": "新北市林口區仁愛路一段2號", "OperationTel": "02-77148466", "WebUrl": "http://www.ntnu.edu.tw", "Lat": 25.069390130310602, "Lng": 121.403024196625, "PassEasyEle": 0.0, "PassEasyParking": 0.0, "PassEasyShower": 0.0, "PassEasyToilet": 0.0, "PassEasyWay": 0.0, "WheelchairAuditorium": 0.0 }, "geometry": { "type": "Point", "coordinates": [ 121.403024196624997, 25.069390130310602 ] } },
{ "type": "Feature", "properties": { "GymType": "舞蹈運動設施/多功能舞蹈運動教室（含舞蹈教室/韻律教室/瑜珈教室等類型空間）", "Name": "崇光女子高級中學舞蹈教室", "Addr": "新北市新店區三民路19號", "OperationTel": "02-29112543#225", "WebUrl": "http://www.ckgsh.ntpc.edu.tw", "Lat": 24.971369153818401, "Lng": 121.539649218321, "PassEasyEle": 0.0, "PassEasyParking": 0.0, "PassEasyShower": 0.0, "PassEasyToilet": 0.0, "PassEasyWay": 0.0, "WheelchairAuditorium": 0.0 }, "geometry": { "type": "Point", "coordinates": [ 121.539649218321003, 24.971369153818401 ] } },
{ "type": "Feature", "properties": { "GymType": "球類運動設施/桌球場館", "Name": "崇光女子高級中學桌球場(館)", "Addr": "新北市新店區三民路18號", "OperationTel": "02-29112543#225", "WebUrl": "http://www.ckgsh.ntpc.edu.tw", "Lat": 24.9715381410794, "Lng": 121.538883447647, "PassEasyEle": 0.0, "PassEasyParking": 0.0, "PassEasyShower": 0.0, "PassEasyToilet": 0.0, "PassEasyWay": 0.0, "WheelchairAuditorium": 0.0 }, "geometry": { "type": "Point", "coordinates": [ 121.538883447646995, 24.9715381410794 ] } },
{ "type": "Feature", "properties": { "GymType": "球類運動設施/籃球場館", "Name": "徐匯高中籃球場", "Addr": "新北市蘆洲區中山一路1號", "OperationTel": "02-22817565#8204", "WebUrl": "http://www.sish.ntpc.edu.tw", "Lat": 25.079890118797302, "Lng": 121.479156017303, "PassEasyEle": 0.0, "PassEasyParking": 0.0, "PassEasyShower": 0.0, "PassEasyToilet": 0.0, "PassEasyWay": 0.0, "WheelchairAuditorium": 0.0 }, "geometry": { "type": "Point", "coordinates": [ 121.479156017302998, 25.079890118797302 ] } },
{ "type": "Feature", "properties": { "GymType": "球類運動設施/籃球場館", "Name": "淡水商工朝陽館", "Addr": "新北市淡水區商工路307號", "OperationTel": "02-26203930#246", "WebUrl": "http://www.tsvs.ntpc.edu.tw", "Lat": 25.187913276155999, "Lng": 121.453342437744, "PassEasyEle": 0.0, "PassEasyParking": 0.0, "PassEasyShower": 0.0, "PassEasyToilet": 0.0, "PassEasyWay": 1.0, "WheelchairAuditorium": 0.0 }, "geometry": { "type": "Point", "coordinates": [ 121.453342437743999, 25.187913276155999 ] } },
{ "type": "Feature", "properties": { "GymType": "球類運動設施/籃球場館", "Name": "雙溪高中活動中心", "Addr": "新北市雙溪區梅竹蹊3號", "OperationTel": "02-24931028#221", "WebUrl": "http://www.sxhs.ntpc.edu.tw", "Lat": 25.036980743097502, "Lng": 121.862035989761, "PassEasyEle": 0.0, "PassEasyParking": 0.0, "PassEasyShower": 0.0, "PassEasyToilet": 0.0, "PassEasyWay": 0.0, "WheelchairAuditorium": 0.0 }, "geometry": { "type": "Point", "coordinates": [ 121.862035989760997, 25.036980743097502 ] } },
{ "type": "Feature", "properties": { "GymType": "球類運動設施/桌球場館", "Name": "華夏科技大學綜合體育館", "Addr": "新北市中和區工專路111號", "OperationTel": "02-89415116", "WebUrl": "http://www.hwh.edu.tw", "Lat": 24.980543975224599, "Lng": 121.507914662361, "PassEasyEle": null, "PassEasyParking": null, "PassEasyShower": null, "PassEasyToilet": null, "PassEasyWay": null, "WheelchairAuditorium": null }, "geometry": { "type": "Point", "coordinates": [ 121.507914662361003, 24.980543975224599 ] } },
{ "type": "Feature", "properties": { "GymType": "球類運動設施/籃球場館", "Name": "室內體育館", "Addr": "新北市石碇區華梵路1號", "OperationTel": "02-26632102#2710", "WebUrl": "http://www.hfu.edu.tw", "Lat": 24.981331711211901, "Lng": 121.691340208054, "PassEasyEle": null, "PassEasyParking": null, "PassEasyShower": null, "PassEasyToilet": null, "PassEasyWay": null, "WheelchairAuditorium": null }, "geometry": { "type": "Point", "coordinates": [ 121.691340208054001, 24.981331711211901 ] } },
{ "type": "Feature", "properties": { "GymType": "球類運動設施/籃球場館", "Name": "行健大樓一樓籃球場", "Addr": "新北市中和區廣福路41號", "OperationTel": "02-22453000#471", "WebUrl": "http://www.nssh.ntpc.edu.tw", "Lat": 25.0020314742214, "Lng": 121.50352120399501, "PassEasyEle": 0.0, "PassEasyParking": 0.0, "PassEasyShower": 0.0, "PassEasyToilet": 0.0, "PassEasyWay": 0.0, "WheelchairAuditorium": 0.0 }, "geometry": { "type": "Point", "coordinates": [ 121.503521203995007, 25.0020314742214 ] } },
{ "type": "Feature", "properties": { "GymType": "球類運動設施/籃球場館", "Name": "丹鳳高中籃球場", "Addr": "新北市新莊區龍安路72號", "OperationTel": "02-29089627", "WebUrl": "http://www.dfsh.ntpc.edu.tw/", "Lat": 25.021052343729099, "Lng": 121.41663372516599, "PassEasyEle": 0.0, "PassEasyParking": 0.0, "PassEasyShower": 0.0, "PassEasyToilet": 0.0, "PassEasyWay": 0.0, "WheelchairAuditorium": 0.0 }, "geometry": { "type": "Point", "coordinates": [ 121.416633725165994, 25.021052343729099 ] } },
{ "type": "Feature", "properties": { "GymType": "球類運動設施/籃球場館", "Name": "中和高中活動中心", "Addr": "新北市中和區連城路460號", "OperationTel": "02-22227146#340", "WebUrl": "http://www.chshs.ntpc.edu.tw", "Lat": 24.994450709093201, "Lng": 121.478162510321, "PassEasyEle": 0.0, "PassEasyParking": 3.0, "PassEasyShower": 0.0, "PassEasyToilet": 2.0, "PassEasyWay": 1.0, "WheelchairAuditorium": 0.0 }, "geometry": { "type": "Point", "coordinates": [ 121.478162510320999, 24.994450709093201 ] } },
{ "type": "Feature", "properties": { "GymType": "球類運動設施/籃球場館", "Name": "中和高中籃球場", "Addr": "新北市中和區連城路460號", "OperationTel": "02-22227146#340", "WebUrl": "http://www.chshs.ntpc.edu.tw", "Lat": 24.995336510948398, "Lng": 121.47742986855, "PassEasyEle": 0.0, "PassEasyParking": 1.0, "PassEasyShower": 0.0, "PassEasyToilet": 0.0, "PassEasyWay": 0.0, "WheelchairAuditorium": 0.0 }, "geometry": { "type": "Point", "coordinates": [ 121.477429868550004, 24.995336510948398 ] } },
{ "type": "Feature", "properties": { "GymType": "陸上/射擊運動設施/田徑場", "Name": "丹鳳高中田徑場", "Addr": "新北市新莊區龍安路72號", "OperationTel": "02-29089627#115", "WebUrl": "http://www.dfsh.ntpc.edu.tw/", "Lat": 25.021052343729099, "Lng": 121.41654253006, "PassEasyEle": 0.0, "PassEasyParking": 0.0, "PassEasyShower": 0.0, "PassEasyToilet": 0.0, "PassEasyWay": 0.0, "WheelchairAuditorium": 0.0 }, "geometry": { "type": "Point", "coordinates": [ 121.416542530059999, 25.021052343729099 ] } },
{ "type": "Feature", "properties": { "GymType": "陸上/射擊運動設施/田徑場", "Name": "宏國德霖科技學院田徑場", "Addr": "新北市土城區青雲路380巷1號", "OperationTel": "02-22733567#605", "WebUrl": "http://www.dlit.edu.tw", "Lat": 24.9722773056513, "Lng": 121.45754277706099, "PassEasyEle": 0.0, "PassEasyParking": 0.0, "PassEasyShower": 0.0, "PassEasyToilet": 0.0, "PassEasyWay": 0.0, "WheelchairAuditorium": 0.0 }, "geometry": { "type": "Point", "coordinates": [ 121.457542777060993, 24.9722773056513 ] } },
{ "type": "Feature", "properties": { "GymType": "技擊運動設施/跆拳道場", "Name": "丹鳳高中跆拳道場/館", "Addr": "新北市新莊區龍安路72號", "OperationTel": "02-29089627#115", "WebUrl": "http://www.dfsh.ntpc.edu.tw/", "Lat": 25.020925958170999, "Lng": 121.416928768158, "PassEasyEle": 0.0, "PassEasyParking": 0.0, "PassEasyShower": 0.0, "PassEasyToilet": 0.0, "PassEasyWay": 0.0, "WheelchairAuditorium": 0.0 }, "geometry": { "type": "Point", "coordinates": [ 121.416928768158002, 25.020925958170999 ] } },
{ "type": "Feature", "properties": { "GymType": "球類運動設施/籃球場館", "Name": "丹鳳高中半場籃球場", "Addr": "新北市新莊區龍安路72號", "OperationTel": "02-29089627#115", "WebUrl": "http://www.dfsh.ntpc.edu.tw/", "Lat": 25.021052343729099, "Lng": 121.416660547256, "PassEasyEle": 0.0, "PassEasyParking": 0.0, "PassEasyShower": 0.0, "PassEasyToilet": 0.0, "PassEasyWay": 0.0, "WheelchairAuditorium": 0.0 }, "geometry": { "type": "Point", "coordinates": [ 121.416660547256001, 25.021052343729099 ] } },
{ "type": "Feature", "properties": { "GymType": "球類運動設施/網球場館", "Name": "宏國德霖科技學院網球場(館)", "Addr": "新北市土城區青雲路380巷1號", "OperationTel": "02-22733567#605", "WebUrl": "http://www.dlit.edu.tw", "Lat": 24.9722870314713, "Lng": 121.45753741264301, "PassEasyEle": 0.0, "PassEasyParking": 0.0, "PassEasyShower": 0.0, "PassEasyToilet": 0.0, "PassEasyWay": 0.0, "WheelchairAuditorium": 0.0 }, "geometry": { "type": "Point", "coordinates": [ 121.457537412643006, 24.9722870314713 ] } },
{ "type": "Feature", "properties": { "GymType": "水上/冰上運動設施/游泳池", "Name": "中和高中游泳池(館)", "Addr": "新北市中和區連城路460號", "OperationTel": "02-22227146#340", "WebUrl": "http://www.chshs.ntpc.edu.tw", "Lat": 24.995451752109101, "Lng": 121.47768616676299, "PassEasyEle": null, "PassEasyParking": null, "PassEasyShower": null, "PassEasyToilet": null, "PassEasyWay": null, "WheelchairAuditorium": null }, "geometry": { "type": "Point", "coordinates": [ 121.477686166762993, 24.995451752109101 ] } },
{ "type": "Feature", "properties": { "GymType": "球類運動設施/排球場館", "Name": "華僑高級中學排球場(館)", "Addr": "新北市板橋區大觀路一段32號", "OperationTel": "02-29684131#341", "WebUrl": "http://www.nocsh.ntpc.edu.tw", "Lat": 25.005463526480799, "Lng": 121.44580006599401, "PassEasyEle": 2.0, "PassEasyParking": 1.0, "PassEasyShower": 0.0, "PassEasyToilet": 1.0, "PassEasyWay": 2.0, "WheelchairAuditorium": 0.0 }, "geometry": { "type": "Point", "coordinates": [ 121.445800065994007, 25.005463526480799 ] } },
{ "type": "Feature", "properties": { "GymType": "球類運動設施/排球場館", "Name": "華僑高級中學體育館", "Addr": "新北市板橋區大觀路一段32號", "OperationTel": "02-29684131#341", "WebUrl": "http://www.nocsh.ntpc.edu.tw", "Lat": 25.006128469713399, "Lng": 121.44608438015, "PassEasyEle": 0.0, "PassEasyParking": 1.0, "PassEasyShower": 0.0, "PassEasyToilet": 1.0, "PassEasyWay": 1.0, "WheelchairAuditorium": 0.0 }, "geometry": { "type": "Point", "coordinates": [ 121.446084380149998, 25.006128469713399 ] } },
{ "type": "Feature", "properties": { "GymType": "球類運動設施/籃球場館", "Name": "華僑高級中學籃球場", "Addr": "新北市板橋區大觀路一段32號", "OperationTel": "02-29684131#341", "WebUrl": "http://www.nocsh.ntpc.edu.tw", "Lat": 25.005292276601701, "Lng": 121.44581079483, "PassEasyEle": 0.0, "PassEasyParking": 1.0, "PassEasyShower": 0.0, "PassEasyToilet": 0.0, "PassEasyWay": 0.0, "WheelchairAuditorium": 0.0 }, "geometry": { "type": "Point", "coordinates": [ 121.445810794829995, 25.005292276601701 ] } },
{ "type": "Feature", "properties": { "GymType": "水上/冰上運動設施/游泳池", "Name": "華僑高級中學游泳池(館)", "Addr": "新北市板橋區大觀路一段32號", "OperationTel": "02-29684131#341", "WebUrl": "http://www.nocsh.ntpc.edu.tw", "Lat": 25.005124551135101, "Lng": 121.44701242446899, "PassEasyEle": 0.0, "PassEasyParking": 0.0, "PassEasyShower": 0.0, "PassEasyToilet": 0.0, "PassEasyWay": 1.0, "WheelchairAuditorium": 0.0 }, "geometry": { "type": "Point", "coordinates": [ 121.447012424468994, 25.005124551135101 ] } },
{ "type": "Feature", "properties": { "GymType": "陸上/射擊運動設施/田徑場", "Name": "華僑高級中學田徑場", "Addr": "新北市板橋區大觀路一段32號", "OperationTel": "02-29684131#341", "WebUrl": "http://www.nocsh.ntpc.edu.tw", "Lat": 25.005914560370901, "Lng": 121.44695341587099, "PassEasyEle": 0.0, "PassEasyParking": 0.0, "PassEasyShower": 0.0, "PassEasyToilet": 0.0, "PassEasyWay": 0.0, "WheelchairAuditorium": 0.0 }, "geometry": { "type": "Point", "coordinates": [ 121.446953415870993, 25.005914560370901 ] } },
{ "type": "Feature", "properties": { "GymType": "球類運動設施/網球場館", "Name": "華僑高級中學網球場(館)", "Addr": "新北市板橋區大觀路一段32號", "OperationTel": "02-29684131#341", "WebUrl": "http://www.nocsh.ntpc.edu.tw", "Lat": 25.006954934018999, "Lng": 121.44625067710901, "PassEasyEle": 0.0, "PassEasyParking": 0.0, "PassEasyShower": 0.0, "PassEasyToilet": 0.0, "PassEasyWay": 0.0, "WheelchairAuditorium": 1.0 }, "geometry": { "type": "Point", "coordinates": [ 121.446250677109006, 25.006954934018999 ] } },
{ "type": "Feature", "properties": { "GymType": "球類運動設施/棒、壘球打擊練習場", "Name": "鶯歌工商棒球打擊練習場", "Addr": "新北市鶯歌區中正三路154號", "OperationTel": "02-26775040#823", "WebUrl": "http://www.ykvs.ntpc.edu.tw", "Lat": 24.940518405108701, "Lng": 121.33493900299101, "PassEasyEle": 0.0, "PassEasyParking": 1.0, "PassEasyShower": 0.0, "PassEasyToilet": 0.0, "PassEasyWay": 0.0, "WheelchairAuditorium": 0.0 }, "geometry": { "type": "Point", "coordinates": [ 121.334939002991007, 24.940518405108701 ] } },
{ "type": "Feature", "properties": { "GymType": "陸上/射擊運動設施/田徑場", "Name": "瑞芳高工田徑場 ", "Addr": "新北市瑞芳區瑞芳街60號", "OperationTel": "02-24972516#206", "WebUrl": "http://www.jfvs.ntpc.edu.tw", "Lat": 25.111027661107901, "Lng": 121.804108321667, "PassEasyEle": null, "PassEasyParking": null, "PassEasyShower": null, "PassEasyToilet": null, "PassEasyWay": null, "WheelchairAuditorium": null }, "geometry": { "type": "Point", "coordinates": [ 121.804108321667002, 25.111027661107901 ] } },
{ "type": "Feature", "properties": { "GymType": "陸上/射擊運動設施/田徑場", "Name": "田徑場", "Addr": "新北市新店區安興路1號", "OperationTel": "02-22112581#245", "WebUrl": "http://www.cjsh.ntpc.edu.tw", "Lat": 24.9670431102988, "Lng": 121.51424578692399, "PassEasyEle": 0.0, "PassEasyParking": 0.0, "PassEasyShower": 0.0, "PassEasyToilet": 1.0, "PassEasyWay": 0.0, "WheelchairAuditorium": 0.0 }, "geometry": { "type": "Point", "coordinates": [ 121.514245786923993, 24.9670431102988 ] } },
{ "type": "Feature", "properties": { "GymType": "球類運動設施/籃球場館", "Name": "竹圍高中活動中心", "Addr": "新北市淡水區竹林路 35 號", "OperationTel": "02-28091557", "WebUrl": "http://www.zwhs.ntpc.edu.tw/", "Lat": 25.1464306329949, "Lng": 121.461512446404, "PassEasyEle": 1.0, "PassEasyParking": 0.0, "PassEasyShower": 1.0, "PassEasyToilet": 2.0, "PassEasyWay": 1.0, "WheelchairAuditorium": 0.0 }, "geometry": { "type": "Point", "coordinates": [ 121.461512446404001, 25.1464306329949 ] } },
{ "type": "Feature", "properties": { "GymType": "陸上/射擊運動設施/環形或直線慢跑場（非田徑場）", "Name": "金山高中環形/直線慢跑道(非田徑場型)", "Addr": "新北市金山區美田里文化二路2號", "OperationTel": "02-24982028#410", "WebUrl": "http://www.cshs.ntpc.edu.tw", "Lat": 25.224771647948799, "Lng": 121.637470722198, "PassEasyEle": 1.0, "PassEasyParking": 1.0, "PassEasyShower": 1.0, "PassEasyToilet": 1.0, "PassEasyWay": 1.0, "WheelchairAuditorium": 0.0 }, "geometry": { "type": "Point", "coordinates": [ 121.637470722198003, 25.224771647948799 ] } },
{ "type": "Feature", "properties": { "GymType": "陸上/射擊運動設施/環形或直線慢跑場（非田徑場）", "Name": "雲海國小環形/直線慢跑道(非田徑場型)", "Addr": "新北市石碇區北宜路五段坑內巷1號", "OperationTel": "02-26651715", "WebUrl": "http://www.whies.ntpc.edu.tw", "Lat": 24.9529749013291, "Lng": 121.636510491371, "PassEasyEle": 0.0, "PassEasyParking": 0.0, "PassEasyShower": 0.0, "PassEasyToilet": 1.0, "PassEasyWay": 0.0, "WheelchairAuditorium": 0.0 }, "geometry": { "type": "Point", "coordinates": [ 121.636510491370998, 24.9529749013291 ] } },
{ "type": "Feature", "properties": { "GymType": "陸上/射擊運動設施/田徑場", "Name": "武林國小運動場", "Addr": "新北市樹林區保安街二段151號", "OperationTel": "02-26812475#831", "WebUrl": "http://www.wles.ntpc.edu.tw", "Lat": 25.001898586756202, "Lng": 121.414707899094, "PassEasyEle": 0.0, "PassEasyParking": 0.0, "PassEasyShower": 0.0, "PassEasyToilet": 0.0, "PassEasyWay": 0.0, "WheelchairAuditorium": 0.0 }, "geometry": { "type": "Point", "coordinates": [ 121.414707899093997, 25.001898586756202 ] } },
{ "type": "Feature", "properties": { "GymType": "陸上/射擊運動設施/田徑場", "Name": "中角國小田徑場", "Addr": "新北市金山區海興路49號", "OperationTel": "02-24982413#16", "WebUrl": "http://www.jjps.ntpc.edu.tw", "Lat": 25.239583644137301, "Lng": 121.630518436432, "PassEasyEle": 0.0, "PassEasyParking": 0.0, "PassEasyShower": 0.0, "PassEasyToilet": 0.0, "PassEasyWay": 0.0, "WheelchairAuditorium": 0.0 }, "geometry": { "type": "Point", "coordinates": [ 121.630518436431998, 25.239583644137301 ] } },
{ "type": "Feature", "properties": { "GymType": "陸上/射擊運動設施/田徑場", "Name": "淡水商工田徑場", "Addr": "新北市淡水區商工路307號", "OperationTel": "02-26203930#246", "WebUrl": "http://www.tsvs.ntpc.edu.tw", "Lat": 25.1878550239148, "Lng": 121.45355701446501, "PassEasyEle": 0.0, "PassEasyParking": 0.0, "PassEasyShower": 0.0, "PassEasyToilet": 0.0, "PassEasyWay": 0.0, "WheelchairAuditorium": 0.0 }, "geometry": { "type": "Point", "coordinates": [ 121.453557014465005, 25.1878550239148 ] } },
{ "type": "Feature", "properties": { "GymType": "球類運動設施/籃球場館", "Name": "中角國小籃球場", "Addr": "新北市金山區海興路49號", "OperationTel": "02-24982413#16", "WebUrl": "http://www.jjps.ntpc.edu.tw", "Lat": 25.2401829410761, "Lng": 121.63124263286601, "PassEasyEle": 0.0, "PassEasyParking": 0.0, "PassEasyShower": 0.0, "PassEasyToilet": 0.0, "PassEasyWay": 0.0, "WheelchairAuditorium": 0.0 }, "geometry": { "type": "Point", "coordinates": [ 121.631242632866005, 25.2401829410761 ] } },
{ "type": "Feature", "properties": { "GymType": "球類運動設施/籃球場館", "Name": "達觀國中(小)運動場", "Addr": "新北市新店區僑信路1號", "OperationTel": "02-22159013#134", "WebUrl": "http://www.dgejh.ntpc.edu.tw", "Lat": 24.953145129763101, "Lng": 121.497802734375, "PassEasyEle": 1.0, "PassEasyParking": 1.0, "PassEasyShower": 0.0, "PassEasyToilet": 12.0, "PassEasyWay": 1.0, "WheelchairAuditorium": 0.0 }, "geometry": { "type": "Point", "coordinates": [ 121.497802734375, 24.953145129763101 ] } },
{ "type": "Feature", "properties": { "GymType": "球類運動設施/羽球場館", "Name": "文德國小活動中心", "Addr": "新北市板橋區新翠里英士路179號", "OperationTel": "02-22577193#63", "WebUrl": "http://www.wdps.ntpc.edu.tw", "Lat": 25.0228892539869, "Lng": 121.459264755249, "PassEasyEle": 1.0, "PassEasyParking": 0.0, "PassEasyShower": 0.0, "PassEasyToilet": 0.0, "PassEasyWay": 1.0, "WheelchairAuditorium": 0.0 }, "geometry": { "type": "Point", "coordinates": [ 121.459264755248995, 25.0228892539869 ] } },
{ "type": "Feature", "properties": { "GymType": "球類運動設施/籃球場館", "Name": "育林國小籃球場", "Addr": "新北市樹林區復興路395號", "OperationTel": "02-26832112#204", "WebUrl": "http://www.yles.ntpc.edu.tw", "Lat": 24.985780866030201, "Lng": 121.41654253006, "PassEasyEle": 1.0, "PassEasyParking": 1.0, "PassEasyShower": 0.0, "PassEasyToilet": 1.0, "PassEasyWay": 1.0, "WheelchairAuditorium": 0.0 }, "geometry": { "type": "Point", "coordinates": [ 121.416542530059999, 24.985780866030201 ] } },
{ "type": "Feature", "properties": { "GymType": "陸上/射擊運動設施/田徑場", "Name": "田徑場", "Addr": "新北市中和區興南路一段135巷24號", "OperationTel": "02-29422349#832", "WebUrl": "http://www.hnps.ntpc.edu.tw", "Lat": 24.986301139194801, "Lng": 121.509733200073, "PassEasyEle": 0.0, "PassEasyParking": 0.0, "PassEasyShower": 0.0, "PassEasyToilet": 0.0, "PassEasyWay": 0.0, "WheelchairAuditorium": 0.0 }, "geometry": { "type": "Point", "coordinates": [ 121.509733200073001, 24.986301139194801 ] } },
{ "type": "Feature", "properties": { "GymType": "水上/冰上運動設施/游泳池", "Name": "景新國小活動中心", "Addr": "新北市中和區景新街467巷37號", "OperationTel": "02-29448021", "WebUrl": "http://www.jsps.ntpc.edu.tw", "Lat": 24.989465276472199, "Lng": 121.515756100416, "PassEasyEle": 1.0, "PassEasyParking": 0.0, "PassEasyShower": 0.0, "PassEasyToilet": 0.0, "PassEasyWay": 0.0, "WheelchairAuditorium": 0.0 }, "geometry": { "type": "Point", "coordinates": [ 121.515756100415999, 24.989465276472199 ] } },
{ "type": "Feature", "properties": { "GymType": "陸上/射擊運動設施/田徑場", "Name": "田徑場", "Addr": "新北市土城區延和路23號", "OperationTel": "02-22603451#124", "WebUrl": "http://www.anhoes.ntpc.edu.tw", "Lat": 24.988951094511702, "Lng": 121.464972496033, "PassEasyEle": 3.0, "PassEasyParking": 1.0, "PassEasyShower": 0.0, "PassEasyToilet": 2.0, "PassEasyWay": 6.0, "WheelchairAuditorium": 0.0 }, "geometry": { "type": "Point", "coordinates": [ 121.464972496032999, 24.988951094511702 ] } },
{ "type": "Feature", "properties": { "GymType": "陸上/射擊運動設施/田徑場", "Name": "五寮國小操場", "Addr": "新北市三峽區五寮里69號", "OperationTel": "02-26720298#25", "WebUrl": "http://www.wres.ntpc.edu.tw", "Lat": 24.8584423749057, "Lng": 121.360087394714, "PassEasyEle": 0.0, "PassEasyParking": 0.0, "PassEasyShower": 1.0, "PassEasyToilet": 1.0, "PassEasyWay": 0.0, "WheelchairAuditorium": 0.0 }, "geometry": { "type": "Point", "coordinates": [ 121.360087394714, 24.8584423749057 ] } },
{ "type": "Feature", "properties": { "GymType": "球類運動設施/羽球場館", "Name": "醒吾科技大學體育中心", "Addr": "新北市林口區粉寮路一段101號", "OperationTel": "0935518174", "WebUrl": "http://www.hwu.edu.tw", "Lat": 25.080826230990901, "Lng": 121.39527706513, "PassEasyEle": 0.0, "PassEasyParking": 0.0, "PassEasyShower": 0.0, "PassEasyToilet": 0.0, "PassEasyWay": 0.0, "WheelchairAuditorium": 0.0 }, "geometry": { "type": "Point", "coordinates": [ 121.395277065130003, 25.080826230990901 ] } },
{ "type": "Feature", "properties": { "GymType": "球類運動設施/籃球場館", "Name": "新莊體育館", "Addr": "新北市新莊區中華路一段75號", "OperationTel": "02-29981382#525", "WebUrl": "http://www.t-sports.ntpc.gov.tw", "Lat": 25.040426682524998, "Lng": 121.452033519745, "PassEasyEle": 3.0, "PassEasyParking": 18.0, "PassEasyShower": 0.0, "PassEasyToilet": 4.0, "PassEasyWay": 2.0, "WheelchairAuditorium": 12.0 }, "geometry": { "type": "Point", "coordinates": [ 121.452033519745001, 25.040426682524998 ] } },
{ "type": "Feature", "properties": { "GymType": "陸上/射擊運動設施/田徑場", "Name": "板橋第一運動場", "Addr": "新北市板橋區漢生東路278號", "OperationTel": "02-29620462#202", "WebUrl": "http://www.t-sports.ntpc.gov.tw", "Lat": 25.010143818891098, "Lng": 121.468486189842, "PassEasyEle": 0.0, "PassEasyParking": 2.0, "PassEasyShower": 0.0, "PassEasyToilet": 2.0, "PassEasyWay": 2.0, "WheelchairAuditorium": 0.0 }, "geometry": { "type": "Point", "coordinates": [ 121.468486189841997, 25.010143818891098 ] } },
{ "type": "Feature", "properties": { "GymType": "球類運動設施/棒球場", "Name": "新莊棒球場", "Addr": "新北市新莊區和興街66號", "OperationTel": "02-29620462#110", "WebUrl": "http://www.t-sports.ntpc.gov.tw", "Lat": 25.040659972527401, "Lng": 121.447221636772, "PassEasyEle": 1.0, "PassEasyParking": 0.0, "PassEasyShower": 0.0, "PassEasyToilet": 4.0, "PassEasyWay": 2.0, "WheelchairAuditorium": 26.0 }, "geometry": { "type": "Point", "coordinates": [ 121.447221636771999, 25.040659972527401 ] } },
{ "type": "Feature", "properties": { "GymType": "陸上/射擊運動設施/田徑場", "Name": "新莊田徑場", "Addr": "新北市新莊區和興街66號", "OperationTel": "02-29981382#525", "WebUrl": "http://www.t-sports.ntpc.gov.tw", "Lat": 25.042273549560999, "Lng": 121.45128250122001, "PassEasyEle": 0.0, "PassEasyParking": 18.0, "PassEasyShower": 0.0, "PassEasyToilet": 5.0, "PassEasyWay": 0.0, "WheelchairAuditorium": 0.0 }, "geometry": { "type": "Point", "coordinates": [ 121.451282501220007, 25.042273549560999 ] } },
{ "type": "Feature", "properties": { "GymType": "球類運動設施/網球場館", "Name": "新莊網球場", "Addr": "新莊區和興街66號", "OperationTel": "02-29981382#525", "WebUrl": "https://www.t-sports.ntpc.gov.tw/", "Lat": 25.040849520327502, "Lng": 121.450214982033, "PassEasyEle": 0.0, "PassEasyParking": 18.0, "PassEasyShower": 0.0, "PassEasyToilet": 2.0, "PassEasyWay": 1.0, "WheelchairAuditorium": 0.0 }, "geometry": { "type": "Point", "coordinates": [ 121.450214982033003, 25.040849520327502 ] } },
{ "type": "Feature", "properties": { "GymType": "冒險性運動設施/極限運動場", "Name": "樹林體育園區極限運動場", "Addr": "新北市樹林區水源街81號", "OperationTel": "02-86865082", "WebUrl": "http://www.t-sports.ntpc.gov.tw", "Lat": 24.981234721641101, "Lng": 121.42674775681699, "PassEasyEle": 0.0, "PassEasyParking": 0.0, "PassEasyShower": 0.0, "PassEasyToilet": 0.0, "PassEasyWay": 0.0, "WheelchairAuditorium": 0.0 }, "geometry": { "type": "Point", "coordinates": [ 121.426747756816994, 24.981234721641101 ] } },
{ "type": "Feature", "properties": { "GymType": "球類運動設施/網球場館", "Name": "樹林體育園區網球場", "Addr": "新北市樹林區水源街81號", "OperationTel": "02-29620462#101", "WebUrl": "http://www.t-sports.ntpc.gov.tw", "Lat": 24.9822032448836, "Lng": 121.42680577549601, "PassEasyEle": 0.0, "PassEasyParking": 0.0, "PassEasyShower": 0.0, "PassEasyToilet": 1.0, "PassEasyWay": 0.0, "WheelchairAuditorium": 0.0 }, "geometry": { "type": "Point", "coordinates": [ 121.426805775496007, 24.9822032448836 ] } },
{ "type": "Feature", "properties": { "GymType": "球類運動設施/槌球場", "Name": "樹林體育園區木(槌)球場", "Addr": "新北市樹林區水源街81號", "OperationTel": "02-86755082", "WebUrl": "http://www.t-sports.ntpc.gov.tw", "Lat": 24.980708913933899, "Lng": 121.42616979635, "PassEasyEle": 0.0, "PassEasyParking": 0.0, "PassEasyShower": 0.0, "PassEasyToilet": 0.0, "PassEasyWay": 0.0, "WheelchairAuditorium": 0.0 }, "geometry": { "type": "Point", "coordinates": [ 121.426169796349996, 24.980708913933899 ] } },
{ "type": "Feature", "properties": { "GymType": "陸上/射擊運動設施/環形或直線慢跑場（非田徑場）", "Name": "深坑國中環形/直線慢跑道(非田徑場型)", "Addr": "新北市深坑區文化街41號", "OperationTel": "02-26621455", "WebUrl": "http://www.skjh.ntpc.edu.tw", "Lat": 25.001561303170501, "Lng": 121.61855041980699, "PassEasyEle": 0.0, "PassEasyParking": 0.0, "PassEasyShower": 0.0, "PassEasyToilet": 0.0, "PassEasyWay": 0.0, "WheelchairAuditorium": 0.0 }, "geometry": { "type": "Point", "coordinates": [ 121.618550419806994, 25.001561303170501 ] } },
{ "type": "Feature", "properties": { "GymType": "球類運動設施/籃球場館", "Name": "水源國小綜合球場(籃球場、躲避球場)", "Addr": "新北市淡水區水源里北新路二段15號", "OperationTel": "02-26211347#15", "WebUrl": "http://www.hyes.ntpc.edu.tw", "Lat": 25.186214241012401, "Lng": 121.476055383682, "PassEasyEle": 0.0, "PassEasyParking": 0.0, "PassEasyShower": 0.0, "PassEasyToilet": 0.0, "PassEasyWay": 0.0, "WheelchairAuditorium": 0.0 }, "geometry": { "type": "Point", "coordinates": [ 121.476055383681995, 25.186214241012401 ] } },
{ "type": "Feature", "properties": { "GymType": "陸上/射擊運動設施/田徑場", "Name": "仁愛國小田徑場", "Addr": "新北市蘆洲區民族路488號", "OperationTel": "02-22838815#823", "WebUrl": "http://www.jaes.ntpc.edu.tw", "Lat": 25.0920944340936, "Lng": 121.47056221962001, "PassEasyEle": 0.0, "PassEasyParking": 0.0, "PassEasyShower": 0.0, "PassEasyToilet": 0.0, "PassEasyWay": 0.0, "WheelchairAuditorium": 0.0 }, "geometry": { "type": "Point", "coordinates": [ 121.470562219620007, 25.0920944340936 ] } },
{ "type": "Feature", "properties": { "GymType": "球類運動設施/躲避球場", "Name": "三多國小躲避球場", "Addr": "新北市樹林區三福街52號", "OperationTel": "02-26880698#133", "WebUrl": "http://www.sdes.ntpc.edu.tw", "Lat": 25.016696827937999, "Lng": 121.406897306442, "PassEasyEle": 0.0, "PassEasyParking": 0.0, "PassEasyShower": 0.0, "PassEasyToilet": 0.0, "PassEasyWay": 0.0, "WheelchairAuditorium": 0.0 }, "geometry": { "type": "Point", "coordinates": [ 121.406897306442005, 25.016696827937999 ] } },
{ "type": "Feature", "properties": { "GymType": "球類運動設施/籃球場館", "Name": "福連國小籃球場", "Addr": "新北市貢寮區福連里福連街1號", "OperationTel": "02-24991194", "WebUrl": "http://www.fulps.ntpc.edu.tw", "Lat": 25.016619049466001, "Lng": 121.988732814789, "PassEasyEle": 0.0, "PassEasyParking": 0.0, "PassEasyShower": 0.0, "PassEasyToilet": 1.0, "PassEasyWay": 1.0, "WheelchairAuditorium": 0.0 }, "geometry": { "type": "Point", "coordinates": [ 121.988732814789003, 25.016619049466001 ] } },
{ "type": "Feature", "properties": { "GymType": "球類運動設施/羽球場館", "Name": "北新國小體育館", "Addr": "新北市新店區寶橋路8號", "OperationTel": "02-29189300#625", "WebUrl": "http://www.tspes.ntpc.edu.tw", "Lat": 24.973648638686299, "Lng": 121.544151306152, "PassEasyEle": 1.0, "PassEasyParking": 2.0, "PassEasyShower": 0.0, "PassEasyToilet": 2.0, "PassEasyWay": 1.0, "WheelchairAuditorium": 0.0 }, "geometry": { "type": "Point", "coordinates": [ 121.544151306152003, 24.973648638686299 ] } },
{ "type": "Feature", "properties": { "GymType": "陸上/射擊運動設施/田徑場", "Name": "八里國小田徑場", "Addr": "新北市八里區舊城里中山路二段338號", "OperationTel": "02-26102217", "WebUrl": "http://www.ples.ntpc.edu.tw", "Lat": 25.1498298368756, "Lng": 121.402849853039, "PassEasyEle": 0.0, "PassEasyParking": 0.0, "PassEasyShower": 0.0, "PassEasyToilet": 0.0, "PassEasyWay": 0.0, "WheelchairAuditorium": 0.0 }, "geometry": { "type": "Point", "coordinates": [ 121.402849853039001, 25.1498298368756 ] } },
{ "type": "Feature", "properties": { "GymType": "球類運動設施/籃球場館", "Name": "樹林體育園區籃球場", "Addr": "新北市樹林區水源街81號", "OperationTel": "02-86755082", "WebUrl": "http://www.t-sports.ntpc.gov.tw", "Lat": 24.9815827158791, "Lng": 121.426689917098, "PassEasyEle": 0.0, "PassEasyParking": 0.0, "PassEasyShower": 0.0, "PassEasyToilet": 0.0, "PassEasyWay": 0.0, "WheelchairAuditorium": 0.0 }, "geometry": { "type": "Point", "coordinates": [ 121.426689917098003, 24.9815827158791 ] } },
{ "type": "Feature", "properties": { "GymType": "陸上/射擊運動設施/田徑場", "Name": "板橋第二運動場", "Addr": "新北市板橋區民權路117號", "OperationTel": "02-29620462#202", "WebUrl": "http://www.t-sports.ntpc.gov.tw", "Lat": 25.014387758569399, "Lng": 121.458148956299, "PassEasyEle": 0.0, "PassEasyParking": 0.0, "PassEasyShower": 0.0, "PassEasyToilet": 1.0, "PassEasyWay": 1.0, "WheelchairAuditorium": 0.0 }, "geometry": { "type": "Point", "coordinates": [ 121.458148956298999, 25.014387758569399 ] } },
{ "type": "Feature", "properties": { "GymType": "球類運動設施/籃球場館", "Name": "板橋體育館", "Addr": "新北市板橋區中正路8號", "OperationTel": "02-29620462#202", "WebUrl": "http://www.t-sports.ntpc.gov.tw", "Lat": 25.013323141435102, "Lng": 121.45686149597201, "PassEasyEle": 1.0, "PassEasyParking": 1.0, "PassEasyShower": 0.0, "PassEasyToilet": 1.0, "PassEasyWay": 1.0, "WheelchairAuditorium": 0.0 }, "geometry": { "type": "Point", "coordinates": [ 121.456861495972007, 25.013323141435102 ] } },
{ "type": "Feature", "properties": { "GymType": "球類運動設施/籃球場館", "Name": "醒吾高中風雨操場", "Addr": "新北市林口區粉寮路一段75巷80號", "OperationTel": "02-26012644#1102", "WebUrl": "http://www.swsh.ntpc.edu.tw", "Lat": 25.080815347601401, "Lng": 121.39535307884201, "PassEasyEle": 0.0, "PassEasyParking": 0.0, "PassEasyShower": 0.0, "PassEasyToilet": 0.0, "PassEasyWay": 0.0, "WheelchairAuditorium": 0.0 }, "geometry": { "type": "Point", "coordinates": [ 121.395353078842007, 25.080815347601401 ] } },
{ "type": "Feature", "properties": { "GymType": "球類運動設施/籃球場館", "Name": "淡水區運動公園-籃球場", "Addr": "新北市淡水區竿蓁一街與中正東路一段3巷口", "OperationTel": "02-26221020#7511", "WebUrl": "https://www.tamsui.ntpc.gov.tw/", "Lat": 25.166678489354901, "Lng": 121.45205497741701, "PassEasyEle": 0.0, "PassEasyParking": 0.0, "PassEasyShower": 0.0, "PassEasyToilet": 0.0, "PassEasyWay": 1.0, "WheelchairAuditorium": 0.0 }, "geometry": { "type": "Point", "coordinates": [ 121.452054977417006, 25.166678489354901 ] } },
{ "type": "Feature", "properties": { "GymType": "球類運動設施/羽球場館", "Name": "泰山國中活動中心", "Addr": "新北市泰山區泰林路二段498號", "OperationTel": "02-22962519#152", "WebUrl": "http://www.ttcjh.ntpc.edu.tw", "Lat": 25.0651200313511, "Lng": 121.42598149173899, "PassEasyEle": 0.0, "PassEasyParking": 1.0, "PassEasyShower": 0.0, "PassEasyToilet": 3.0, "PassEasyWay": 1.0, "WheelchairAuditorium": 0.0 }, "geometry": { "type": "Point", "coordinates": [ 121.425981491738995, 25.0651200313511 ] } },
{ "type": "Feature", "properties": { "GymType": "陸上/射擊運動設施/田徑場", "Name": "泰山體育園區", "Addr": "新北市泰山區公園路54號", "OperationTel": "02-29620462#213", "WebUrl": "https://www.t-sports.ntpc.gov.tw/", "Lat": 25.055599328754901, "Lng": 121.426327228546, "PassEasyEle": 0.0, "PassEasyParking": 0.0, "PassEasyShower": 0.0, "PassEasyToilet": 0.0, "PassEasyWay": 0.0, "WheelchairAuditorium": 0.0 }, "geometry": { "type": "Point", "coordinates": [ 121.426327228546, 25.055599328754901 ] } },
{ "type": "Feature", "properties": { "GymType": "陸上/射擊運動設施/田徑場", "Name": "田徑場", "Addr": "新北市淡水區中山路160號", "OperationTel": "02-26212755#133", "WebUrl": "http://www.tsps.ntpc.edu.tw", "Lat": 25.173130876867301, "Lng": 121.44149780273401, "PassEasyEle": 0.0, "PassEasyParking": 1.0, "PassEasyShower": 0.0, "PassEasyToilet": 0.0, "PassEasyWay": 0.0, "WheelchairAuditorium": 0.0 }, "geometry": { "type": "Point", "coordinates": [ 121.441497802734006, 25.173130876867301 ] } },
{ "type": "Feature", "properties": { "GymType": "陸上/射擊運動設施/田徑場", "Name": "新興國小田徑場", "Addr": "新北市淡水區新興街123號", "OperationTel": "02-26203646#823", "WebUrl": "http://www.shes.ntpc.edu.tw", "Lat": 25.1800441170064, "Lng": 121.439464688301, "PassEasyEle": 0.0, "PassEasyParking": 0.0, "PassEasyShower": 0.0, "PassEasyToilet": 0.0, "PassEasyWay": 0.0, "WheelchairAuditorium": 0.0 }, "geometry": { "type": "Point", "coordinates": [ 121.439464688301001, 25.1800441170064 ] } },
{ "type": "Feature", "properties": { "GymType": "球類運動設施/籃球場館", "Name": "文山國中綜合大樓體育館", "Addr": "新北市新店區文中路38號", "OperationTel": "02-29134300#639", "WebUrl": "http://www.wsjh.ntpc.edu.tw", "Lat": 24.955790935737401, "Lng": 121.539409160614, "PassEasyEle": 1.0, "PassEasyParking": 0.0, "PassEasyShower": 0.0, "PassEasyToilet": 0.0, "PassEasyWay": 1.0, "WheelchairAuditorium": 0.0 }, "geometry": { "type": "Point", "coordinates": [ 121.539409160613999, 24.955790935737401 ] } },
{ "type": "Feature", "properties": { "GymType": "陸上/射擊運動設施/田徑場", "Name": "文聖國小田徑場", "Addr": "新北市板橋區文聖街86號", "OperationTel": "02-22530782", "WebUrl": "http://www.wses.ntpc.edu.tw", "Lat": 25.029082420825102, "Lng": 121.4770424366, "PassEasyEle": 0.0, "PassEasyParking": 0.0, "PassEasyShower": 0.0, "PassEasyToilet": 0.0, "PassEasyWay": 0.0, "WheelchairAuditorium": 0.0 }, "geometry": { "type": "Point", "coordinates": [ 121.477042436600001, 25.029082420825102 ] } },
{ "type": "Feature", "properties": { "GymType": "球類運動設施/籃球場館", "Name": "三重區綜合體育館", "Addr": "新北市三重區新北大道一段2號", "OperationTel": "02-29826151", "WebUrl": "https://www.sanchong.ntpc.gov.tw/home.jsp?id=03871f85bbdc10c9&act=be4f48068b2b0031&dataserno=682f2fe2ab86c8860449dae4b06ffb14", "Lat": 25.061780598779499, "Lng": 121.491494178772, "PassEasyEle": 3.0, "PassEasyParking": 7.0, "PassEasyShower": 0.0, "PassEasyToilet": 8.0, "PassEasyWay": 3.0, "WheelchairAuditorium": 10.0 }, "geometry": { "type": "Point", "coordinates": [ 121.491494178772001, 25.061780598779499 ] } },
{ "type": "Feature", "properties": { "GymType": "陸上/射擊運動設施/田徑場", "Name": "成州國民小學學校操場", "Addr": "新北市五股區成泰路三段493號", "OperationTel": "02-22933613", "WebUrl": "http://www.cjoes.ntpc.edu.tw", "Lat": 25.099609782237799, "Lng": 121.449791193008, "PassEasyEle": 1.0, "PassEasyParking": 1.0, "PassEasyShower": 0.0, "PassEasyToilet": 1.0, "PassEasyWay": 1.0, "WheelchairAuditorium": 0.0 }, "geometry": { "type": "Point", "coordinates": [ 121.449791193007997, 25.099609782237799 ] } },
{ "type": "Feature", "properties": { "GymType": "陸上/射擊運動設施/環形或直線慢跑場（非田徑場）", "Name": "水源國小環形/直線慢跑道(非田徑場型)", "Addr": "新北市淡水區水源里北新路二段15號", "OperationTel": "02-26211347#15", "WebUrl": "http://www.hyes.ntpc.edu.tw", "Lat": 25.186000646346301, "Lng": 121.476575732231, "PassEasyEle": 0.0, "PassEasyParking": 0.0, "PassEasyShower": 0.0, "PassEasyToilet": 0.0, "PassEasyWay": 0.0, "WheelchairAuditorium": 0.0 }, "geometry": { "type": "Point", "coordinates": [ 121.476575732230998, 25.186000646346301 ] } },
{ "type": "Feature", "properties": { "GymType": "陸上/射擊運動設施/田徑場", "Name": "義學國小田徑場", "Addr": "新北市泰山區民生路30號", "OperationTel": "02-22972048#201", "WebUrl": "http://www.yses.ntpc.edu.tw", "Lat": 25.052285028854399, "Lng": 121.43197059631299, "PassEasyEle": 0.0, "PassEasyParking": 0.0, "PassEasyShower": 0.0, "PassEasyToilet": 0.0, "PassEasyWay": 0.0, "WheelchairAuditorium": 0.0 }, "geometry": { "type": "Point", "coordinates": [ 121.431970596312993, 25.052285028854399 ] } },
{ "type": "Feature", "properties": { "GymType": "陸上/射擊運動設施/田徑場", "Name": "義學國中田徑場", "Addr": "新北市泰山區民生路33號", "OperationTel": "02-22961168#290", "WebUrl": "http://www.yhjh.ntpc.edu.tw", "Lat": 25.052234001542502, "Lng": 121.430402845144, "PassEasyEle": 0.0, "PassEasyParking": 0.0, "PassEasyShower": 0.0, "PassEasyToilet": 0.0, "PassEasyWay": 0.0, "WheelchairAuditorium": 0.0 }, "geometry": { "type": "Point", "coordinates": [ 121.430402845144002, 25.052234001542502 ] } },
{ "type": "Feature", "properties": { "GymType": "水上/冰上運動設施/游泳池", "Name": "新莊國中綜合大樓", "Addr": "新北市新莊區中正路211號", "OperationTel": "02-22766326", "WebUrl": "http://www.hcjh.ntpc.edu.tw", "Lat": 25.034812846068601, "Lng": 121.450879096919, "PassEasyEle": 0.0, "PassEasyParking": 0.0, "PassEasyShower": 0.0, "PassEasyToilet": 0.0, "PassEasyWay": 1.0, "WheelchairAuditorium": 0.0 }, "geometry": { "type": "Point", "coordinates": [ 121.450879096918996, 25.034812846068601 ] } },
{ "type": "Feature", "properties": { "GymType": "球類運動設施/籃球場館", "Name": "新莊國中活動中心", "Addr": "新北市新莊區中正路211號", "OperationTel": "0222766326", "WebUrl": "http://www.hcjh.ntpc.edu.tw", "Lat": 25.0345270520423, "Lng": 121.451415538722, "PassEasyEle": 0.0, "PassEasyParking": 1.0, "PassEasyShower": 0.0, "PassEasyToilet": 0.0, "PassEasyWay": 1.0, "WheelchairAuditorium": 0.0 }, "geometry": { "type": "Point", "coordinates": [ 121.451415538722003, 25.0345270520423 ] } },
{ "type": "Feature", "properties": { "GymType": "球類運動設施/籃球場館", "Name": "北港國小操場附設籃球場", "Addr": "新北市汐止區汐萬路二段279號", "OperationTel": "02-26462832#13", "WebUrl": "http://www.bkes.ntpc.edu.tw", "Lat": 25.089477070500401, "Lng": 121.645438224077, "PassEasyEle": 0.0, "PassEasyParking": 0.0, "PassEasyShower": 0.0, "PassEasyToilet": 0.0, "PassEasyWay": 0.0, "WheelchairAuditorium": 0.0 }, "geometry": { "type": "Point", "coordinates": [ 121.645438224076997, 25.089477070500401 ] } },
{ "type": "Feature", "properties": { "GymType": "水上/冰上運動設施/游泳池", "Name": "淡江大學紹謨紀念游泳館", "Addr": "新北市淡水區英專路151號", "OperationTel": "02-26215656", "WebUrl": "http://www.tku.edu.tw", "Lat": 25.174048760721099, "Lng": 121.447095572948, "PassEasyEle": 0.0, "PassEasyParking": 0.0, "PassEasyShower": 1.0, "PassEasyToilet": 1.0, "PassEasyWay": 1.0, "WheelchairAuditorium": 1.0 }, "geometry": { "type": "Point", "coordinates": [ 121.447095572948001, 25.174048760721099 ] } },
{ "type": "Feature", "properties": { "GymType": "球類運動設施/排球場館", "Name": "真理大學排球場(館)", "Addr": "新北市淡水區真理街32號", "OperationTel": "02-26212121#1714", "WebUrl": "http://www.au.edu.tw", "Lat": 25.178473622505201, "Lng": 121.43537700176201, "PassEasyEle": 0.0, "PassEasyParking": 0.0, "PassEasyShower": 0.0, "PassEasyToilet": 0.0, "PassEasyWay": 1.0, "WheelchairAuditorium": 0.0 }, "geometry": { "type": "Point", "coordinates": [ 121.435377001762006, 25.178473622505201 ] } },
{ "type": "Feature", "properties": { "GymType": "球類運動設施/籃球場館", "Name": "介壽國小風雨操場", "Addr": "新北市三峽區大同路1號", "OperationTel": "02-26712392#34", "WebUrl": "http://www.jses.ntpc.edu.tw", "Lat": 24.930312964755199, "Lng": 121.37870192527799, "PassEasyEle": 0.0, "PassEasyParking": 0.0, "PassEasyShower": 0.0, "PassEasyToilet": 0.0, "PassEasyWay": 0.0, "WheelchairAuditorium": 0.0 }, "geometry": { "type": "Point", "coordinates": [ 121.378701925277994, 24.930312964755199 ] } },
{ "type": "Feature", "properties": { "GymType": "陸上/射擊運動設施/田徑場", "Name": "真理大學田徑場", "Addr": "新北市淡水區真理街32號", "OperationTel": "02-26212121#1714", "WebUrl": "http://www.au.edu.tw", "Lat": 25.177092444464801, "Lng": 121.435430645943, "PassEasyEle": 0.0, "PassEasyParking": 0.0, "PassEasyShower": 0.0, "PassEasyToilet": 0.0, "PassEasyWay": 0.0, "WheelchairAuditorium": 0.0 }, "geometry": { "type": "Point", "coordinates": [ 121.435430645943001, 25.177092444464801 ] } },
{ "type": "Feature", "properties": { "GymType": "球類運動設施/籃球場館", "Name": "清水高中綜合體育館", "Addr": "新北市土城區明德路一段72號", "OperationTel": "02-22707801", "WebUrl": "http://www.cssh.ntpc.edu.tw", "Lat": 24.982518168237249, "Lng": 121.46516561508224, "PassEasyEle": 1.0, "PassEasyParking": 0.0, "PassEasyShower": 0.0, "PassEasyToilet": 2.0, "PassEasyWay": 1.0, "WheelchairAuditorium": 0.0 }, "geometry": { "type": "Point", "coordinates": [ 121.465165615082242, 24.982518168237249 ] } },
{ "type": "Feature", "properties": { "GymType": "球類運動設施/羽球場館", "Name": "新泰國中羽球場", "Addr": "新北市新莊區新泰路359號", "OperationTel": "02-29960745#502", "WebUrl": "http://www.htjh.ntpc.edu.tw", "Lat": 25.042521416440898, "Lng": 121.444174647331, "PassEasyEle": 0.0, "PassEasyParking": 0.0, "PassEasyShower": 0.0, "PassEasyToilet": 0.0, "PassEasyWay": 0.0, "WheelchairAuditorium": 0.0 }, "geometry": { "type": "Point", "coordinates": [ 121.444174647330996, 25.042521416440898 ] } },
{ "type": "Feature", "properties": { "GymType": "球類運動設施/籃球場館", "Name": "三峽國小活動中心", "Addr": "新北市三峽區中山路16號", "OperationTel": "02-26711018#824", "WebUrl": "http://www.shps.ntpc.edu.tw", "Lat": 24.9349342173774, "Lng": 121.368784457445, "PassEasyEle": 0.0, "PassEasyParking": 0.0, "PassEasyShower": 0.0, "PassEasyToilet": 0.0, "PassEasyWay": 0.0, "WheelchairAuditorium": 0.0 }, "geometry": { "type": "Point", "coordinates": [ 121.368784457445003, 24.9349342173774 ] } },
{ "type": "Feature", "properties": { "GymType": "球類運動設施/籃球場館", "Name": "新興國小籃球場", "Addr": "新北市淡水區新興街123號", "OperationTel": "02-26203646", "WebUrl": "http://www.shes.ntpc.edu.tw", "Lat": 25.180087808990599, "Lng": 121.438987255096, "PassEasyEle": 0.0, "PassEasyParking": 0.0, "PassEasyShower": 0.0, "PassEasyToilet": 0.0, "PassEasyWay": 0.0, "WheelchairAuditorium": 0.0 }, "geometry": { "type": "Point", "coordinates": [ 121.438987255095995, 25.180087808990599 ] } },
{ "type": "Feature", "properties": { "GymType": "陸上/射擊運動設施/田徑場", "Name": "中港國小田徑場", "Addr": "新北市新莊區立志里中港一街142號", "OperationTel": "02-29925550#823", "WebUrl": "https://www.jgps.ntpc.edu.tw/", "Lat": 25.045870000284499, "Lng": 121.447098255157, "PassEasyEle": 0.0, "PassEasyParking": 0.0, "PassEasyShower": 0.0, "PassEasyToilet": 1.0, "PassEasyWay": 2.0, "WheelchairAuditorium": 0.0 }, "geometry": { "type": "Point", "coordinates": [ 121.447098255157002, 25.045870000284499 ] } },
{ "type": "Feature", "properties": { "GymType": "球類運動設施/籃球場館", "Name": "二橋國小籃球場", "Addr": "新北市鶯歌區二橋里中正三路106號", "OperationTel": "02-26792364", "WebUrl": "http://www.tbes.ntpc.edu.tw", "Lat": 24.941077782791201, "Lng": 121.337755322456, "PassEasyEle": 0.0, "PassEasyParking": 1.0, "PassEasyShower": 0.0, "PassEasyToilet": 0.0, "PassEasyWay": 1.0, "WheelchairAuditorium": 0.0 }, "geometry": { "type": "Point", "coordinates": [ 121.337755322456005, 24.941077782791201 ] } },
{ "type": "Feature", "properties": { "GymType": "球類運動設施/籃球場館", "Name": "青潭國小體育館", "Addr": "新北市新店區北宜路二段80號", "OperationTel": "02-22173146#217", "WebUrl": "http://www.chtes.ntpc.edu.tw", "Lat": 24.9528435820908, "Lng": 121.553045511246, "PassEasyEle": null, "PassEasyParking": null, "PassEasyShower": null, "PassEasyToilet": null, "PassEasyWay": null, "WheelchairAuditorium": null }, "geometry": { "type": "Point", "coordinates": [ 121.553045511245998, 24.9528435820908 ] } },
{ "type": "Feature", "properties": { "GymType": "陸上/射擊運動設施/田徑場", "Name": "新莊國中操場", "Addr": "新北市新莊區中正路211號", "OperationTel": "02-22766326", "WebUrl": "http://www.hcjh.ntpc.edu.tw", "Lat": 25.034482903000999, "Lng": 121.450764298406, "PassEasyEle": 0.0, "PassEasyParking": 0.0, "PassEasyShower": 0.0, "PassEasyToilet": 0.0, "PassEasyWay": 0.0, "WheelchairAuditorium": 0.0 }, "geometry": { "type": "Point", "coordinates": [ 121.450764298406, 25.034482903000999 ] } },
{ "type": "Feature", "properties": { "GymType": "球類運動設施/籃球場館", "Name": "青潭國小籃球場", "Addr": "新北市新店區北宜路二段80號", "OperationTel": "02-22173146#217", "WebUrl": "http://www.chtes.ntpc.edu.tw", "Lat": 24.952921400915599, "Lng": 121.55333518981899, "PassEasyEle": 1.0, "PassEasyParking": 2.0, "PassEasyShower": 0.0, "PassEasyToilet": 0.0, "PassEasyWay": 1.0, "WheelchairAuditorium": 0.0 }, "geometry": { "type": "Point", "coordinates": [ 121.553335189818995, 24.952921400915599 ] } },
{ "type": "Feature", "properties": { "GymType": "陸上/射擊運動設施/田徑場", "Name": "田徑場", "Addr": "新北市林口區嘉寶里嘉溪雅坑22號", "OperationTel": "02-26052716#830", "WebUrl": "http://www.jbes.ntpc.edu.tw", "Lat": 25.108266950457601, "Lng": 121.339440084994, "PassEasyEle": 0.0, "PassEasyParking": 1.0, "PassEasyShower": 0.0, "PassEasyToilet": 1.0, "PassEasyWay": 2.0, "WheelchairAuditorium": 0.0 }, "geometry": { "type": "Point", "coordinates": [ 121.339440084993996, 25.108266950457601 ] } },
{ "type": "Feature", "properties": { "GymType": "陸上/射擊運動設施/田徑場", "Name": "鳳鳴國小田徑場", "Addr": "新北市鶯歌區鳳鳴里永和街120號", "OperationTel": "02-26797554#302", "WebUrl": "http://www.fmes.ntpc.edu.tw", "Lat": 24.9686008906077, "Lng": 121.3365483284, "PassEasyEle": 1.0, "PassEasyParking": 1.0, "PassEasyShower": 1.0, "PassEasyToilet": 1.0, "PassEasyWay": 1.0, "WheelchairAuditorium": 0.0 }, "geometry": { "type": "Point", "coordinates": [ 121.336548328399999, 24.9686008906077 ] } },
{ "type": "Feature", "properties": { "GymType": "陸上/射擊運動設施/環形或直線慢跑場（非田徑場）", "Name": "環形或直線慢跑場（非田徑場）", "Addr": "新北市汐止區樟樹一路141巷2號", "OperationTel": "02-26421407#5202", "WebUrl": "http://www.tctes.ntpc.edu.tw", "Lat": 25.067271559817598, "Lng": 121.64102733135201, "PassEasyEle": 1.0, "PassEasyParking": 2.0, "PassEasyShower": 0.0, "PassEasyToilet": 2.0, "PassEasyWay": 4.0, "WheelchairAuditorium": 0.0 }, "geometry": { "type": "Point", "coordinates": [ 121.641027331352007, 25.067271559817598 ] } },
{ "type": "Feature", "properties": { "GymType": "陸上/射擊運動設施/田徑場", "Name": "新北市土城區綜合體育場", "Addr": "新北市土城區裕民路193-1號", "OperationTel": "02-22732000#456", "WebUrl": "http://www.tucheng.ntpc.gov.tw", "Lat": 24.9850247641889, "Lng": 121.45590394735299, "PassEasyEle": 0.0, "PassEasyParking": 0.0, "PassEasyShower": 0.0, "PassEasyToilet": 4.0, "PassEasyWay": 5.0, "WheelchairAuditorium": 0.0 }, "geometry": { "type": "Point", "coordinates": [ 121.455903947352994, 24.9850247641889 ] } },
{ "type": "Feature", "properties": { "GymType": "球類運動設施/籃球場館", "Name": "東山國小籃球場", "Addr": "新北市汐止區東山里汐平路二段76號", "OperationTel": "02-26416170#13", "WebUrl": "http://www.dsps.ntpc.edu.tw", "Lat": 25.060062193269101, "Lng": 121.699966192245, "PassEasyEle": 0.0, "PassEasyParking": 0.0, "PassEasyShower": 1.0, "PassEasyToilet": 1.0, "PassEasyWay": 1.0, "WheelchairAuditorium": 0.0 }, "geometry": { "type": "Point", "coordinates": [ 121.699966192245, 25.060062193269101 ] } },
{ "type": "Feature", "properties": { "GymType": "陸上/射擊運動設施/田徑場", "Name": "中和國小田徑場", "Addr": "新北市中和區中和路100號", "OperationTel": "02-22492550", "WebUrl": "http://www.jhes.ntpc.edu.tw", "Lat": 24.990725803290601, "Lng": 121.506729125977, "PassEasyEle": 0.0, "PassEasyParking": 0.0, "PassEasyShower": 0.0, "PassEasyToilet": 0.0, "PassEasyWay": 0.0, "WheelchairAuditorium": 0.0 }, "geometry": { "type": "Point", "coordinates": [ 121.506729125977003, 24.990725803290601 ] } },
{ "type": "Feature", "properties": { "GymType": "球類運動設施/羽球場館", "Name": "新市國小活動中心", "Addr": "新北市淡水區中山北路二段200號", "OperationTel": "02-26262141", "WebUrl": "http://album.shmps.kh.edu.tw/~school/web/index.php", "Lat": 25.1849812120998, "Lng": 121.44453406333901, "PassEasyEle": 0.0, "PassEasyParking": 0.0, "PassEasyShower": 0.0, "PassEasyToilet": 0.0, "PassEasyWay": 0.0, "WheelchairAuditorium": 0.0 }, "geometry": { "type": "Point", "coordinates": [ 121.444534063339006, 25.1849812120998 ] } },
{ "type": "Feature", "properties": { "GymType": "球類運動設施/籃球場館", "Name": "平溪國中活動中心", "Addr": "新北市平溪區石底街92號", "OperationTel": "02-24951010#160", "WebUrl": "http://www.phjh.ntpc.edu.tw", "Lat": 25.0239069213339, "Lng": 121.73324033618, "PassEasyEle": 0.0, "PassEasyParking": 0.0, "PassEasyShower": 0.0, "PassEasyToilet": 0.0, "PassEasyWay": 1.0, "WheelchairAuditorium": 0.0 }, "geometry": { "type": "Point", "coordinates": [ 121.733240336180003, 25.0239069213339 ] } },
{ "type": "Feature", "properties": { "GymType": "球類運動設施/籃球場館", "Name": "雙溪國小活動中心", "Addr": "新北市雙溪區共和里東榮街54號", "OperationTel": "02-24931005", "WebUrl": "http://www.sses.ntpc.edu.tw", "Lat": 25.032669537288498, "Lng": 121.86822652816799, "PassEasyEle": 0.0, "PassEasyParking": 0.0, "PassEasyShower": 0.0, "PassEasyToilet": 0.0, "PassEasyWay": 0.0, "WheelchairAuditorium": 0.0 }, "geometry": { "type": "Point", "coordinates": [ 121.868226528167995, 25.032669537288498 ] } },
{ "type": "Feature", "properties": { "GymType": "陸上/射擊運動設施/田徑場", "Name": "德音國小田徑場", "Addr": "新北市五股區明德路2號", "OperationTel": "02-22924152", "WebUrl": "http://www.tyes.ntpc.edu.tw", "Lat": 25.0715268853357, "Lng": 121.43488347530401, "PassEasyEle": 1.0, "PassEasyParking": 1.0, "PassEasyShower": 1.0, "PassEasyToilet": 1.0, "PassEasyWay": 1.0, "WheelchairAuditorium": 0.0 }, "geometry": { "type": "Point", "coordinates": [ 121.434883475304005, 25.0715268853357 ] } },
{ "type": "Feature", "properties": { "GymType": "球類運動設施/棒、壘球打擊練習場", "Name": "民安國小簡易棒球打擊場", "Addr": "新北市新莊區民安里民安路261號", "OperationTel": "02-22056777", "WebUrl": "http://www.maes.ntpc.edu.tw", "Lat": 25.022502730216502, "Lng": 121.428322121501, "PassEasyEle": 1.0, "PassEasyParking": 0.0, "PassEasyShower": 0.0, "PassEasyToilet": 1.0, "PassEasyWay": 0.0, "WheelchairAuditorium": 0.0 }, "geometry": { "type": "Point", "coordinates": [ 121.428322121500997, 25.022502730216502 ] } },
{ "type": "Feature", "properties": { "GymType": "球類運動設施/籃球場館", "Name": "中和區錦和運動公園-籃球場", "Addr": "新北市中和區錦和路350號", "OperationTel": "02-2248688#430", "WebUrl": "https://ntpcsite.ntpc.gov.tw/", "Lat": 24.992617177044998, "Lng": 121.487438678741, "PassEasyEle": 0.0, "PassEasyParking": 0.0, "PassEasyShower": 0.0, "PassEasyToilet": 0.0, "PassEasyWay": 0.0, "WheelchairAuditorium": 0.0 }, "geometry": { "type": "Point", "coordinates": [ 121.487438678741, 24.992617177044998 ] } },
{ "type": "Feature", "properties": { "GymType": "陸上/射擊運動設施/田徑場", "Name": "錦和國小田徑場", "Addr": "新北市中和區圓通路292號", "OperationTel": "02-22479495#268", "WebUrl": "http://www.chps.ntpc.edu.tw", "Lat": 24.990048488828101, "Lng": 121.48916150522101, "PassEasyEle": null, "PassEasyParking": null, "PassEasyShower": null, "PassEasyToilet": null, "PassEasyWay": null, "WheelchairAuditorium": null }, "geometry": { "type": "Point", "coordinates": [ 121.489161505221006, 24.990048488828101 ] } },
{ "type": "Feature", "properties": { "GymType": "陸上/射擊運動設施/環形或直線慢跑場（非田徑場）", "Name": "二橋國小環形/直線慢跑道(非田徑場型)", "Addr": "新北市鶯歌區二橋里中正三路106號", "OperationTel": "02-26792364", "WebUrl": "http://www.tbes.ntpc.edu.tw", "Lat": 24.941355038614201, "Lng": 121.336870193481, "PassEasyEle": 0.0, "PassEasyParking": 0.0, "PassEasyShower": 0.0, "PassEasyToilet": 0.0, "PassEasyWay": 0.0, "WheelchairAuditorium": 0.0 }, "geometry": { "type": "Point", "coordinates": [ 121.336870193481005, 24.941355038614201 ] } },
{ "type": "Feature", "properties": { "GymType": "球類運動設施/籃球場館", "Name": "興福國小籃球場", "Addr": "新北市林口區下福里20鄰10之1號", "OperationTel": "02-26062895", "WebUrl": "http://www.hfps.ntpc.edu.tw", "Lat": 25.112057428013799, "Lng": 121.312631070614, "PassEasyEle": 1.0, "PassEasyParking": 1.0, "PassEasyShower": 0.0, "PassEasyToilet": 1.0, "PassEasyWay": 1.0, "WheelchairAuditorium": 0.0 }, "geometry": { "type": "Point", "coordinates": [ 121.312631070614003, 25.112057428013799 ] } },
{ "type": "Feature", "properties": { "GymType": "球類運動設施/網球場館", "Name": "中和區錦和運動公園-網球場", "Addr": "新北市中和區錦和路350號", "OperationTel": "02-22482688#430", "WebUrl": "https://ntpcsite.ntpc.gov.tw/", "Lat": 24.993069352063699, "Lng": 121.487427949905, "PassEasyEle": 0.0, "PassEasyParking": 0.0, "PassEasyShower": 0.0, "PassEasyToilet": 0.0, "PassEasyWay": 0.0, "WheelchairAuditorium": 0.0 }, "geometry": { "type": "Point", "coordinates": [ 121.487427949904998, 24.993069352063699 ] } },
{ "type": "Feature", "properties": { "GymType": "球類運動設施/籃球場館", "Name": "海山高中活動中心", "Addr": "新北市板橋區漢生東路215號", "OperationTel": "02-29517475#223", "WebUrl": "http://www.hshs.ntpc.edu.tw", "Lat": 25.0108730285836, "Lng": 121.470787525177, "PassEasyEle": null, "PassEasyParking": null, "PassEasyShower": null, "PassEasyToilet": null, "PassEasyWay": null, "WheelchairAuditorium": null }, "geometry": { "type": "Point", "coordinates": [ 121.470787525177002, 25.0108730285836 ] } },
{ "type": "Feature", "properties": { "GymType": "陸上/射擊運動設施/田徑場", "Name": "興華國小田徑場", "Addr": "新北市三芝區興華里1鄰田心子5號", "OperationTel": "02-26371366#204", "WebUrl": "http://www.hhes.ntpc.edu.tw", "Lat": 25.203892755565601, "Lng": 121.501471996307, "PassEasyEle": 0.0, "PassEasyParking": 0.0, "PassEasyShower": 0.0, "PassEasyToilet": 0.0, "PassEasyWay": 0.0, "WheelchairAuditorium": 0.0 }, "geometry": { "type": "Point", "coordinates": [ 121.501471996307004, 25.203892755565601 ] } },
{ "type": "Feature", "properties": { "GymType": "球類運動設施/籃球場館", "Name": "籃球場館", "Addr": "新北市五股區四維路2號", "OperationTel": "02-29824591", "WebUrl": "http://www.glps.ntpc.edu.tw", "Lat": 25.071115086101699, "Lng": 121.467547416687, "PassEasyEle": 0.0, "PassEasyParking": 1.0, "PassEasyShower": 1.0, "PassEasyToilet": 1.0, "PassEasyWay": 1.0, "WheelchairAuditorium": 0.0 }, "geometry": { "type": "Point", "coordinates": [ 121.467547416686998, 25.071115086101699 ] } },
{ "type": "Feature", "properties": { "GymType": "球類運動設施/棒、壘球打擊練習場", "Name": "中和區錦和運動公園-壘球場", "Addr": "新北市中和區錦和路350號", "OperationTel": "02-22482688#430", "WebUrl": "https://ntpcsite.ntpc.gov.tw/", "Lat": 24.9931082487618, "Lng": 121.486237049103, "PassEasyEle": 0.0, "PassEasyParking": 0.0, "PassEasyShower": 0.0, "PassEasyToilet": 0.0, "PassEasyWay": 0.0, "WheelchairAuditorium": 0.0 }, "geometry": { "type": "Point", "coordinates": [ 121.486237049102996, 24.9931082487618 ] } },
{ "type": "Feature", "properties": { "GymType": "球類運動設施/籃球場館", "Name": "恆毅高中活動中心", "Addr": "新北市新莊區中正路108號", "OperationTel": "02-29923619", "WebUrl": "http://www.hchs.ntpc.edu.tw", "Lat": 25.0367425857382, "Lng": 121.453739404678, "PassEasyEle": null, "PassEasyParking": null, "PassEasyShower": null, "PassEasyToilet": null, "PassEasyWay": null, "WheelchairAuditorium": null }, "geometry": { "type": "Point", "coordinates": [ 121.453739404678004, 25.0367425857382 ] } },
{ "type": "Feature", "properties": { "GymType": "球類運動設施/手球場", "Name": "海山高中手球場(館)", "Addr": "新北市板橋區漢生東路215號", "OperationTel": "02-29517475#223", "WebUrl": "http://www.hshs.ntpc.edu.tw", "Lat": 25.0113348591495, "Lng": 121.471592187881, "PassEasyEle": 2.0, "PassEasyParking": 10.0, "PassEasyShower": 0.0, "PassEasyToilet": 12.0, "PassEasyWay": 3.0, "WheelchairAuditorium": 0.0 }, "geometry": { "type": "Point", "coordinates": [ 121.471592187881001, 25.0113348591495 ] } },
{ "type": "Feature", "properties": { "GymType": "球類運動設施/籃球場館", "Name": "沙崙國小永傳社教中心", "Addr": "新北市板橋區篤行路二段132號", "OperationTel": "02-26812764#832", "WebUrl": "http://www.sles.ntpc.edu.tw", "Lat": 24.989870056502699, "Lng": 121.429599523544, "PassEasyEle": 0.0, "PassEasyParking": 0.0, "PassEasyShower": 0.0, "PassEasyToilet": 0.0, "PassEasyWay": 0.0, "WheelchairAuditorium": 0.0 }, "geometry": { "type": "Point", "coordinates": [ 121.429599523543999, 24.989870056502699 ] } },
{ "type": "Feature", "properties": { "GymType": "陸上/射擊運動設施/環形或直線慢跑場（非田徑場）", "Name": "環形或直線慢跑場（非田徑場）", "Addr": "新北市中和區錦和路350號", "OperationTel": "02-22482688#430", "WebUrl": "https://ntpcsite.ntpc.gov.tw/", "Lat": 24.992588004405899, "Lng": 121.490185260773, "PassEasyEle": 0.0, "PassEasyParking": 0.0, "PassEasyShower": 0.0, "PassEasyToilet": 0.0, "PassEasyWay": 0.0, "WheelchairAuditorium": 0.0 }, "geometry": { "type": "Point", "coordinates": [ 121.490185260773004, 24.992588004405899 ] } },
{ "type": "Feature", "properties": { "GymType": "球類運動設施/籃球場館", "Name": "籃球場館", "Addr": "新北市三重區五神農街101號", "OperationTel": "02-29990725#112", "WebUrl": "http://www.skps.ntpc.edu.tw", "Lat": 25.050282798396601, "Lng": 121.474907398224, "PassEasyEle": 0.0, "PassEasyParking": 0.0, "PassEasyShower": 0.0, "PassEasyToilet": 0.0, "PassEasyWay": 0.0, "WheelchairAuditorium": 0.0 }, "geometry": { "type": "Point", "coordinates": [ 121.474907398224005, 25.050282798396601 ] } },
{ "type": "Feature", "properties": { "GymType": "球類運動設施/排球場館", "Name": "海山高中排球場(館)", "Addr": "新北市板橋區漢生東路215號", "OperationTel": "02-29517475#223", "WebUrl": "http://www.hshs.ntpc.edu.tw", "Lat": 25.011004285868498, "Lng": 121.47173166275, "PassEasyEle": 2.0, "PassEasyParking": 10.0, "PassEasyShower": 0.0, "PassEasyToilet": 12.0, "PassEasyWay": 3.0, "WheelchairAuditorium": 0.0 }, "geometry": { "type": "Point", "coordinates": [ 121.471731662750003, 25.011004285868498 ] } },
{ "type": "Feature", "properties": { "GymType": "水上/冰上運動設施/游泳池", "Name": "海山高中游泳池(館)", "Addr": "新北市板橋區漢生東路215號", "OperationTel": "02-29517475", "WebUrl": "http://www.hshs.ntpc.edu.tw", "Lat": 25.009954223661801, "Lng": 121.47231101989701, "PassEasyEle": null, "PassEasyParking": null, "PassEasyShower": null, "PassEasyToilet": null, "PassEasyWay": null, "WheelchairAuditorium": null }, "geometry": { "type": "Point", "coordinates": [ 121.472311019897006, 25.009954223661801 ] } },
{ "type": "Feature", "properties": { "GymType": "陸上/射擊運動設施/田徑場", "Name": "更寮國小操場", "Addr": "新北市五股區四維路2號", "OperationTel": "02-29824591", "WebUrl": "http://www.glps.ntpc.edu.tw", "Lat": 25.070488273990399, "Lng": 121.46757960319501, "PassEasyEle": 0.0, "PassEasyParking": 0.0, "PassEasyShower": 0.0, "PassEasyToilet": 0.0, "PassEasyWay": 0.0, "WheelchairAuditorium": 0.0 }, "geometry": { "type": "Point", "coordinates": [ 121.467579603195006, 25.070488273990399 ] } },
{ "type": "Feature", "properties": { "GymType": "球類運動設施/籃球場館", "Name": "石門國中籃球場", "Addr": "新北市石門區中央路1之9號", "OperationTel": "02-26381273#134", "WebUrl": "http://www.smjh.ntpc.edu.tw", "Lat": 25.2914283757835, "Lng": 121.562413931351, "PassEasyEle": 0.0, "PassEasyParking": 0.0, "PassEasyShower": 0.0, "PassEasyToilet": 0.0, "PassEasyWay": 0.0, "WheelchairAuditorium": 0.0 }, "geometry": { "type": "Point", "coordinates": [ 121.562413931351003, 25.2914283757835 ] } },
{ "type": "Feature", "properties": { "GymType": "球類運動設施/籃球場館", "Name": "裕民國小籃球場", "Addr": "新北市新莊區裕民街123號", "OperationTel": "02-29062407", "WebUrl": "http://www.ymes.ntpc.edu.tw", "Lat": 25.022029396920701, "Lng": 121.41853809356699, "PassEasyEle": 0.0, "PassEasyParking": 0.0, "PassEasyShower": 0.0, "PassEasyToilet": 0.0, "PassEasyWay": 0.0, "WheelchairAuditorium": 0.0 }, "geometry": { "type": "Point", "coordinates": [ 121.418538093566994, 25.022029396920701 ] } },
{ "type": "Feature", "properties": { "GymType": "球類運動設施/籃球場館", "Name": "埔墘國小活動中心", "Addr": "新北市板橋區永豐街42之8號", "OperationTel": "02-29616690#232", "WebUrl": "http://www.pces.ntpc.edu.tw", "Lat": 25.019107936130698, "Lng": 121.474370956421, "PassEasyEle": null, "PassEasyParking": null, "PassEasyShower": null, "PassEasyToilet": null, "PassEasyWay": null, "WheelchairAuditorium": null }, "geometry": { "type": "Point", "coordinates": [ 121.474370956420998, 25.019107936130698 ] } },
{ "type": "Feature", "properties": { "GymType": "球類運動設施/籃球場館", "Name": "萬里國小瑪鋉館", "Addr": "新北市萬里區瑪鋉路18號", "OperationTel": "02-24922034#25", "WebUrl": "http://www.wlps.ntpc.edu.tw", "Lat": 25.175302229954099, "Lng": 121.68923333287201, "PassEasyEle": 0.0, "PassEasyParking": 0.0, "PassEasyShower": 0.0, "PassEasyToilet": 0.0, "PassEasyWay": 1.0, "WheelchairAuditorium": 0.0 }, "geometry": { "type": "Point", "coordinates": [ 121.689233332872007, 25.175302229954099 ] } },
{ "type": "Feature", "properties": { "GymType": "球類運動設施/桌球場館", "Name": "埔墘國小桌球場(館)", "Addr": "新北市板橋區永豐街42之8號", "OperationTel": "02-29616690#232", "WebUrl": "http://www.pces.ntpc.edu.tw", "Lat": 25.0180384988242, "Lng": 121.474360227585, "PassEasyEle": null, "PassEasyParking": null, "PassEasyShower": null, "PassEasyToilet": null, "PassEasyWay": null, "WheelchairAuditorium": null }, "geometry": { "type": "Point", "coordinates": [ 121.474360227584995, 25.0180384988242 ] } },
{ "type": "Feature", "properties": { "GymType": "陸上/射擊運動設施/田徑場", "Name": "萬里國小田徑場", "Addr": "新北市萬里區瑪鋉路18號", "OperationTel": "02-24922034#22", "WebUrl": "http://www.wlps.ntpc.edu.tw", "Lat": 25.176072935695402, "Lng": 121.688885986805, "PassEasyEle": 0.0, "PassEasyParking": 0.0, "PassEasyShower": 0.0, "PassEasyToilet": 0.0, "PassEasyWay": 1.0, "WheelchairAuditorium": 0.0 }, "geometry": { "type": "Point", "coordinates": [ 121.688885986805005, 25.176072935695402 ] } },
{ "type": "Feature", "properties": { "GymType": "球類運動設施/羽球場館", "Name": "育德國小活動中心", "Addr": "新北市樹林區中山里佳園路一段34號", "OperationTel": "02-26805557", "WebUrl": "http://www.ytps.ntpc.edu.tw", "Lat": 24.971168557128198, "Lng": 121.39173746109, "PassEasyEle": 0.0, "PassEasyParking": 0.0, "PassEasyShower": 0.0, "PassEasyToilet": 0.0, "PassEasyWay": 1.0, "WheelchairAuditorium": 0.0 }, "geometry": { "type": "Point", "coordinates": [ 121.391737461090003, 24.971168557128198 ] } },
{ "type": "Feature", "properties": { "GymType": "陸上/射擊運動設施/田徑場", "Name": "裕民國小田徑場", "Addr": "新北市新莊區裕民街123號", "OperationTel": "02-29062407#53", "WebUrl": "http://www.ymes.ntpc.edu.tw", "Lat": 25.021314836395302, "Lng": 121.418500542641, "PassEasyEle": null, "PassEasyParking": null, "PassEasyShower": null, "PassEasyToilet": null, "PassEasyWay": null, "WheelchairAuditorium": null }, "geometry": { "type": "Point", "coordinates": [ 121.418500542640999, 25.021314836395302 ] } },
{ "type": "Feature", "properties": { "GymType": "陸上/射擊運動設施/田徑場", "Name": "育德國小田徑場", "Addr": "新北市樹林區中山里佳園路一段34號", "OperationTel": "02-26805557#122", "WebUrl": "http://www.ytps.ntpc.edu.tw", "Lat": 24.970857327676502, "Lng": 121.39164626598399, "PassEasyEle": 1.0, "PassEasyParking": 2.0, "PassEasyShower": 1.0, "PassEasyToilet": 2.0, "PassEasyWay": 1.0, "WheelchairAuditorium": 0.0 }, "geometry": { "type": "Point", "coordinates": [ 121.391646265983994, 24.970857327676502 ] } },
{ "type": "Feature", "properties": { "GymType": "球類運動設施/籃球場館", "Name": "林口高中體育館", "Addr": "新北市林口區仁愛路二段173號", "OperationTel": "02-26009482#302", "WebUrl": "http://www.lksh.ntpc.edu.tw", "Lat": 25.073267602493399, "Lng": 121.379935741425, "PassEasyEle": 0.0, "PassEasyParking": 2.0, "PassEasyShower": 0.0, "PassEasyToilet": 20.0, "PassEasyWay": 10.0, "WheelchairAuditorium": 0.0 }, "geometry": { "type": "Point", "coordinates": [ 121.379935741425001, 25.073267602493399 ] } },
{ "type": "Feature", "properties": { "GymType": "水上/冰上運動設施/游泳池", "Name": "清水高中游泳池(館)", "Addr": "新北市土城區明德路一段72號", "OperationTel": "02-22702100", "WebUrl": "http://www.cssh.ntpc.edu.tw", "Lat": 24.982965517914472, "Lng": 121.46541237831084, "PassEasyEle": 0.0, "PassEasyParking": 0.0, "PassEasyShower": 0.0, "PassEasyToilet": 0.0, "PassEasyWay": 1.0, "WheelchairAuditorium": 0.0 }, "geometry": { "type": "Point", "coordinates": [ 121.465412378310845, 24.982965517914472 ] } },
{ "type": "Feature", "properties": { "GymType": "球類運動設施/羽球場館", "Name": "裕民國小羽球場(館)", "Addr": "新北市新莊區裕民街123號", "OperationTel": "02-29062407", "WebUrl": "http://www.ymes.ntpc.edu.tw", "Lat": 25.022019675036699, "Lng": 121.41846299171399, "PassEasyEle": 1.0, "PassEasyParking": 1.0, "PassEasyShower": 0.0, "PassEasyToilet": 1.0, "PassEasyWay": 0.0, "WheelchairAuditorium": 0.0 }, "geometry": { "type": "Point", "coordinates": [ 121.418462991713994, 25.022019675036699 ] } },
{ "type": "Feature", "properties": { "GymType": "球類運動設施/籃球場館", "Name": "石碇國小籃球場", "Addr": "新北市石碇區石碇里石碇西街15號", "OperationTel": "02-26631244#13", "WebUrl": "http://www.stes.ntpc.edu.tw", "Lat": 24.990434072100399, "Lng": 121.659014225006, "PassEasyEle": 0.0, "PassEasyParking": 0.0, "PassEasyShower": 0.0, "PassEasyToilet": 0.0, "PassEasyWay": 0.0, "WheelchairAuditorium": 0.0 }, "geometry": { "type": "Point", "coordinates": [ 121.659014225006004, 24.990434072100399 ] } },
{ "type": "Feature", "properties": { "GymType": "陸上/射擊運動設施/田徑場", "Name": "頂溪國小運動場", "Addr": "新北市永和區文化路133號", "OperationTel": "02-29212058#6203", "WebUrl": "http://www.thps.ntpc.edu.tw", "Lat": 25.015014857493099, "Lng": 121.511353254318, "PassEasyEle": 0.0, "PassEasyParking": 0.0, "PassEasyShower": 0.0, "PassEasyToilet": 0.0, "PassEasyWay": 1.0, "WheelchairAuditorium": 0.0 }, "geometry": { "type": "Point", "coordinates": [ 121.511353254317996, 25.015014857493099 ] } },
{ "type": "Feature", "properties": { "GymType": "陸上/射擊運動設施/田徑場", "Name": "清水高中田徑場", "Addr": "新北市土城區明德路一段72號", "OperationTel": "02-22707801#330", "WebUrl": "http://www.cssh.ntpc.edu.tw", "Lat": 24.982776561244247, "Lng": 121.46539771034119, "PassEasyEle": 0.0, "PassEasyParking": 0.0, "PassEasyShower": 0.0, "PassEasyToilet": 0.0, "PassEasyWay": 0.0, "WheelchairAuditorium": 0.0 }, "geometry": { "type": "Point", "coordinates": [ 121.465397710341193, 24.982776561244247 ] } },
{ "type": "Feature", "properties": { "GymType": "球類運動設施/籃球場館", "Name": "菁桐國小籃球場", "Addr": "新北市平溪區菁桐街45號", "OperationTel": "02-24951009#15", "WebUrl": "http://www.tgtes.ntpc.edu.tw/default.asp", "Lat": 25.023243411133301, "Lng": 121.726975366473, "PassEasyEle": 0.0, "PassEasyParking": 0.0, "PassEasyShower": 0.0, "PassEasyToilet": 0.0, "PassEasyWay": 0.0, "WheelchairAuditorium": 0.0 }, "geometry": { "type": "Point", "coordinates": [ 121.726975366472999, 25.023243411133301 ] } },
{ "type": "Feature", "properties": { "GymType": "陸上/射擊運動設施/田徑場", "Name": "重陽國小田徑場", "Addr": "新北市三重區中正北路113號", "OperationTel": "02-29826272#173", "WebUrl": "http://www.cyps.ntpc.edu.tw/", "Lat": 25.066494093565399, "Lng": 121.484482884407, "PassEasyEle": 0.0, "PassEasyParking": 0.0, "PassEasyShower": 0.0, "PassEasyToilet": 0.0, "PassEasyWay": 2.0, "WheelchairAuditorium": 0.0 }, "geometry": { "type": "Point", "coordinates": [ 121.484482884407001, 25.066494093565399 ] } },
{ "type": "Feature", "properties": { "GymType": "陸上/射擊運動設施/田徑場", "Name": "新莊國小田徑場", "Addr": "新北市新莊區立人里中正路86號", "OperationTel": "02-29931201#834", "WebUrl": "http://www.scps.ntpc.edu.tw", "Lat": 25.0378993457234, "Lng": 121.45578861236601, "PassEasyEle": 0.0, "PassEasyParking": 0.0, "PassEasyShower": 0.0, "PassEasyToilet": 0.0, "PassEasyWay": 0.0, "WheelchairAuditorium": 0.0 }, "geometry": { "type": "Point", "coordinates": [ 121.455788612366007, 25.0378993457234 ] } },
{ "type": "Feature", "properties": { "GymType": "球類運動設施/羽球場館", "Name": "福隆國小風雨操場", "Addr": "新北市貢寮區福隆里東興街35號", "OperationTel": "02-24991449", "WebUrl": "http://www.flps.ntpc.edu.tw", "Lat": 25.017075997283399, "Lng": 121.948564052582, "PassEasyEle": 0.0, "PassEasyParking": 1.0, "PassEasyShower": 0.0, "PassEasyToilet": 0.0, "PassEasyWay": 0.0, "WheelchairAuditorium": 0.0 }, "geometry": { "type": "Point", "coordinates": [ 121.948564052582, 25.017075997283399 ] } },
{ "type": "Feature", "properties": { "GymType": "陸上/射擊運動設施/田徑場", "Name": "秀峰國小田徑場", "Addr": "新北市汐止區仁愛路90號", "OperationTel": "02-26480611#821", "WebUrl": "http://www.sfps.ntpc.edu.tw/", "Lat": 25.062888529320698, "Lng": 121.661723256111, "PassEasyEle": 0.0, "PassEasyParking": 0.0, "PassEasyShower": 0.0, "PassEasyToilet": 0.0, "PassEasyWay": 0.0, "WheelchairAuditorium": 0.0 }, "geometry": { "type": "Point", "coordinates": [ 121.661723256111003, 25.062888529320698 ] } },
{ "type": "Feature", "properties": { "GymType": "球類運動設施/籃球場館", "Name": "新莊高中活動中心", "Addr": "新北市新莊區中平路135號", "OperationTel": "02-29912391#202", "WebUrl": "http://www.hcsh.ntpc.edu.tw", "Lat": 25.048513810297401, "Lng": 121.444180011749, "PassEasyEle": 0.0, "PassEasyParking": 2.0, "PassEasyShower": 0.0, "PassEasyToilet": 0.0, "PassEasyWay": 1.0, "WheelchairAuditorium": 0.0 }, "geometry": { "type": "Point", "coordinates": [ 121.444180011748998, 25.048513810297401 ] } },
{ "type": "Feature", "properties": { "GymType": "陸上/射擊運動設施/田徑場", "Name": "時雨高中田徑場", "Addr": "新北市瑞芳區祈堂路217號", "OperationTel": "02-24962217", "WebUrl": "http://www.syjh.ntpc.edu.tw", "Lat": 25.109038914398798, "Lng": 121.85685932636299, "PassEasyEle": 0.0, "PassEasyParking": 0.0, "PassEasyShower": 0.0, "PassEasyToilet": 0.0, "PassEasyWay": 0.0, "WheelchairAuditorium": 0.0 }, "geometry": { "type": "Point", "coordinates": [ 121.856859326362994, 25.109038914398798 ] } },
{ "type": "Feature", "properties": { "GymType": "球類運動設施/籃球場館", "Name": "民義國小風雨操場", "Addr": "新北市三峽區嘉添里白雞路40號", "OperationTel": "02-26711895#830", "WebUrl": "http://www.myes.ntpc.edu.tw/default.asp", "Lat": 24.9115951200524, "Lng": 121.37512922287, "PassEasyEle": 0.0, "PassEasyParking": 0.0, "PassEasyShower": 0.0, "PassEasyToilet": 0.0, "PassEasyWay": 0.0, "WheelchairAuditorium": 0.0 }, "geometry": { "type": "Point", "coordinates": [ 121.375129222870001, 24.9115951200524 ] } },
{ "type": "Feature", "properties": { "GymType": "球類運動設施/籃球場館", "Name": "林口國小永愛樓3F綜合球場", "Addr": "新北市林口區菁湖里林口路76號", "OperationTel": "02-26011010", "WebUrl": "http://www.lkes.ntpc.edu.tw", "Lat": 25.080015228918899, "Lng": 121.390541866422, "PassEasyEle": 0.0, "PassEasyParking": 0.0, "PassEasyShower": 0.0, "PassEasyToilet": 0.0, "PassEasyWay": 0.0, "WheelchairAuditorium": 0.0 }, "geometry": { "type": "Point", "coordinates": [ 121.390541866421998, 25.080015228918899 ] } },
{ "type": "Feature", "properties": { "GymType": "球類運動設施/籃球場館", "Name": "青山國中(小)體育館", "Addr": "新北市汐止區莊敬街33號", "OperationTel": "02-26917877#125", "WebUrl": "http://www.csjhs.ntpc.edu.tw", "Lat": 25.061299520556599, "Lng": 121.65658414363899, "PassEasyEle": 1.0, "PassEasyParking": 3.0, "PassEasyShower": 0.0, "PassEasyToilet": 1.0, "PassEasyWay": 2.0, "WheelchairAuditorium": 0.0 }, "geometry": { "type": "Point", "coordinates": [ 121.656584143638995, 25.061299520556599 ] } },
{ "type": "Feature", "properties": { "GymType": "球類運動設施/籃球場館", "Name": "溪崑國民中學活動中心", "Addr": "新北市板橋區大觀路三段50巷30號", "OperationTel": "02-26869727#383", "WebUrl": "http://www.ckjhs.ntpc.edu.tw/", "Lat": 24.997012586631499, "Lng": 121.431576593906, "PassEasyEle": 0.0, "PassEasyParking": 0.0, "PassEasyShower": 0.0, "PassEasyToilet": 1.0, "PassEasyWay": 2.0, "WheelchairAuditorium": 0.0 }, "geometry": { "type": "Point", "coordinates": [ 121.431576593906001, 24.997012586631499 ] } },
{ "type": "Feature", "properties": { "GymType": "陸上/射擊運動設施/田徑場", "Name": "田徑場", "Addr": "新北市板橋區大觀路三段50巷30號", "OperationTel": "02-26869727#383", "WebUrl": "http://www.ckjhs.ntpc.edu.tw/", "Lat": 24.9984428143446, "Lng": 121.432031750646, "PassEasyEle": 0.0, "PassEasyParking": 0.0, "PassEasyShower": 0.0, "PassEasyToilet": 0.0, "PassEasyWay": 0.0, "WheelchairAuditorium": 0.0 }, "geometry": { "type": "Point", "coordinates": [ 121.432031750646004, 24.9984428143446 ] } },
{ "type": "Feature", "properties": { "GymType": "陸上/射擊運動設施/田徑場", "Name": "埔墘國小田徑場", "Addr": "新北市板橋區永豐街42之8號", "OperationTel": "02-29616690#232", "WebUrl": "http://www.pces.ntpc.edu.tw", "Lat": 25.018767661634602, "Lng": 121.474322676659, "PassEasyEle": null, "PassEasyParking": null, "PassEasyShower": null, "PassEasyToilet": null, "PassEasyWay": null, "WheelchairAuditorium": null }, "geometry": { "type": "Point", "coordinates": [ 121.474322676659, 25.018767661634602 ] } },
{ "type": "Feature", "properties": { "GymType": "球類運動設施/羽球場館", "Name": "明德高中體健館", "Addr": "新北市三峽區中正路二段399號", "OperationTel": "02-26723302#242", "WebUrl": "http://www.mdhs.ntpc.edu.tw", "Lat": 24.9070800333919, "Lng": 121.363936364651, "PassEasyEle": 0.0, "PassEasyParking": 0.0, "PassEasyShower": 0.0, "PassEasyToilet": 0.0, "PassEasyWay": 1.0, "WheelchairAuditorium": 0.0 }, "geometry": { "type": "Point", "coordinates": [ 121.363936364650996, 24.9070800333919 ] } },
{ "type": "Feature", "properties": { "GymType": "陸上/射擊運動設施/田徑場", "Name": "安坑國小田徑場", "Addr": "新北市新店區安忠路36號", "OperationTel": "02-22110560#305", "WebUrl": "https://www.takes.ntpc.edu.tw", "Lat": 24.961383564116801, "Lng": 121.513439100909, "PassEasyEle": 0.0, "PassEasyParking": 0.0, "PassEasyShower": 0.0, "PassEasyToilet": 42.0, "PassEasyWay": 2.0, "WheelchairAuditorium": 0.0 }, "geometry": { "type": "Point", "coordinates": [ 121.513439100908997, 24.961383564116801 ] } },
{ "type": "Feature", "properties": { "GymType": "陸上/射擊運動設施/田徑場", "Name": "永平國小田徑場", "Addr": "新北市永和區保生路25號", "OperationTel": "02-29259879#304", "WebUrl": "http://www.ypes.ntpc.edu.tw", "Lat": 25.0079999173186, "Lng": 121.505151987076, "PassEasyEle": 0.0, "PassEasyParking": 1.0, "PassEasyShower": 0.0, "PassEasyToilet": 1.0, "PassEasyWay": 0.0, "WheelchairAuditorium": 0.0 }, "geometry": { "type": "Point", "coordinates": [ 121.505151987076005, 25.0079999173186 ] } },
{ "type": "Feature", "properties": { "GymType": "球類運動設施/籃球場館", "Name": "中正國中籃球場(合併排球場使用)", "Addr": "新北市土城區金城路二段247號", "OperationTel": "02-22628456#866", "WebUrl": "http://www.ccjhs.ntpc.edu.tw", "Lat": 24.983549015047299, "Lng": 121.456722021103, "PassEasyEle": 1.0, "PassEasyParking": 1.0, "PassEasyShower": 0.0, "PassEasyToilet": 2.0, "PassEasyWay": 1.0, "WheelchairAuditorium": 0.0 }, "geometry": { "type": "Point", "coordinates": [ 121.456722021103005, 24.983549015047299 ] } },
{ "type": "Feature", "properties": { "GymType": "陸上/射擊運動設施/田徑場", "Name": "石碇高中田徑場", "Addr": "新北市石碇區隆盛里八分寮45號", "OperationTel": "02-26631224#203", "WebUrl": "http://www.sdhs.ntpc.edu.tw", "Lat": 25.013225915666101, "Lng": 121.64285659790001, "PassEasyEle": null, "PassEasyParking": null, "PassEasyShower": null, "PassEasyToilet": null, "PassEasyWay": null, "WheelchairAuditorium": null }, "geometry": { "type": "Point", "coordinates": [ 121.642856597900007, 25.013225915666101 ] } },
{ "type": "Feature", "properties": { "GymType": "球類運動設施/籃球場館", "Name": "三芝國中活動中心", "Addr": "新北市三芝區淡金路一段38號", "OperationTel": "0933490310", "WebUrl": "http://www.szjh.ntpc.edu.tw", "Lat": 25.259348371317301, "Lng": 121.50180995464299, "PassEasyEle": 0.0, "PassEasyParking": 0.0, "PassEasyShower": 0.0, "PassEasyToilet": 2.0, "PassEasyWay": 0.0, "WheelchairAuditorium": 0.0 }, "geometry": { "type": "Point", "coordinates": [ 121.501809954642994, 25.259348371317301 ] } },
{ "type": "Feature", "properties": { "GymType": "球類運動設施/羽球場館", "Name": "泰山國小活動中心", "Addr": "新北市泰山區泰林路二段255號", "OperationTel": "02-29098842#140", "WebUrl": "http://www.tses.ntpc.edu.tw", "Lat": 25.062062441709401, "Lng": 121.43138051033, "PassEasyEle": 0.0, "PassEasyParking": 1.0, "PassEasyShower": 1.0, "PassEasyToilet": 1.0, "PassEasyWay": 1.0, "WheelchairAuditorium": 0.0 }, "geometry": { "type": "Point", "coordinates": [ 121.431380510330001, 25.062062441709401 ] } },
{ "type": "Feature", "properties": { "GymType": "球類運動設施/籃球場館", "Name": "石碇高中籃球場", "Addr": "新北市石碇區隆盛里八分寮45號", "OperationTel": "02-26631224#203", "WebUrl": "http://www.sdhs.ntpc.edu.tw", "Lat": 25.013070354275499, "Lng": 121.642770767212, "PassEasyEle": 0.0, "PassEasyParking": 0.0, "PassEasyShower": 0.0, "PassEasyToilet": 0.0, "PassEasyWay": 0.0, "WheelchairAuditorium": 0.0 }, "geometry": { "type": "Point", "coordinates": [ 121.642770767211999, 25.013070354275499 ] } },
{ "type": "Feature", "properties": { "GymType": "球類運動設施/排球場館", "Name": "明德高中排球場(館)", "Addr": "新北市三峽區中正路二段399號", "OperationTel": "02-26723302#237", "WebUrl": "http://www.mdhs.ntpc.edu.tw", "Lat": 24.904226393953898, "Lng": 121.36631011962901, "PassEasyEle": 0.0, "PassEasyParking": 0.0, "PassEasyShower": 0.0, "PassEasyToilet": 0.0, "PassEasyWay": 0.0, "WheelchairAuditorium": 0.0 }, "geometry": { "type": "Point", "coordinates": [ 121.366310119629006, 24.904226393953898 ] } },
{ "type": "Feature", "properties": { "GymType": "球類運動設施/籃球場館", "Name": "金陵女中體育館", "Addr": "新北市三重區重新路五段656號", "OperationTel": "02-29956776#201", "WebUrl": "http://www.glghs.ntpc.edu.tw", "Lat": 25.0420305423294, "Lng": 121.46725773811301, "PassEasyEle": 0.0, "PassEasyParking": 1.0, "PassEasyShower": 0.0, "PassEasyToilet": 0.0, "PassEasyWay": 0.0, "WheelchairAuditorium": 0.0 }, "geometry": { "type": "Point", "coordinates": [ 121.467257738113005, 25.0420305423294 ] } },
{ "type": "Feature", "properties": { "GymType": "陸上/射擊運動設施/環形或直線慢跑場（非田徑場）", "Name": "中信國小操場", "Addr": "新北市新莊區中信街168號", "OperationTel": "02-85211131#302", "WebUrl": "http://www.ches.ntpc.edu.tw", "Lat": 25.0561800509617, "Lng": 121.447978019714, "PassEasyEle": 0.0, "PassEasyParking": 0.0, "PassEasyShower": 0.0, "PassEasyToilet": 0.0, "PassEasyWay": 1.0, "WheelchairAuditorium": 0.0 }, "geometry": { "type": "Point", "coordinates": [ 121.447978019714, 25.0561800509617 ] } },
{ "type": "Feature", "properties": { "GymType": "陸上/射擊運動設施/環形或直線慢跑場（非田徑場）", "Name": "建國國小環形/直線慢跑道(非田徑場型)", "Addr": "新北市鶯歌區育英街2號", "OperationTel": "02-26709228", "WebUrl": "https://web.ckps.ntpc.edu.tw/", "Lat": 24.954740401935499, "Lng": 121.345753669739, "PassEasyEle": 0.0, "PassEasyParking": 0.0, "PassEasyShower": 0.0, "PassEasyToilet": 0.0, "PassEasyWay": 0.0, "WheelchairAuditorium": 0.0 }, "geometry": { "type": "Point", "coordinates": [ 121.345753669738997, 24.954740401935499 ] } },
{ "type": "Feature", "properties": { "GymType": "陸上/射擊運動設施/田徑場", "Name": "金陵女中田徑場", "Addr": "新北市三重區重新路五段656號", "OperationTel": "02-29956776#201", "WebUrl": "http://www.glghs.ntpc.edu.tw", "Lat": 25.042540856959299, "Lng": 121.467520594597, "PassEasyEle": 0.0, "PassEasyParking": 1.0, "PassEasyShower": 0.0, "PassEasyToilet": 0.0, "PassEasyWay": 0.0, "WheelchairAuditorium": 0.0 }, "geometry": { "type": "Point", "coordinates": [ 121.467520594597005, 25.042540856959299 ] } },
{ "type": "Feature", "properties": { "GymType": "球類運動設施/羽球場館", "Name": "羽球場館", "Addr": "新北市三重區正義南路62號", "OperationTel": "02-29755352#131", "WebUrl": "http://www.kses.ntpc.edu.tw", "Lat": 25.058693647358002, "Lng": 121.498922556639, "PassEasyEle": 0.0, "PassEasyParking": 5.0, "PassEasyShower": 0.0, "PassEasyToilet": 0.0, "PassEasyWay": 2.0, "WheelchairAuditorium": 0.0 }, "geometry": { "type": "Point", "coordinates": [ 121.498922556639002, 25.058693647358002 ] } },
{ "type": "Feature", "properties": { "GymType": "陸上/射擊運動設施/田徑場", "Name": "泰山國小田徑場", "Addr": "新北市泰山區泰林路二段255號", "OperationTel": "02-29098842#140", "WebUrl": "http://www.tses.ntpc.edu.tw", "Lat": 25.0614161457538, "Lng": 121.43172919750199, "PassEasyEle": 0.0, "PassEasyParking": 0.0, "PassEasyShower": 0.0, "PassEasyToilet": 0.0, "PassEasyWay": 0.0, "WheelchairAuditorium": 0.0 }, "geometry": { "type": "Point", "coordinates": [ 121.431729197501994, 25.0614161457538 ] } },
{ "type": "Feature", "properties": { "GymType": "球類運動設施/籃球場館", "Name": "三芝國中籃球場", "Addr": "新北市三芝區淡金路一段38號", "OperationTel": "0933490310", "WebUrl": "http://www.szjh.ntpc.edu.tw", "Lat": 25.259125202017099, "Lng": 121.501761674881, "PassEasyEle": 0.0, "PassEasyParking": 0.0, "PassEasyShower": 0.0, "PassEasyToilet": 0.0, "PassEasyWay": 1.0, "WheelchairAuditorium": 0.0 }, "geometry": { "type": "Point", "coordinates": [ 121.501761674880996, 25.259125202017099 ] } },
{ "type": "Feature", "properties": { "GymType": "球類運動設施/籃球場館", "Name": "瑞芳國小活動中心", "Addr": "新北市瑞芳區龍川里中山路2號", "OperationTel": "02-24972058#122", "WebUrl": "http://www.rfes.ntpc.edu.tw", "Lat": 25.107761979785, "Lng": 121.804134285267, "PassEasyEle": 0.0, "PassEasyParking": 0.0, "PassEasyShower": 1.0, "PassEasyToilet": 1.0, "PassEasyWay": 0.0, "WheelchairAuditorium": 0.0 }, "geometry": { "type": "Point", "coordinates": [ 121.804134285266997, 25.107761979785 ] } },
{ "type": "Feature", "properties": { "GymType": "球類運動設施/籃球場館", "Name": "新北特殊教育學校活動中心", "Addr": "新北市林口區文化北路一段425號                                        ", "OperationTel": "02-26006768#3005", "WebUrl": "http://210.60.207.4/default.asp", "Lat": 25.07833534156941, "Lng": 121.36599898338318, "PassEasyEle": 0.0, "PassEasyParking": 0.0, "PassEasyShower": 2.0, "PassEasyToilet": 2.0, "PassEasyWay": 0.0, "WheelchairAuditorium": 200.0 }, "geometry": { "type": "Point", "coordinates": [ 121.365998983383179, 25.07833534156941 ] } },
{ "type": "Feature", "properties": { "GymType": "球類運動設施/籃球場館", "Name": "碧華國小籃球場", "Addr": "新北市三重區五華街160號", "OperationTel": "02-28577792#734", "WebUrl": "http://www2.bhes.ntpc.edu.tw/", "Lat": 25.0848215471723, "Lng": 121.489992141724, "PassEasyEle": 1.0, "PassEasyParking": 8.0, "PassEasyShower": 0.0, "PassEasyToilet": 1.0, "PassEasyWay": 2.0, "WheelchairAuditorium": 6.0 }, "geometry": { "type": "Point", "coordinates": [ 121.489992141724002, 25.0848215471723 ] } },
{ "type": "Feature", "properties": { "GymType": "球類運動設施/籃球場館", "Name": "頂溪國小大禮堂", "Addr": "新北市永和區文化路133號", "OperationTel": "02-29212058#6203", "WebUrl": "http://www.thps.ntpc.edu.tw", "Lat": 25.015044024806901, "Lng": 121.511921882629, "PassEasyEle": 0.0, "PassEasyParking": 0.0, "PassEasyShower": 0.0, "PassEasyToilet": 0.0, "PassEasyWay": 0.0, "WheelchairAuditorium": 0.0 }, "geometry": { "type": "Point", "coordinates": [ 121.511921882628997, 25.015044024806901 ] } },
{ "type": "Feature", "properties": { "GymType": "陸上/射擊運動設施/田徑場", "Name": "明志國中田徑場", "Addr": "新北市三重區中正北路107號", "OperationTel": "02-29844132#318", "WebUrl": "http://www.mcjh.ntpc.edu.tw", "Lat": 25.063510521023002, "Lng": 121.489005088806, "PassEasyEle": 0.0, "PassEasyParking": 0.0, "PassEasyShower": 0.0, "PassEasyToilet": 0.0, "PassEasyWay": 0.0, "WheelchairAuditorium": 0.0 }, "geometry": { "type": "Point", "coordinates": [ 121.489005088805996, 25.063510521023002 ] } },
{ "type": "Feature", "properties": { "GymType": "球類運動設施/籃球場館", "Name": "國泰國小籃球場", "Addr": "新北市新莊區中正路386號", "OperationTel": "02-29043693#303", "WebUrl": "http://www.gtps.ntpc.edu.tw", "Lat": 25.034341544899799, "Lng": 121.44158363342299, "PassEasyEle": 1.0, "PassEasyParking": 1.0, "PassEasyShower": 0.0, "PassEasyToilet": 3.0, "PassEasyWay": 3.0, "WheelchairAuditorium": 0.0 }, "geometry": { "type": "Point", "coordinates": [ 121.441583633422994, 25.034341544899799 ] } },
{ "type": "Feature", "properties": { "GymType": "球類運動設施/籃球場館", "Name": "莒光國小風雨操揚", "Addr": "新北市板橋區華翠里莒光路163號", "OperationTel": "02-22517272#104", "WebUrl": "http://www.jges.ntpc.edu.tw", "Lat": 25.0254320090216, "Lng": 121.47397398948701, "PassEasyEle": 0.0, "PassEasyParking": 0.0, "PassEasyShower": 0.0, "PassEasyToilet": 0.0, "PassEasyWay": 0.0, "WheelchairAuditorium": 0.0 }, "geometry": { "type": "Point", "coordinates": [ 121.473973989487007, 25.0254320090216 ] } },
{ "type": "Feature", "properties": { "GymType": "球類運動設施/籃球場館", "Name": "明志國中迎曦廣場(風雨操場)", "Addr": "新北市三重區中正北路107號", "OperationTel": "02-29844132#318", "WebUrl": "http://www.mcjh.ntpc.edu.tw", "Lat": 25.064482376735999, "Lng": 121.489058732986, "PassEasyEle": 0.0, "PassEasyParking": 0.0, "PassEasyShower": 0.0, "PassEasyToilet": 0.0, "PassEasyWay": 0.0, "WheelchairAuditorium": 0.0 }, "geometry": { "type": "Point", "coordinates": [ 121.489058732985995, 25.064482376735999 ] } },
{ "type": "Feature", "properties": { "GymType": "球類運動設施/排球場館", "Name": "排球場館", "Addr": "新北市永和區文化路133號", "OperationTel": "02-29212058#6203", "WebUrl": "http://www.thps.ntpc.edu.tw", "Lat": 25.015685703958699, "Lng": 121.511181592941, "PassEasyEle": 0.0, "PassEasyParking": 0.0, "PassEasyShower": 0.0, "PassEasyToilet": 0.0, "PassEasyWay": 0.0, "WheelchairAuditorium": 0.0 }, "geometry": { "type": "Point", "coordinates": [ 121.511181592941, 25.015685703958699 ] } },
{ "type": "Feature", "properties": { "GymType": "陸上/射擊運動設施/田徑場", "Name": "三多國中田徑場", "Addr": "新北市樹林區三多路101號", "OperationTel": "02-86881501#110", "WebUrl": "http://www.sdjh.ntpc.edu.tw", "Lat": 25.0062837968038, "Lng": 121.41466498374901, "PassEasyEle": 0.0, "PassEasyParking": 0.0, "PassEasyShower": 0.0, "PassEasyToilet": 0.0, "PassEasyWay": 0.0, "WheelchairAuditorium": 0.0 }, "geometry": { "type": "Point", "coordinates": [ 121.414664983749006, 25.0062837968038 ] } },
{ "type": "Feature", "properties": { "GymType": "陸上/射擊運動設施/田徑場", "Name": "清水國小內操場", "Addr": "新北市土城區金城路二段356號", "OperationTel": "02-22618316#832", "WebUrl": "http://www.cses.ntpc.edu.tw", "Lat": 24.984190858695602, "Lng": 121.461753845215, "PassEasyEle": 0.0, "PassEasyParking": 0.0, "PassEasyShower": 0.0, "PassEasyToilet": 0.0, "PassEasyWay": 0.0, "WheelchairAuditorium": 0.0 }, "geometry": { "type": "Point", "coordinates": [ 121.461753845215, 24.984190858695602 ] } },
{ "type": "Feature", "properties": { "GymType": "陸上/射擊運動設施/田徑場", "Name": "安溪國小田徑場", "Addr": "新北市三峽區中華路42號", "OperationTel": "02-26731488#224", "WebUrl": "http://www.ases.ntpc.edu.tw", "Lat": 24.931679900682301, "Lng": 121.37160480022401, "PassEasyEle": 1.0, "PassEasyParking": 1.0, "PassEasyShower": 1.0, "PassEasyToilet": 1.0, "PassEasyWay": 1.0, "WheelchairAuditorium": 0.0 }, "geometry": { "type": "Point", "coordinates": [ 121.371604800224006, 24.931679900682301 ] } },
{ "type": "Feature", "properties": { "GymType": "球類運動設施/籃球場館", "Name": "成州國民小學風雨操場", "Addr": "新北市五股區成泰路三段493號", "OperationTel": "02-22933613", "WebUrl": "http://www.cjoes.ntpc.edu.tw", "Lat": 25.0995539167765, "Lng": 121.45024985075, "PassEasyEle": 1.0, "PassEasyParking": 1.0, "PassEasyShower": 0.0, "PassEasyToilet": 1.0, "PassEasyWay": 1.0, "WheelchairAuditorium": 0.0 }, "geometry": { "type": "Point", "coordinates": [ 121.450249850749998, 25.0995539167765 ] } },
{ "type": "Feature", "properties": { "GymType": "球類運動設施/籃球場館", "Name": "福營國中迎曦廣場", "Addr": "新北市新莊區富國路105號", "OperationTel": "02-22048741#253", "WebUrl": "http://www.fyjh.ntpc.edu.tw", "Lat": 25.0260201652655, "Lng": 121.423532366752, "PassEasyEle": 0.0, "PassEasyParking": 5.0, "PassEasyShower": 0.0, "PassEasyToilet": 0.0, "PassEasyWay": 2.0, "WheelchairAuditorium": 5.0 }, "geometry": { "type": "Point", "coordinates": [ 121.423532366751999, 25.0260201652655 ] } },
{ "type": "Feature", "properties": { "GymType": "球類運動設施/籃球場館", "Name": "明志國中籃球場", "Addr": "新北市三重區中正北路107號", "OperationTel": "02-29844132#318", "WebUrl": "http://www.mcjh.ntpc.edu.tw", "Lat": 25.064088776101102, "Lng": 121.488881707191, "PassEasyEle": 0.0, "PassEasyParking": 0.0, "PassEasyShower": 0.0, "PassEasyToilet": 0.0, "PassEasyWay": 0.0, "WheelchairAuditorium": 0.0 }, "geometry": { "type": "Point", "coordinates": [ 121.488881707190998, 25.064088776101102 ] } },
{ "type": "Feature", "properties": { "GymType": "舞蹈運動設施/多功能舞蹈運動教室（含舞蹈教室/韻律教室/瑜珈教室等類型空間）", "Name": "華梵大學觀音室", "Addr": "新北市石碇區華梵路1號", "OperationTel": "02-26632102#2710", "WebUrl": "http://www.hfu.edu.tw", "Lat": 24.981263635461598, "Lng": 121.691334843636, "PassEasyEle": null, "PassEasyParking": null, "PassEasyShower": null, "PassEasyToilet": null, "PassEasyWay": null, "WheelchairAuditorium": null }, "geometry": { "type": "Point", "coordinates": [ 121.691334843636, 24.981263635461598 ] } },
{ "type": "Feature", "properties": { "GymType": "球類運動設施/躲避球場", "Name": "安溪國小中庭", "Addr": "新北市三峽區中華路42號", "OperationTel": "02-26731488#224", "WebUrl": "http://www.ases.ntpc.edu.tw", "Lat": 24.9313928940403, "Lng": 121.37206614017499, "PassEasyEle": 1.0, "PassEasyParking": 0.0, "PassEasyShower": 1.0, "PassEasyToilet": 1.0, "PassEasyWay": 1.0, "WheelchairAuditorium": 0.0 }, "geometry": { "type": "Point", "coordinates": [ 121.372066140174994, 24.9313928940403 ] } },
{ "type": "Feature", "properties": { "GymType": "陸上/射擊運動設施/田徑場", "Name": "田徑場", "Addr": "新北市新店區中興路一段253號", "OperationTel": "02-29112005#213", "WebUrl": "http://www.wfjh.ntpc.edu.tw", "Lat": 24.966769632638801, "Lng": 121.543801311273, "PassEasyEle": 0.0, "PassEasyParking": 0.0, "PassEasyShower": 0.0, "PassEasyToilet": 0.0, "PassEasyWay": 0.0, "WheelchairAuditorium": 0.0 }, "geometry": { "type": "Point", "coordinates": [ 121.543801311273, 24.966769632638801 ] } },
{ "type": "Feature", "properties": { "GymType": "球類運動設施/籃球場館", "Name": "安溪國小籃球場", "Addr": "新北市三峽區中華路42號", "OperationTel": "02-26731488#224", "WebUrl": "http://www.ases.ntpc.edu.tw", "Lat": 24.931037783202399, "Lng": 121.37187302112601, "PassEasyEle": 1.0, "PassEasyParking": 0.0, "PassEasyShower": 1.0, "PassEasyToilet": 1.0, "PassEasyWay": 1.0, "WheelchairAuditorium": 0.0 }, "geometry": { "type": "Point", "coordinates": [ 121.371873021126007, 24.931037783202399 ] } },
{ "type": "Feature", "properties": { "GymType": "陸上/射擊運動設施/田徑場", "Name": "林口高中田徑場", "Addr": "新北市林口區仁愛路二段173號", "OperationTel": "02-26009482#302", "WebUrl": "http://www.lksh.ntpc.edu.tw", "Lat": 25.073150988579201, "Lng": 121.38019323349, "PassEasyEle": 0.0, "PassEasyParking": 0.0, "PassEasyShower": 0.0, "PassEasyToilet": 0.0, "PassEasyWay": 1.0, "WheelchairAuditorium": 0.0 }, "geometry": { "type": "Point", "coordinates": [ 121.380193233490004, 25.073150988579201 ] } },
{ "type": "Feature", "properties": { "GymType": "球類運動設施/籃球場館", "Name": "安坑國小籃球場", "Addr": "新北市新店區安忠路36號", "OperationTel": "02-22110560#305", "WebUrl": "https://www.takes.ntpc.edu.tw", "Lat": 24.9611683125136, "Lng": 121.513477563531, "PassEasyEle": 0.0, "PassEasyParking": 0.0, "PassEasyShower": 0.0, "PassEasyToilet": 42.0, "PassEasyWay": 2.0, "WheelchairAuditorium": 0.0 }, "geometry": { "type": "Point", "coordinates": [ 121.513477563530998, 24.9611683125136 ] } },
{ "type": "Feature", "properties": { "GymType": "球類運動設施/籃球場館", "Name": "安溪國小體育館", "Addr": "新北市三峽區中華路42號", "OperationTel": "02-26731488#224", "WebUrl": "http://www.ases.ntpc.edu.tw", "Lat": 24.931811242481999, "Lng": 121.37179255485501, "PassEasyEle": 0.0, "PassEasyParking": 1.0, "PassEasyShower": 1.0, "PassEasyToilet": 1.0, "PassEasyWay": 0.0, "WheelchairAuditorium": 0.0 }, "geometry": { "type": "Point", "coordinates": [ 121.371792554855006, 24.931811242481999 ] } },
{ "type": "Feature", "properties": { "GymType": "球類運動設施/籃球場館", "Name": "網溪國小籃球場", "Addr": "新北市永和區竹林路79號", "OperationTel": "02-89264470", "WebUrl": "http://www.whps.ntpc.edu.tw", "Lat": 25.013109244641701, "Lng": 121.519657373428, "PassEasyEle": 0.0, "PassEasyParking": 0.0, "PassEasyShower": 0.0, "PassEasyToilet": 0.0, "PassEasyWay": 0.0, "WheelchairAuditorium": 0.0 }, "geometry": { "type": "Point", "coordinates": [ 121.519657373428004, 25.013109244641701 ] } },
{ "type": "Feature", "properties": { "GymType": "水上/冰上運動設施/游泳池", "Name": "安溪國小游泳池", "Addr": "新北市三峽區中華路42號", "OperationTel": "02-26731488", "WebUrl": "http://www.ases.ntpc.edu.tw", "Lat": 24.932195538055002, "Lng": 121.371647715569, "PassEasyEle": 0.0, "PassEasyParking": 1.0, "PassEasyShower": 0.0, "PassEasyToilet": 0.0, "PassEasyWay": 1.0, "WheelchairAuditorium": 0.0 }, "geometry": { "type": "Point", "coordinates": [ 121.371647715568997, 24.932195538055002 ] } },
{ "type": "Feature", "properties": { "GymType": "球類運動設施/籃球場館", "Name": "頂埔國小體育館", "Addr": "新北市土城區頂福里中央路四段205號", "OperationTel": "02-22686800", "WebUrl": "http://www.dpes.ntpc.edu.tw", "Lat": 24.955610983824201, "Lng": 121.414783000946, "PassEasyEle": 0.0, "PassEasyParking": 0.0, "PassEasyShower": 0.0, "PassEasyToilet": 0.0, "PassEasyWay": 0.0, "WheelchairAuditorium": 0.0 }, "geometry": { "type": "Point", "coordinates": [ 121.414783000946002, 24.955610983824201 ] } },
{ "type": "Feature", "properties": { "GymType": "阻力運動設施/多功能健身房/體適能中心（此空間中具有兩種以上之阻力運動器材設備）", "Name": "華梵大學健身房(含重量訓練室)", "Addr": "新北市石碇區華梵路1號", "OperationTel": "02-26632102#2710", "WebUrl": "http://www.hfu.edu.tw", "Lat": 24.981205284788501, "Lng": 121.69130265712801, "PassEasyEle": null, "PassEasyParking": null, "PassEasyShower": null, "PassEasyToilet": null, "PassEasyWay": null, "WheelchairAuditorium": null }, "geometry": { "type": "Point", "coordinates": [ 121.691302657128006, 24.981205284788501 ] } },
{ "type": "Feature", "properties": { "GymType": "球類運動設施/籃球場館", "Name": "桃子腳國(中)小風雨操場", "Addr": "新北市樹林區學勤路555號", "OperationTel": "02-89703225#8230", "WebUrl": "http://www.tykjh.ntpc.edu.tw", "Lat": 24.948918531319901, "Lng": 121.382896900177, "PassEasyEle": null, "PassEasyParking": null, "PassEasyShower": null, "PassEasyToilet": null, "PassEasyWay": null, "WheelchairAuditorium": null }, "geometry": { "type": "Point", "coordinates": [ 121.382896900177002, 24.948918531319901 ] } },
{ "type": "Feature", "properties": { "GymType": "陸上/射擊運動設施/田徑場", "Name": "桃子腳國(中)小田徑場", "Addr": "新北市樹林區學勤路555號", "OperationTel": "02-89703225#8230", "WebUrl": "http://www.tykjh.ntpc.edu.tw", "Lat": 24.9508056841083, "Lng": 121.38335287571, "PassEasyEle": 0.0, "PassEasyParking": 0.0, "PassEasyShower": 0.0, "PassEasyToilet": 0.0, "PassEasyWay": 0.0, "WheelchairAuditorium": 0.0 }, "geometry": { "type": "Point", "coordinates": [ 121.383352875710003, 24.9508056841083 ] } },
{ "type": "Feature", "properties": { "GymType": "球類運動設施/籃球場館", "Name": "白雲國小星月廣場(籃球場)", "Addr": "新北市汐止區福山里民權街二段90號", "OperationTel": "02-26403909", "WebUrl": "http://www.pyps.ntpc.edu.tw", "Lat": 25.0482951149408, "Lng": 121.617954969406, "PassEasyEle": 0.0, "PassEasyParking": 0.0, "PassEasyShower": 0.0, "PassEasyToilet": 0.0, "PassEasyWay": 0.0, "WheelchairAuditorium": 0.0 }, "geometry": { "type": "Point", "coordinates": [ 121.617954969406, 25.0482951149408 ] } },
{ "type": "Feature", "properties": { "GymType": "陸上/射擊運動設施/田徑場", "Name": "頂埔國小田徑場", "Addr": "新北市土城區頂福里中央路四段205號", "OperationTel": "02-22686800", "WebUrl": "http://www.dpes.ntpc.edu.tw", "Lat": 24.9556839373342, "Lng": 121.41487151384401, "PassEasyEle": 0.0, "PassEasyParking": 0.0, "PassEasyShower": 0.0, "PassEasyToilet": 0.0, "PassEasyWay": 0.0, "WheelchairAuditorium": 0.0 }, "geometry": { "type": "Point", "coordinates": [ 121.414871513844005, 24.9556839373342 ] } },
{ "type": "Feature", "properties": { "GymType": "陸上/射擊運動設施/田徑場", "Name": "三和國中田徑場", "Addr": "新北市三重區三和路四段216號", "OperationTel": "02-22879890#205", "WebUrl": "http://www.shjh.ntpc.edu.tw", "Lat": 25.075774774789402, "Lng": 121.48684859275799, "PassEasyEle": 0.0, "PassEasyParking": 0.0, "PassEasyShower": 0.0, "PassEasyToilet": 0.0, "PassEasyWay": 0.0, "WheelchairAuditorium": 0.0 }, "geometry": { "type": "Point", "coordinates": [ 121.486848592757994, 25.075774774789402 ] } },
{ "type": "Feature", "properties": { "GymType": "球類運動設施/籃球場館", "Name": "頂埔國小籃球場", "Addr": "新北市土城區頂福里中央路四段205號", "OperationTel": "02-22686800#823", "WebUrl": "http://www.dpes.ntpc.edu.tw", "Lat": 24.9565228995924, "Lng": 121.415056586266, "PassEasyEle": 0.0, "PassEasyParking": 0.0, "PassEasyShower": 0.0, "PassEasyToilet": 0.0, "PassEasyWay": 0.0, "WheelchairAuditorium": 0.0 }, "geometry": { "type": "Point", "coordinates": [ 121.415056586266005, 24.9565228995924 ] } },
{ "type": "Feature", "properties": { "GymType": "球類運動設施/棒球場", "Name": "瑞芳棒球場", "Addr": "新北市瑞芳區明燈路一段201巷", "OperationTel": "02-24972250", "WebUrl": null, "Lat": 25.106138578656498, "Lng": 121.81947469711299, "PassEasyEle": 0.0, "PassEasyParking": 0.0, "PassEasyShower": 0.0, "PassEasyToilet": 0.0, "PassEasyWay": 0.0, "WheelchairAuditorium": 0.0 }, "geometry": { "type": "Point", "coordinates": [ 121.819474697112994, 25.106138578656498 ] } },
{ "type": "Feature", "properties": { "GymType": "球類運動設施/籃球場館", "Name": "柑林國小籃球場", "Addr": "新北市雙溪區長源里柑腳3號", "OperationTel": "02-24931624#13", "WebUrl": "http://www.gles.ntpc.edu.tw", "Lat": 25.015078053330999, "Lng": 121.80464208126099, "PassEasyEle": 0.0, "PassEasyParking": 0.0, "PassEasyShower": 0.0, "PassEasyToilet": 0.0, "PassEasyWay": 0.0, "WheelchairAuditorium": 0.0 }, "geometry": { "type": "Point", "coordinates": [ 121.804642081260994, 25.015078053330999 ] } },
{ "type": "Feature", "properties": { "GymType": "球類運動設施/籃球場館", "Name": "修德國小體育館", "Addr": "新北市三重區重陽路三段3號", "OperationTel": "02-29800495#616", "WebUrl": "http://www.sude.ntpc.edu.tw", "Lat": 25.065726340798999, "Lng": 121.489852666855, "PassEasyEle": 0.0, "PassEasyParking": 0.0, "PassEasyShower": 0.0, "PassEasyToilet": 0.0, "PassEasyWay": 0.0, "WheelchairAuditorium": 0.0 }, "geometry": { "type": "Point", "coordinates": [ 121.489852666855001, 25.065726340798999 ] } },
{ "type": "Feature", "properties": { "GymType": "陸上/射擊運動設施/田徑場", "Name": "福營國中田徑場", "Addr": "新北市新莊區富國路105號", "OperationTel": "02-22048741#251", "WebUrl": "http://www.fyjh.ntpc.edu.tw", "Lat": 25.0254222874071, "Lng": 121.422470211983, "PassEasyEle": 0.0, "PassEasyParking": 0.0, "PassEasyShower": 0.0, "PassEasyToilet": 0.0, "PassEasyWay": 0.0, "WheelchairAuditorium": 0.0 }, "geometry": { "type": "Point", "coordinates": [ 121.422470211982997, 25.0254222874071 ] } },
{ "type": "Feature", "properties": { "GymType": "球類運動設施/籃球場館", "Name": "興仁國小操場及籃球場", "Addr": "新北市淡水區興仁路101巷10號", "OperationTel": "02-26213783#６２1", "WebUrl": "http://www.shrens.ntpc.edu.tw", "Lat": 25.217338869891201, "Lng": 121.45078389528101, "PassEasyEle": 0.0, "PassEasyParking": 3.0, "PassEasyShower": 1.0, "PassEasyToilet": 1.0, "PassEasyWay": 0.0, "WheelchairAuditorium": 0.0 }, "geometry": { "type": "Point", "coordinates": [ 121.450783895281006, 25.217338869891201 ] } },
{ "type": "Feature", "properties": { "GymType": "球類運動設施/籃球場館", "Name": "永和國小外操場", "Addr": "新北市永和區秀朗路一段120號", "OperationTel": "02-29214615#401", "WebUrl": "http://www.yhes.ntpc.edu.tw", "Lat": 25.003371684752899, "Lng": 121.516942977905, "PassEasyEle": 0.0, "PassEasyParking": 2.0, "PassEasyShower": 0.0, "PassEasyToilet": 0.0, "PassEasyWay": 1.0, "WheelchairAuditorium": 0.0 }, "geometry": { "type": "Point", "coordinates": [ 121.516942977905003, 25.003371684752899 ] } },
{ "type": "Feature", "properties": { "GymType": "球類運動設施/籃球場館", "Name": "仁愛國小籃球場", "Addr": "新北市蘆洲區民族路488號", "OperationTel": "02-22838815#823", "WebUrl": "http://www.jaes.ntpc.edu.tw", "Lat": 25.092031277951399, "Lng": 121.470583677292, "PassEasyEle": 0.0, "PassEasyParking": 0.0, "PassEasyShower": 0.0, "PassEasyToilet": 0.0, "PassEasyWay": 1.0, "WheelchairAuditorium": 0.0 }, "geometry": { "type": "Point", "coordinates": [ 121.470583677291998, 25.092031277951399 ] } },
{ "type": "Feature", "properties": { "GymType": "球類運動設施/籃球場館", "Name": "籃球場館", "Addr": "新北市汐止區樟樹二路135號", "OperationTel": "02-26430686#301", "WebUrl": "http://www.ctjhs.ntpc.edu.tw", "Lat": 25.0656971855359, "Lng": 121.639637947083, "PassEasyEle": null, "PassEasyParking": null, "PassEasyShower": null, "PassEasyToilet": null, "PassEasyWay": null, "WheelchairAuditorium": null }, "geometry": { "type": "Point", "coordinates": [ 121.639637947083003, 25.0656971855359 ] } },
{ "type": "Feature", "properties": { "GymType": "球類運動設施/籃球場館", "Name": "永吉國小風雨操場", "Addr": "新北市鶯歌區德昌二街2號", "OperationTel": "02-26704177#203", "WebUrl": "http://www.yces.ntpc.edu.tw", "Lat": 24.958631222987201, "Lng": 121.33279323577899, "PassEasyEle": 1.0, "PassEasyParking": 1.0, "PassEasyShower": 0.0, "PassEasyToilet": 1.0, "PassEasyWay": 1.0, "WheelchairAuditorium": 0.0 }, "geometry": { "type": "Point", "coordinates": [ 121.332793235778993, 24.958631222987201 ] } },
{ "type": "Feature", "properties": { "GymType": "球類運動設施/手球場", "Name": "復興國小綜合體育館", "Addr": "新北市中和區復興路301巷6號", "OperationTel": "02-22472993#223", "WebUrl": "http://www.fsps.ntpc.edu.tw", "Lat": 24.989631807757245, "Lng": 121.50190114974976, "PassEasyEle": 0.0, "PassEasyParking": 0.0, "PassEasyShower": 0.0, "PassEasyToilet": 0.0, "PassEasyWay": 0.0, "WheelchairAuditorium": 0.0 }, "geometry": { "type": "Point", "coordinates": [ 121.501901149749756, 24.989631807757245 ] } },
{ "type": "Feature", "properties": { "GymType": "陸上/射擊運動設施/田徑場", "Name": "林口國小田徑場", "Addr": "新北市林口區菁湖里林口路76號", "OperationTel": "02-26011010#831", "WebUrl": "http://www.lkes.ntpc.edu.tw", "Lat": 25.080186495965702, "Lng": 121.390846967697, "PassEasyEle": 0.0, "PassEasyParking": 0.0, "PassEasyShower": 0.0, "PassEasyToilet": 0.0, "PassEasyWay": 0.0, "WheelchairAuditorium": 0.0 }, "geometry": { "type": "Point", "coordinates": [ 121.390846967697001, 25.080186495965702 ] } },
{ "type": "Feature", "properties": { "GymType": "球類運動設施/籃球場館", "Name": "江翠國中活動中心", "Addr": "新北市板橋區松江街63號", "OperationTel": "02-22518007#260", "WebUrl": "http://www.ctjh.ntpc.edu.tw", "Lat": 25.029704584042999, "Lng": 121.46796584129299, "PassEasyEle": 1.0, "PassEasyParking": 0.0, "PassEasyShower": 0.0, "PassEasyToilet": 2.0, "PassEasyWay": 1.0, "WheelchairAuditorium": 0.0 }, "geometry": { "type": "Point", "coordinates": [ 121.467965841292994, 25.029704584042999 ] } },
{ "type": "Feature", "properties": { "GymType": "球類運動設施/羽球場館", "Name": "三民高中逸仙堂", "Addr": "新北市蘆洲區三民路96號", "OperationTel": "02-22894675", "WebUrl": "https://www.facebook.com/dreams.sport02/", "Lat": 25.086422396721499, "Lng": 121.47407323122, "PassEasyEle": 0.0, "PassEasyParking": 0.0, "PassEasyShower": 0.0, "PassEasyToilet": 0.0, "PassEasyWay": 0.0, "WheelchairAuditorium": 0.0 }, "geometry": { "type": "Point", "coordinates": [ 121.474073231220004, 25.086422396721499 ] } },
{ "type": "Feature", "properties": { "GymType": "球類運動設施/籃球場館", "Name": "丹鳳國小籃球場", "Addr": "新北市新莊區新北大道7段437號", "OperationTel": "02-29035355#124", "WebUrl": "http://www.tfon.ntpc.edu.tw", "Lat": 25.024717468305099, "Lng": 121.414139270782, "PassEasyEle": 0.0, "PassEasyParking": 0.0, "PassEasyShower": 0.0, "PassEasyToilet": 0.0, "PassEasyWay": 0.0, "WheelchairAuditorium": 0.0 }, "geometry": { "type": "Point", "coordinates": [ 121.414139270782002, 25.024717468305099 ] } },
{ "type": "Feature", "properties": { "GymType": "球類運動設施/籃球場館", "Name": "雙城國小籃球場", "Addr": "新北市新店區安康路三段322號", "OperationTel": "02-22156511#123", "WebUrl": "http://www.tcsps.ntpc.edu.tw", "Lat": 24.9522161660188, "Lng": 121.486306786537, "PassEasyEle": 1.0, "PassEasyParking": 0.0, "PassEasyShower": 0.0, "PassEasyToilet": 1.0, "PassEasyWay": 1.0, "WheelchairAuditorium": 0.0 }, "geometry": { "type": "Point", "coordinates": [ 121.486306786537, 24.9522161660188 ] } },
{ "type": "Feature", "properties": { "GymType": "陸上/射擊運動設施/田徑場", "Name": "江翠國中田徑場", "Addr": "新北市板橋區松江街63號", "OperationTel": "02-22518007#260", "WebUrl": "http://www.ctjh.ntpc.edu.tw", "Lat": 25.028542886105601, "Lng": 121.467086076736, "PassEasyEle": 0.0, "PassEasyParking": 0.0, "PassEasyShower": 0.0, "PassEasyToilet": 0.0, "PassEasyWay": 0.0, "WheelchairAuditorium": 0.0 }, "geometry": { "type": "Point", "coordinates": [ 121.467086076735995, 25.028542886105601 ] } },
{ "type": "Feature", "properties": { "GymType": "球類運動設施/羽球場館", "Name": "崇德國小崇光堂", "Addr": "新北市汐止區茄苳里茄苳路158號", "OperationTel": "02-86482052#15", "WebUrl": "http://www.cdps.ntpc.edu.tw", "Lat": 25.068913941052799, "Lng": 121.66868627071401, "PassEasyEle": 0.0, "PassEasyParking": 0.0, "PassEasyShower": 0.0, "PassEasyToilet": 0.0, "PassEasyWay": 0.0, "WheelchairAuditorium": 0.0 }, "geometry": { "type": "Point", "coordinates": [ 121.668686270714005, 25.068913941052799 ] } },
{ "type": "Feature", "properties": { "GymType": "陸上/射擊運動設施/環形或直線慢跑場（非田徑場）", "Name": "大豐國小運動場", "Addr": "新北市新店區民族路108號", "OperationTel": "02-22192619#834", "WebUrl": "http://www.dfes.ntpc.edu.tw", "Lat": 24.978112659493998, "Lng": 121.53780519962299, "PassEasyEle": 0.0, "PassEasyParking": 0.0, "PassEasyShower": 0.0, "PassEasyToilet": 0.0, "PassEasyWay": 0.0, "WheelchairAuditorium": 0.0 }, "geometry": { "type": "Point", "coordinates": [ 121.537805199622994, 24.978112659493998 ] } },
{ "type": "Feature", "properties": { "GymType": "球類運動設施/籃球場館", "Name": "江翠國中籃球場", "Addr": "新北市板橋區松江街63號", "OperationTel": "02-22518007#261", "WebUrl": "http://www.ctjh.ntpc.edu.tw", "Lat": 25.028406786882702, "Lng": 121.467311382294, "PassEasyEle": 0.0, "PassEasyParking": 0.0, "PassEasyShower": 0.0, "PassEasyToilet": 0.0, "PassEasyWay": 0.0, "WheelchairAuditorium": 0.0 }, "geometry": { "type": "Point", "coordinates": [ 121.467311382294, 25.028406786882702 ] } },
{ "type": "Feature", "properties": { "GymType": "陸上/射擊運動設施/田徑場", "Name": "田徑場", "Addr": "新北市新莊區自立街229號", "OperationTel": "02-29980443#831", "WebUrl": "http://www.sies.ntpc.edu.tw", "Lat": 25.046346279092301, "Lng": 121.457322835922, "PassEasyEle": 1.0, "PassEasyParking": 1.0, "PassEasyShower": 0.0, "PassEasyToilet": 1.0, "PassEasyWay": 1.0, "WheelchairAuditorium": 0.0 }, "geometry": { "type": "Point", "coordinates": [ 121.457322835922, 25.046346279092301 ] } },
{ "type": "Feature", "properties": { "GymType": "球類運動設施/排球場館", "Name": "江翠國中排球場(館)", "Addr": "新北市板橋區松江街63號", "OperationTel": "02-22518007#260", "WebUrl": "http://www.ctjh.ntpc.edu.tw", "Lat": 25.028615796341398, "Lng": 121.467692255974, "PassEasyEle": 0.0, "PassEasyParking": 0.0, "PassEasyShower": 0.0, "PassEasyToilet": 0.0, "PassEasyWay": 0.0, "WheelchairAuditorium": 0.0 }, "geometry": { "type": "Point", "coordinates": [ 121.467692255974001, 25.028615796341398 ] } },
{ "type": "Feature", "properties": { "GymType": "陸上/射擊運動設施/田徑場", "Name": "崇德國小田徑場", "Addr": "新北市汐止區茄苳里茄苳路158號", "OperationTel": "02-86482052", "WebUrl": "http://www.cdps.ntpc.edu.tw", "Lat": 25.0693123852521, "Lng": 121.669185161591, "PassEasyEle": 0.0, "PassEasyParking": 0.0, "PassEasyShower": 0.0, "PassEasyToilet": 0.0, "PassEasyWay": 0.0, "WheelchairAuditorium": 0.0 }, "geometry": { "type": "Point", "coordinates": [ 121.669185161591002, 25.0693123852521 ] } },
{ "type": "Feature", "properties": { "GymType": "球類運動設施/羽球場館", "Name": "麗林國小羽球場(館)", "Addr": "新北市林口區公園路46號", "OperationTel": "02-26008457#197", "WebUrl": "http://www.lles.ntpc.edu.tw", "Lat": 25.068491710169098, "Lng": 121.369440257549, "PassEasyEle": null, "PassEasyParking": null, "PassEasyShower": null, "PassEasyToilet": null, "PassEasyWay": null, "WheelchairAuditorium": null }, "geometry": { "type": "Point", "coordinates": [ 121.369440257549002, 25.068491710169098 ] } },
{ "type": "Feature", "properties": { "GymType": "球類運動設施/籃球場館", "Name": "豐年國小活動中心", "Addr": "新北市新莊區國泰里瓊泰路116號", "OperationTel": "02-22017102#79", "WebUrl": "http://www.fnes.ntpc.edu.tw", "Lat": 25.030579495731001, "Lng": 121.443504095078, "PassEasyEle": null, "PassEasyParking": null, "PassEasyShower": null, "PassEasyToilet": null, "PassEasyWay": null, "WheelchairAuditorium": null }, "geometry": { "type": "Point", "coordinates": [ 121.443504095077998, 25.030579495731001 ] } },
{ "type": "Feature", "properties": { "GymType": "球類運動設施/網球場館", "Name": "林口高中網球場(館)", "Addr": "新北市林口區仁愛路二段173號", "OperationTel": "02-26009482#302", "WebUrl": "http://www.lksh.ntpc.edu.tw", "Lat": 25.072976067499599, "Lng": 121.380043029785, "PassEasyEle": 0.0, "PassEasyParking": 0.0, "PassEasyShower": 0.0, "PassEasyToilet": 0.0, "PassEasyWay": 0.0, "WheelchairAuditorium": 0.0 }, "geometry": { "type": "Point", "coordinates": [ 121.380043029785, 25.072976067499599 ] } },
{ "type": "Feature", "properties": { "GymType": "陸上/射擊運動設施/田徑場", "Name": "五華國小田徑場", "Addr": "新北市三重區集賢路89號", "OperationTel": "02-28578087#102", "WebUrl": "http://www.whes.ntpc.edu.tw", "Lat": 25.087464516663001, "Lng": 121.49264216423001, "PassEasyEle": 0.0, "PassEasyParking": 0.0, "PassEasyShower": 0.0, "PassEasyToilet": 0.0, "PassEasyWay": 0.0, "WheelchairAuditorium": 0.0 }, "geometry": { "type": "Point", "coordinates": [ 121.492642164230006, 25.087464516663001 ] } },
{ "type": "Feature", "properties": { "GymType": "陸上/射擊運動設施/田徑場", "Name": "金山國小操場", "Addr": "新北市金山區美田里中山路234號", "OperationTel": "02-24981125#209", "WebUrl": "http://www.tpcses.ntpc.edu.tw/", "Lat": 25.223708862016998, "Lng": 121.63673847913699, "PassEasyEle": 0.0, "PassEasyParking": 0.0, "PassEasyShower": 0.0, "PassEasyToilet": 0.0, "PassEasyWay": 0.0, "WheelchairAuditorium": 0.0 }, "geometry": { "type": "Point", "coordinates": [ 121.636738479136994, 25.223708862016998 ] } },
{ "type": "Feature", "properties": { "GymType": "球類運動設施/籃球場館", "Name": "金山國小籃球場", "Addr": "新北市金山區美田里中山路234號", "OperationTel": "02-24981125#209", "WebUrl": "http://www.tpcses.ntpc.edu.tw/", "Lat": 25.223276950925101, "Lng": 121.63716763258, "PassEasyEle": 0.0, "PassEasyParking": 0.0, "PassEasyShower": 0.0, "PassEasyToilet": 0.0, "PassEasyWay": 0.0, "WheelchairAuditorium": 0.0 }, "geometry": { "type": "Point", "coordinates": [ 121.637167632580002, 25.223276950925101 ] } },
{ "type": "Feature", "properties": { "GymType": "球類運動設施/籃球場館", "Name": "大觀國中樂活館", "Addr": "新北市板橋區僑中一街1號", "OperationTel": "02-22725015#831", "WebUrl": "http://www.tkjhs.ntpc.edu.tw", "Lat": 25.009842929003799, "Lng": 121.448731774549, "PassEasyEle": 1.0, "PassEasyParking": 1.0, "PassEasyShower": 0.0, "PassEasyToilet": 1.0, "PassEasyWay": 2.0, "WheelchairAuditorium": 0.0 }, "geometry": { "type": "Point", "coordinates": [ 121.448731774549003, 25.009842929003799 ] } },
{ "type": "Feature", "properties": { "GymType": "球類運動設施/足球場館", "Name": "大漢橋足球場", "Addr": "新北市板橋區江子翠景觀河濱公園足球場(大漢溪右岸自行車道1.4KM處)", "OperationTel": "02-89699596#501", "WebUrl": "http://www.rhbd.ntpc.gov.tw/cht/index.php", "Lat": 25.035963156473699, "Lng": 121.46897818030099, "PassEasyEle": 0.0, "PassEasyParking": 0.0, "PassEasyShower": 0.0, "PassEasyToilet": 0.0, "PassEasyWay": 0.0, "WheelchairAuditorium": 0.0 }, "geometry": { "type": "Point", "coordinates": [ 121.468978180300994, 25.035963156473699 ] } },
{ "type": "Feature", "properties": { "GymType": "陸上/射擊運動設施/田徑場", "Name": "興福國小田徑場", "Addr": "新北市林口區下福里20鄰10之1號", "OperationTel": "02-26062895", "WebUrl": "http://www.hfps.ntpc.edu.tw", "Lat": 25.1124047295189, "Lng": 121.312526464462, "PassEasyEle": 1.0, "PassEasyParking": 1.0, "PassEasyShower": 0.0, "PassEasyToilet": 1.0, "PassEasyWay": 1.0, "WheelchairAuditorium": 0.0 }, "geometry": { "type": "Point", "coordinates": [ 121.312526464461996, 25.1124047295189 ] } },
{ "type": "Feature", "properties": { "GymType": "球類運動設施/籃球場館", "Name": "永福國小活動中心", "Addr": "新北市三重區永福里永福街66號", "OperationTel": "02-22876716#845", "WebUrl": "http://www.yfps.ntpc.edu.tw", "Lat": 25.077487493793299, "Lng": 121.479823887348, "PassEasyEle": 2.0, "PassEasyParking": 0.0, "PassEasyShower": 1.0, "PassEasyToilet": 1.0, "PassEasyWay": 0.0, "WheelchairAuditorium": 0.0 }, "geometry": { "type": "Point", "coordinates": [ 121.479823887348005, 25.077487493793299 ] } },
{ "type": "Feature", "properties": { "GymType": "球類運動設施/籃球場館", "Name": "五華國小籃球場", "Addr": "新北市三重區集賢路89號", "OperationTel": "02-28578087#106", "WebUrl": "http://www.whes.ntpc.edu.tw", "Lat": 25.0875519668839, "Lng": 121.492481231689, "PassEasyEle": 0.0, "PassEasyParking": 0.0, "PassEasyShower": 0.0, "PassEasyToilet": 0.0, "PassEasyWay": 0.0, "WheelchairAuditorium": 0.0 }, "geometry": { "type": "Point", "coordinates": [ 121.492481231688998, 25.0875519668839 ] } },
{ "type": "Feature", "properties": { "GymType": "球類運動設施/槌球場", "Name": "三貂運動公園", "Addr": "新北市雙溪區牡丹里尪子崙坑路旁(臨102市道)", "OperationTel": "02-24931111#222", "WebUrl": "https://www.shuangxi.ntpc.gov.tw/", "Lat": 25.058170036313602, "Lng": 121.84851229190799, "PassEasyEle": 0.0, "PassEasyParking": 0.0, "PassEasyShower": 0.0, "PassEasyToilet": 0.0, "PassEasyWay": 0.0, "WheelchairAuditorium": 0.0 }, "geometry": { "type": "Point", "coordinates": [ 121.848512291907994, 25.058170036313602 ] } },
{ "type": "Feature", "properties": { "GymType": "陸上/射擊運動設施/田徑場", "Name": "永福國小田徑場", "Addr": "新北市三重區永福里永福街66號", "OperationTel": "02-22876716#842", "WebUrl": "http://www.yfps.ntpc.edu.tw", "Lat": 25.076970036534799, "Lng": 121.480046510696, "PassEasyEle": 1.0, "PassEasyParking": 0.0, "PassEasyShower": 1.0, "PassEasyToilet": 1.0, "PassEasyWay": 0.0, "WheelchairAuditorium": 0.0 }, "geometry": { "type": "Point", "coordinates": [ 121.480046510695999, 25.076970036534799 ] } },
{ "type": "Feature", "properties": { "GymType": "球類運動設施/籃球場館", "Name": "五華國小籃球場", "Addr": "新北市三重區集賢路89號", "OperationTel": "02-28578087#106", "WebUrl": "http://www.whes.ntpc.edu.tw", "Lat": 25.087658850402399, "Lng": 121.49235248565699, "PassEasyEle": 0.0, "PassEasyParking": 0.0, "PassEasyShower": 0.0, "PassEasyToilet": 0.0, "PassEasyWay": 0.0, "WheelchairAuditorium": 0.0 }, "geometry": { "type": "Point", "coordinates": [ 121.492352485656994, 25.087658850402399 ] } },
{ "type": "Feature", "properties": { "GymType": "陸上/射擊運動設施/田徑場", "Name": "田徑場", "Addr": "新北市中和區復興路301巷6號", "OperationTel": "02-22472993#223", "WebUrl": "http://www.fsps.ntpc.edu.tw", "Lat": 24.989626945533203, "Lng": 121.50190114974976, "PassEasyEle": 0.0, "PassEasyParking": 0.0, "PassEasyShower": 0.0, "PassEasyToilet": 0.0, "PassEasyWay": 0.0, "WheelchairAuditorium": 0.0 }, "geometry": { "type": "Point", "coordinates": [ 121.501901149749756, 24.989626945533203 ] } },
{ "type": "Feature", "properties": { "GymType": "陸上/射擊運動設施/田徑場", "Name": "汐止區綜合運動場", "Addr": "新北市汐止區忠孝東路9號", "OperationTel": "02-26411111#249", "WebUrl": "https://www.xizhi.ntpc.gov.tw/", "Lat": 25.065026612567799, "Lng": 121.658037900925, "PassEasyEle": 0.0, "PassEasyParking": 0.0, "PassEasyShower": 0.0, "PassEasyToilet": 2.0, "PassEasyWay": 2.0, "WheelchairAuditorium": 0.0 }, "geometry": { "type": "Point", "coordinates": [ 121.658037900924995, 25.065026612567799 ] } },
{ "type": "Feature", "properties": { "GymType": "陸上/射擊運動設施/田徑場", "Name": "田徑場", "Addr": "新北市中和區廣福路39號", "OperationTel": "02-22488616", "WebUrl": "http://www.chjh.ntpc.edu.tw", "Lat": 25.002059024028799, "Lng": 121.505205631256, "PassEasyEle": 0.0, "PassEasyParking": 0.0, "PassEasyShower": 0.0, "PassEasyToilet": 0.0, "PassEasyWay": 0.0, "WheelchairAuditorium": 0.0 }, "geometry": { "type": "Point", "coordinates": [ 121.505205631256004, 25.002059024028799 ] } },
{ "type": "Feature", "properties": { "GymType": "球類運動設施/羽球場館", "Name": "羽球場館", "Addr": "新北市鶯歌區永明街22號", "OperationTel": "02-86773322#302", "WebUrl": "http://www.cfps.ntpc.edu.tw", "Lat": 24.9552681017481, "Lng": 121.338892579079, "PassEasyEle": 1.0, "PassEasyParking": 2.0, "PassEasyShower": 2.0, "PassEasyToilet": 12.0, "PassEasyWay": 1.0, "WheelchairAuditorium": 0.0 }, "geometry": { "type": "Point", "coordinates": [ 121.338892579079001, 24.9552681017481 ] } },
{ "type": "Feature", "properties": { "GymType": "球類運動設施/籃球場館", "Name": "昌福國小籃球場", "Addr": "新北市鶯歌區永明街22號", "OperationTel": "02-86773322", "WebUrl": "http://www.cfps.ntpc.edu.tw", "Lat": 24.955859025581901, "Lng": 121.339836716652, "PassEasyEle": 0.0, "PassEasyParking": 0.0, "PassEasyShower": 0.0, "PassEasyToilet": 0.0, "PassEasyWay": 0.0, "WheelchairAuditorium": 0.0 }, "geometry": { "type": "Point", "coordinates": [ 121.339836716652002, 24.955859025581901 ] } },
{ "type": "Feature", "properties": { "GymType": "舞蹈運動設施/競技體操室", "Name": "厚德國小體操館", "Addr": "241新北市三重區忠孝路一段70號", "OperationTel": "02-29868825#23", "WebUrl": "http://www.hdes.ntpc.edu.tw", "Lat": 25.070851647276701, "Lng": 121.487964391708, "PassEasyEle": 0.0, "PassEasyParking": 6.0, "PassEasyShower": 1.0, "PassEasyToilet": 1.0, "PassEasyWay": 1.0, "WheelchairAuditorium": 0.0 }, "geometry": { "type": "Point", "coordinates": [ 121.487964391708005, 25.070851647276701 ] } },
{ "type": "Feature", "properties": { "GymType": "陸上/射擊運動設施/田徑場", "Name": "昌福國小田徑場", "Addr": "新北市鶯歌區永明街22號", "OperationTel": "02-86773322", "WebUrl": "http://www.cfps.ntpc.edu.tw", "Lat": 24.9553288965121, "Lng": 121.339874267578, "PassEasyEle": 0.0, "PassEasyParking": 0.0, "PassEasyShower": 0.0, "PassEasyToilet": 0.0, "PassEasyWay": 0.0, "WheelchairAuditorium": 0.0 }, "geometry": { "type": "Point", "coordinates": [ 121.339874267577997, 24.9553288965121 ] } },
{ "type": "Feature", "properties": { "GymType": "陸上/射擊運動設施/田徑場", "Name": "厚德國小田徑場", "Addr": "241新北市三重區忠孝路一段70號", "OperationTel": "02-29868825#23", "WebUrl": "http://www.hdes.ntpc.edu.tw", "Lat": 25.0713812778544, "Lng": 121.48904263973201, "PassEasyEle": 1.0, "PassEasyParking": 50.0, "PassEasyShower": 0.0, "PassEasyToilet": 1.0, "PassEasyWay": 4.0, "WheelchairAuditorium": 0.0 }, "geometry": { "type": "Point", "coordinates": [ 121.489042639732006, 25.0713812778544 ] } },
{ "type": "Feature", "properties": { "GymType": "球類運動設施/籃球場館", "Name": "江翠國小活動中心", "Addr": "新北市板橋區松翠里文化路二段413號", "OperationTel": "02-22526880#231", "WebUrl": "http://www.ctes.ntpc.edu.tw", "Lat": 25.032837711207499, "Lng": 121.47390961647, "PassEasyEle": 2.0, "PassEasyParking": 8.0, "PassEasyShower": 3.0, "PassEasyToilet": 3.0, "PassEasyWay": 1.0, "WheelchairAuditorium": 0.0 }, "geometry": { "type": "Point", "coordinates": [ 121.473909616469996, 25.032837711207499 ] } },
{ "type": "Feature", "properties": { "GymType": "球類運動設施/羽球場館", "Name": "安溪國民中學羽球場(館)", "Addr": "新北市三峽區大同路135號", "OperationTel": "02-26717851#137", "WebUrl": "http://www.asjh.ntpc.edu.tw", "Lat": 24.925788833832002, "Lng": 121.37238264083901, "PassEasyEle": 1.0, "PassEasyParking": 1.0, "PassEasyShower": 0.0, "PassEasyToilet": 2.0, "PassEasyWay": 1.0, "WheelchairAuditorium": 0.0 }, "geometry": { "type": "Point", "coordinates": [ 121.372382640839007, 24.925788833832002 ] } },
{ "type": "Feature", "properties": { "GymType": "球類運動設施/籃球場館", "Name": "大觀國小活動中心", "Addr": "新北市板橋區大觀路一段30號", "OperationTel": "02-29603373#831", "WebUrl": "http://www.tgps.ntpc.edu.tw", "Lat": 25.008802061744301, "Lng": 121.449812650681, "PassEasyEle": 0.0, "PassEasyParking": 0.0, "PassEasyShower": 0.0, "PassEasyToilet": 0.0, "PassEasyWay": 0.0, "WheelchairAuditorium": 0.0 }, "geometry": { "type": "Point", "coordinates": [ 121.449812650680997, 25.008802061744301 ] } },
{ "type": "Feature", "properties": { "GymType": "球類運動設施/躲避球場", "Name": "躲避球場", "Addr": "新北市瑞芳區鼻頭里鼻頭路99號", "OperationTel": "02-24911571#13", "WebUrl": "http://www.pitoues.ntpc.edu.tw", "Lat": 25.121430397376201, "Lng": 121.919574770945, "PassEasyEle": 0.0, "PassEasyParking": 0.0, "PassEasyShower": 0.0, "PassEasyToilet": 1.0, "PassEasyWay": 0.0, "WheelchairAuditorium": 0.0 }, "geometry": { "type": "Point", "coordinates": [ 121.919574770945005, 25.121430397376201 ] } },
{ "type": "Feature", "properties": { "GymType": "陸上/射擊運動設施/田徑場", "Name": "大觀國中田徑場", "Addr": "新北市板橋區僑中一街1號", "OperationTel": "02-22725015#831", "WebUrl": "http://www.tkjhs.ntpc.edu.tw", "Lat": 25.011003556542999, "Lng": 121.44836783436401, "PassEasyEle": 0.0, "PassEasyParking": 0.0, "PassEasyShower": 0.0, "PassEasyToilet": 0.0, "PassEasyWay": 1.0, "WheelchairAuditorium": 0.0 }, "geometry": { "type": "Point", "coordinates": [ 121.448367834364007, 25.011003556542999 ] } },
{ "type": "Feature", "properties": { "GymType": "陸上/射擊運動設施/田徑場", "Name": "大觀國小田徑場", "Addr": "新北市板橋區大觀路一段30號", "OperationTel": "02-29603373#831", "WebUrl": "http://www.tgps.ntpc.edu.tw", "Lat": 25.008860399316301, "Lng": 121.449866294861, "PassEasyEle": 0.0, "PassEasyParking": 0.0, "PassEasyShower": 0.0, "PassEasyToilet": 0.0, "PassEasyWay": 0.0, "WheelchairAuditorium": 0.0 }, "geometry": { "type": "Point", "coordinates": [ 121.449866294860996, 25.008860399316301 ] } },
{ "type": "Feature", "properties": { "GymType": "陸上/射擊運動設施/田徑場", "Name": "長安國小田徑場", "Addr": "新北市汐止區長興街一段80號", "OperationTel": "02-86480944#242", "WebUrl": "http://www.chanes.ntpc.edu.tw", "Lat": 25.079584023591501, "Lng": 121.67108684778199, "PassEasyEle": 0.0, "PassEasyParking": 1.0, "PassEasyShower": 0.0, "PassEasyToilet": 0.0, "PassEasyWay": 0.0, "WheelchairAuditorium": 0.0 }, "geometry": { "type": "Point", "coordinates": [ 121.671086847781993, 25.079584023591501 ] } },
{ "type": "Feature", "properties": { "GymType": "陸上/射擊運動設施/田徑場", "Name": "景文科技大學田徑場", "Addr": "新北市新店區安忠路99號", "OperationTel": "02-82122000#2213", "WebUrl": "http://www.just.edu.tw/", "Lat": 24.952904378051901, "Lng": 121.50927722454099, "PassEasyEle": 0.0, "PassEasyParking": 0.0, "PassEasyShower": 0.0, "PassEasyToilet": 0.0, "PassEasyWay": 0.0, "WheelchairAuditorium": 0.0 }, "geometry": { "type": "Point", "coordinates": [ 121.509277224540995, 24.952904378051901 ] } },
{ "type": "Feature", "properties": { "GymType": "球類運動設施/籃球場館", "Name": "安溪國民中學籃球場", "Addr": "新北市三峽區大同路135號", "OperationTel": "02-26717851#137", "WebUrl": "http://www.asjh.ntpc.edu.tw", "Lat": 24.925837481284098, "Lng": 121.37193202972399, "PassEasyEle": 0.0, "PassEasyParking": 1.0, "PassEasyShower": 0.0, "PassEasyToilet": 0.0, "PassEasyWay": 0.0, "WheelchairAuditorium": 0.0 }, "geometry": { "type": "Point", "coordinates": [ 121.371932029723993, 24.925837481284098 ] } },
{ "type": "Feature", "properties": { "GymType": "球類運動設施/籃球場館", "Name": "忠山國小操場", "Addr": "新北市淡水區忠山里行忠路899號", "OperationTel": "02-26216139", "WebUrl": "http://www.tcses.ntpc.edu.tw", "Lat": 25.2002329991765, "Lng": 121.479896306992, "PassEasyEle": 0.0, "PassEasyParking": 0.0, "PassEasyShower": 0.0, "PassEasyToilet": 0.0, "PassEasyWay": 0.0, "WheelchairAuditorium": 0.0 }, "geometry": { "type": "Point", "coordinates": [ 121.479896306992003, 25.2002329991765 ] } },
{ "type": "Feature", "properties": { "GymType": "球類運動設施/籃球場館", "Name": "中華商海活動中心", "Addr": "新北市萬里區瑪鍊路15號", "OperationTel": "(02)24922119", "WebUrl": "http://www.chmvs.ntpc.edu.tw", "Lat": 25.178034875641199, "Lng": 121.686491444707, "PassEasyEle": null, "PassEasyParking": null, "PassEasyShower": null, "PassEasyToilet": null, "PassEasyWay": null, "WheelchairAuditorium": null }, "geometry": { "type": "Point", "coordinates": [ 121.686491444707002, 25.178034875641199 ] } },
{ "type": "Feature", "properties": { "GymType": "球類運動設施/籃球場館", "Name": "籃球場館", "Addr": "新北市金山區忠孝一路111號", "OperationTel": "02-24986503#510", "WebUrl": "http://www.gmes.ntpc.edu.tw", "Lat": 25.220932957241398, "Lng": 121.635764837265, "PassEasyEle": 0.0, "PassEasyParking": 0.0, "PassEasyShower": 0.0, "PassEasyToilet": 0.0, "PassEasyWay": 0.0, "WheelchairAuditorium": 0.0 }, "geometry": { "type": "Point", "coordinates": [ 121.635764837265, 25.220932957241398 ] } },
{ "type": "Feature", "properties": { "GymType": "陸上/射擊運動設施/田徑場", "Name": "安溪國民中學田徑場", "Addr": "新北市三峽區大同路135號", "OperationTel": "02-26717851#154", "WebUrl": "http://www.asjh.ntpc.edu.tw", "Lat": 24.926372601990298, "Lng": 121.372210979462, "PassEasyEle": 0.0, "PassEasyParking": 1.0, "PassEasyShower": 0.0, "PassEasyToilet": 0.0, "PassEasyWay": 0.0, "WheelchairAuditorium": 0.0 }, "geometry": { "type": "Point", "coordinates": [ 121.372210979461997, 24.926372601990298 ] } },
{ "type": "Feature", "properties": { "GymType": "球類運動設施/籃球場館", "Name": "景文科技大學籃球場", "Addr": "新北市新店區安忠路99號", "OperationTel": "02-82122000#2213", "WebUrl": "http://www.just.edu.tw/", "Lat": 24.9532326757231, "Lng": 121.511117219925, "PassEasyEle": 0.0, "PassEasyParking": 0.0, "PassEasyShower": 0.0, "PassEasyToilet": 0.0, "PassEasyWay": 0.0, "WheelchairAuditorium": 0.0 }, "geometry": { "type": "Point", "coordinates": [ 121.511117219924998, 24.9532326757231 ] } },
{ "type": "Feature", "properties": { "GymType": "球類運動設施/籃球場館", "Name": "淡水國中中正堂-活動中心", "Addr": "新北市淡水區文化里真理街10號", "OperationTel": "02-26218821", "WebUrl": "http://www.tsjh.ntpc.edu.tw", "Lat": 25.1748616510971, "Lng": 121.437514722347, "PassEasyEle": 0.0, "PassEasyParking": 0.0, "PassEasyShower": 0.0, "PassEasyToilet": 0.0, "PassEasyWay": 0.0, "WheelchairAuditorium": 0.0 }, "geometry": { "type": "Point", "coordinates": [ 121.437514722347004, 25.1748616510971 ] } },
{ "type": "Feature", "properties": { "GymType": "球類運動設施/籃球場館", "Name": "五股國中永耀明埕", "Addr": "新北市五股區成泰路二段49巷15號", "OperationTel": "02-22915224#121", "WebUrl": "http://www.wkjh.ntpc.edu.tw", "Lat": 25.0827275363383, "Lng": 121.435441374779, "PassEasyEle": 0.0, "PassEasyParking": 0.0, "PassEasyShower": 0.0, "PassEasyToilet": 0.0, "PassEasyWay": 0.0, "WheelchairAuditorium": 0.0 }, "geometry": { "type": "Point", "coordinates": [ 121.435441374779003, 25.0827275363383 ] } },
{ "type": "Feature", "properties": { "GymType": "陸上/射擊運動設施/環形或直線慢跑場（非田徑場）", "Name": "鳳鳴國中操場", "Addr": "新北市鶯歌區永和街33號", "OperationTel": "02-26780609#205", "WebUrl": "http://www.fmjh.ntpc.edu.tw", "Lat": 24.968363998817502, "Lng": 121.331929597873, "PassEasyEle": 0.0, "PassEasyParking": 0.0, "PassEasyShower": 0.0, "PassEasyToilet": 0.0, "PassEasyWay": 0.0, "WheelchairAuditorium": 0.0 }, "geometry": { "type": "Point", "coordinates": [ 121.331929597873, 24.968363998817502 ] } },
{ "type": "Feature", "properties": { "GymType": "陸上/射擊運動設施/田徑場", "Name": "正德國中田徑場", "Addr": "新北市淡水區北新路109號", "OperationTel": "02-26205136#135", "WebUrl": "http://www.jdjh.ntpc.edu.tw", "Lat": 25.178825589802099, "Lng": 121.447457671165, "PassEasyEle": 0.0, "PassEasyParking": 0.0, "PassEasyShower": 0.0, "PassEasyToilet": 0.0, "PassEasyWay": 1.0, "WheelchairAuditorium": 0.0 }, "geometry": { "type": "Point", "coordinates": [ 121.447457671164997, 25.178825589802099 ] } },
{ "type": "Feature", "properties": { "GymType": "球類運動設施/籃球場館", "Name": "秀峰高中體育館", "Addr": "新北市汐止區忠孝東路201號", "OperationTel": "02-26412134", "WebUrl": "http://www.sfhs.ntpc.edu.tw", "Lat": 25.066115076978299, "Lng": 121.661159992218, "PassEasyEle": 0.0, "PassEasyParking": 0.0, "PassEasyShower": 0.0, "PassEasyToilet": 1.0, "PassEasyWay": 2.0, "WheelchairAuditorium": 0.0 }, "geometry": { "type": "Point", "coordinates": [ 121.661159992218003, 25.066115076978299 ] } },
{ "type": "Feature", "properties": { "GymType": "球類運動設施/排球場館", "Name": "明志國中排球場(館)", "Addr": "新北市三重區中正北路107號", "OperationTel": "02-29844132#318", "WebUrl": "http://www.mcjh.ntpc.edu.tw", "Lat": 25.064190820831602, "Lng": 121.488715410233, "PassEasyEle": 0.0, "PassEasyParking": 0.0, "PassEasyShower": 0.0, "PassEasyToilet": 0.0, "PassEasyWay": 0.0, "WheelchairAuditorium": 0.0 }, "geometry": { "type": "Point", "coordinates": [ 121.488715410232999, 25.064190820831602 ] } },
{ "type": "Feature", "properties": { "GymType": "球類運動設施/籃球場館", "Name": "新店區馬公公園體育館", "Addr": "新北市新店區北新路一段92號", "OperationTel": "02-89145330", "WebUrl": null, "Lat": 24.9688440431431, "Lng": 121.542002856731, "PassEasyEle": 0.0, "PassEasyParking": 0.0, "PassEasyShower": 0.0, "PassEasyToilet": 1.0, "PassEasyWay": 1.0, "WheelchairAuditorium": 0.0 }, "geometry": { "type": "Point", "coordinates": [ 121.542002856731003, 24.9688440431431 ] } },
{ "type": "Feature", "properties": { "GymType": "球類運動設施/網球場館", "Name": "景文科技大學網球場(館)", "Addr": "新北市新店區安忠路99號", "OperationTel": "02-82122000#2213", "WebUrl": "http://www.just.edu.tw/", "Lat": 24.9519681169226, "Lng": 121.50933086872099, "PassEasyEle": 0.0, "PassEasyParking": 0.0, "PassEasyShower": 0.0, "PassEasyToilet": 0.0, "PassEasyWay": 0.0, "WheelchairAuditorium": 0.0 }, "geometry": { "type": "Point", "coordinates": [ 121.509330868720994, 24.9519681169226 ] } },
{ "type": "Feature", "properties": { "GymType": "球類運動設施/籃球場館", "Name": "大坪國小操場", "Addr": "新北市萬里區雙興里大坪路1號", "OperationTel": "02-24929461#51", "WebUrl": "http://www.dpps.ntpc.edu.tw", "Lat": 25.167494159903399, "Lng": 121.638672351837, "PassEasyEle": 0.0, "PassEasyParking": 0.0, "PassEasyShower": 0.0, "PassEasyToilet": 1.0, "PassEasyWay": 0.0, "WheelchairAuditorium": 0.0 }, "geometry": { "type": "Point", "coordinates": [ 121.638672351837002, 25.167494159903399 ] } },
{ "type": "Feature", "properties": { "GymType": "球類運動設施/排球場館", "Name": "頭前國中風雨操場", "Addr": "新北市新莊區中原路2號", "OperationTel": "02-85222862", "WebUrl": "http://www.tcjhs.ntpc.edu.tw", "Lat": 25.056026973826999, "Lng": 121.459221839905, "PassEasyEle": 0.0, "PassEasyParking": 0.0, "PassEasyShower": 0.0, "PassEasyToilet": 0.0, "PassEasyWay": 0.0, "WheelchairAuditorium": 0.0 }, "geometry": { "type": "Point", "coordinates": [ 121.459221839904998, 25.056026973826999 ] } },
{ "type": "Feature", "properties": { "GymType": "水上/冰上運動設施/游泳池", "Name": "北峰國小游泳池(館)", "Addr": "新北市汐止區中興里環河街1號", "OperationTel": "02-26941817", "WebUrl": "http://www.pfes.ntpc.edu.tw/", "Lat": 25.062606688291101, "Lng": 121.631805896759, "PassEasyEle": 1.0, "PassEasyParking": 6.0, "PassEasyShower": 2.0, "PassEasyToilet": 2.0, "PassEasyWay": 1.0, "WheelchairAuditorium": 0.0 }, "geometry": { "type": "Point", "coordinates": [ 121.631805896759005, 25.062606688291101 ] } },
{ "type": "Feature", "properties": { "GymType": "陸上/射擊運動設施/田徑場", "Name": "橫山國小田徑場", "Addr": "新北市三芝區橫山里86號", "OperationTel": "02-26362473#13", "WebUrl": "https://www.hses.ntpc.edu.tw/index.php", "Lat": 25.2586692318243, "Lng": 121.52976393699601, "PassEasyEle": 0.0, "PassEasyParking": 0.0, "PassEasyShower": 1.0, "PassEasyToilet": 1.0, "PassEasyWay": 0.0, "WheelchairAuditorium": 0.0 }, "geometry": { "type": "Point", "coordinates": [ 121.529763936996005, 25.2586692318243 ] } },
{ "type": "Feature", "properties": { "GymType": "球類運動設施/羽球場館", "Name": "文化國小文化樓活動中心", "Addr": "新北市淡水區文化里真理街6號", "OperationTel": "02-26212031#852", "WebUrl": "http://www.twhps.ntpc.edu.tw", "Lat": 25.174082441616999, "Lng": 121.437892913818, "PassEasyEle": 1.0, "PassEasyParking": 0.0, "PassEasyShower": 0.0, "PassEasyToilet": 1.0, "PassEasyWay": 1.0, "WheelchairAuditorium": 0.0 }, "geometry": { "type": "Point", "coordinates": [ 121.437892913818004, 25.174082441616999 ] } },
{ "type": "Feature", "properties": { "GymType": "水上/冰上運動設施/游泳池", "Name": "榮富國小游泳池(館)", "Addr": "新北市新莊區中和街193號", "OperationTel": "02-22769020", "WebUrl": "http://www.lfes.ntpc.edu.tw", "Lat": 25.052571753354599, "Lng": 121.446851491928, "PassEasyEle": 0.0, "PassEasyParking": 0.0, "PassEasyShower": 0.0, "PassEasyToilet": 0.0, "PassEasyWay": 1.0, "WheelchairAuditorium": 0.0 }, "geometry": { "type": "Point", "coordinates": [ 121.446851491928001, 25.052571753354599 ] } },
{ "type": "Feature", "properties": { "GymType": "球類運動設施/桌球場館", "Name": "林口國小菁埔樓地下1F桌球室", "Addr": "新北市林口區菁湖里林口路76號", "OperationTel": "02-26011010#831", "WebUrl": "http://www.lkes.ntpc.edu.tw", "Lat": 25.080254516853898, "Lng": 121.389779448509, "PassEasyEle": 0.0, "PassEasyParking": 0.0, "PassEasyShower": 0.0, "PassEasyToilet": 0.0, "PassEasyWay": 0.0, "WheelchairAuditorium": 0.0 }, "geometry": { "type": "Point", "coordinates": [ 121.389779448509003, 25.080254516853898 ] } },
{ "type": "Feature", "properties": { "GymType": "舞蹈運動設施/多功能舞蹈運動教室（含舞蹈教室/韻律教室/瑜珈教室等類型空間）", "Name": "林口國小舞蹈教室", "Addr": "新北市林口區菁湖里林口路76號", "OperationTel": "02-26011010", "WebUrl": "http://www.lkes.ntpc.edu.tw", "Lat": 25.080439144788599, "Lng": 121.38973116874701, "PassEasyEle": 0.0, "PassEasyParking": 0.0, "PassEasyShower": 0.0, "PassEasyToilet": 0.0, "PassEasyWay": 0.0, "WheelchairAuditorium": 0.0 }, "geometry": { "type": "Point", "coordinates": [ 121.389731168747005, 25.080439144788599 ] } },
{ "type": "Feature", "properties": { "GymType": "陸上/射擊運動設施/田徑場", "Name": "乾華國小田徑場", "Addr": "新北市石門區茂林里茂林社區74號", "OperationTel": "02-26381269", "WebUrl": "http://cwes.ntpc.edu.tw", "Lat": 25.2685173640083, "Lng": 121.592205762863, "PassEasyEle": 0.0, "PassEasyParking": 0.0, "PassEasyShower": 0.0, "PassEasyToilet": 0.0, "PassEasyWay": 0.0, "WheelchairAuditorium": 0.0 }, "geometry": { "type": "Point", "coordinates": [ 121.592205762863003, 25.2685173640083 ] } },
{ "type": "Feature", "properties": { "GymType": "球類運動設施/手球場", "Name": "江翠國中手球場(館)", "Addr": "新北市板橋區松江街63號", "OperationTel": "02-22518007#260", "WebUrl": "http://www.ctjh.ntpc.edu.tw", "Lat": 25.0284359510146, "Lng": 121.467413306236, "PassEasyEle": 0.0, "PassEasyParking": 0.0, "PassEasyShower": 0.0, "PassEasyToilet": 0.0, "PassEasyWay": 0.0, "WheelchairAuditorium": 0.0 }, "geometry": { "type": "Point", "coordinates": [ 121.467413306235997, 25.0284359510146 ] } },
{ "type": "Feature", "properties": { "GymType": "球類運動設施/排球場館", "Name": "景文科技大學排球場(館)", "Addr": "新北市新店區安忠路99號", "OperationTel": "02-82122000#2213", "WebUrl": "http://www.just.edu.tw/", "Lat": 24.951316377700302, "Lng": 121.509776115417, "PassEasyEle": 0.0, "PassEasyParking": 0.0, "PassEasyShower": 0.0, "PassEasyToilet": 0.0, "PassEasyWay": 0.0, "WheelchairAuditorium": 0.0 }, "geometry": { "type": "Point", "coordinates": [ 121.509776115416997, 24.951316377700302 ] } },
{ "type": "Feature", "properties": { "GymType": "陸上/射擊運動設施/田徑場", "Name": "柑園國小田徑場", "Addr": "新北市樹林區柑園街一段353號", "OperationTel": "02-26802507#232", "WebUrl": "http://www.gyes.ntpc.edu.tw", "Lat": 24.955737436547501, "Lng": 121.390069127083, "PassEasyEle": 0.0, "PassEasyParking": 0.0, "PassEasyShower": 0.0, "PassEasyToilet": 0.0, "PassEasyWay": 0.0, "WheelchairAuditorium": 0.0 }, "geometry": { "type": "Point", "coordinates": [ 121.390069127082995, 24.955737436547501 ] } },
{ "type": "Feature", "properties": { "GymType": "阻力運動設施/多功能健身房/體適能中心（此空間中具有兩種以上之阻力運動器材設備）", "Name": "景文科技大學健身房(含重量訓練室)", "Addr": "新北市新店區安忠路99號", "OperationTel": "02-82122000#2213", "WebUrl": "http://www.just.edu.tw/", "Lat": 24.952658762184701, "Lng": 121.509239673615, "PassEasyEle": 1.0, "PassEasyParking": 0.0, "PassEasyShower": 0.0, "PassEasyToilet": 0.0, "PassEasyWay": 1.0, "WheelchairAuditorium": 0.0 }, "geometry": { "type": "Point", "coordinates": [ 121.509239673614999, 24.952658762184701 ] } },
{ "type": "Feature", "properties": { "GymType": "球類運動設施/籃球場館", "Name": "貢寮區環保公園", "Addr": "新北市貢寮區長泰路18-2號(貢寮大橋貢寮社區活動中心)旁", "OperationTel": "02-24941601#402", "WebUrl": null, "Lat": 25.021407194792499, "Lng": 121.90540194511399, "PassEasyEle": 0.0, "PassEasyParking": 0.0, "PassEasyShower": 0.0, "PassEasyToilet": 1.0, "PassEasyWay": 0.0, "WheelchairAuditorium": 0.0 }, "geometry": { "type": "Point", "coordinates": [ 121.905401945113994, 25.021407194792499 ] } },
{ "type": "Feature", "properties": { "GymType": "球類運動設施/桌球場館", "Name": "景文科技大學桌球教室", "Addr": "新北市新店區安忠路99號", "OperationTel": "02-82122000#2213", "WebUrl": "http://www.just.edu.tw/", "Lat": 24.952328031134002, "Lng": 121.50913238525401, "PassEasyEle": 1.0, "PassEasyParking": 0.0, "PassEasyShower": 0.0, "PassEasyToilet": 0.0, "PassEasyWay": 1.0, "WheelchairAuditorium": 0.0 }, "geometry": { "type": "Point", "coordinates": [ 121.509132385254006, 24.952328031134002 ] } },
{ "type": "Feature", "properties": { "GymType": "球類運動設施/籃球場館", "Name": "八里國小籃球場", "Addr": "新北市八里區舊城里中山路二段338號", "OperationTel": "02-26102217", "WebUrl": "http://www.ples.ntpc.edu.tw", "Lat": 25.149659153001299, "Lng": 121.403356790543, "PassEasyEle": 0.0, "PassEasyParking": 0.0, "PassEasyShower": 0.0, "PassEasyToilet": 0.0, "PassEasyWay": 3.0, "WheelchairAuditorium": 0.0 }, "geometry": { "type": "Point", "coordinates": [ 121.403356790543, 25.149659153001299 ] } },
{ "type": "Feature", "properties": { "GymType": "水上/冰上運動設施/游泳池", "Name": "新北市基層游泳選手訓練館游泳池", "Addr": "新北市永和區得和路202號", "OperationTel": "02-29420451#5203", "WebUrl": "http://www.hles.ntpc.edu.tw", "Lat": 24.9988356531934, "Lng": 121.52275800705, "PassEasyEle": 0.0, "PassEasyParking": 0.0, "PassEasyShower": 0.0, "PassEasyToilet": 0.0, "PassEasyWay": 0.0, "WheelchairAuditorium": 0.0 }, "geometry": { "type": "Point", "coordinates": [ 121.522758007050001, 24.9988356531934 ] } },
{ "type": "Feature", "properties": { "GymType": "球類運動設施/籃球場館", "Name": "貢寮區澳底公園", "Addr": "新北市貢寮區仁愛路43號旁", "OperationTel": "02-24941601#402", "WebUrl": null, "Lat": 25.0536311702669, "Lng": 121.92578136920901, "PassEasyEle": 0.0, "PassEasyParking": 0.0, "PassEasyShower": 0.0, "PassEasyToilet": 1.0, "PassEasyWay": 0.0, "WheelchairAuditorium": 0.0 }, "geometry": { "type": "Point", "coordinates": [ 121.925781369209005, 25.0536311702669 ] } },
{ "type": "Feature", "properties": { "GymType": "陸上/射擊運動設施/環形或直線慢跑場（非田徑場）", "Name": "天生國小操場", "Addr": "新北市淡水區淡海路72巷26號", "OperationTel": "02-28052695#830", "WebUrl": "http://www.tisnes.ntpc.edu.tw", "Lat": 25.181500508040301, "Lng": 121.42546892166099, "PassEasyEle": 0.0, "PassEasyParking": 0.0, "PassEasyShower": 0.0, "PassEasyToilet": 0.0, "PassEasyWay": 0.0, "WheelchairAuditorium": 0.0 }, "geometry": { "type": "Point", "coordinates": [ 121.425468921660993, 25.181500508040301 ] } },
{ "type": "Feature", "properties": { "GymType": "球類運動設施/籃球場館", "Name": "景文科技大學瑜珈教室", "Addr": "新北市新店區安忠路99號", "OperationTel": "02-82122000#2213", "WebUrl": "http://www.just.edu.tw/", "Lat": 24.952756035854001, "Lng": 121.509164571762, "PassEasyEle": 0.0, "PassEasyParking": 0.0, "PassEasyShower": 0.0, "PassEasyToilet": 0.0, "PassEasyWay": 0.0, "WheelchairAuditorium": 0.0 }, "geometry": { "type": "Point", "coordinates": [ 121.509164571762, 24.952756035854001 ] } },
{ "type": "Feature", "properties": { "GymType": "球類運動設施/足球場館", "Name": "蘆洲國小運動場", "Addr": "新北市蘆洲區中正路100號", "OperationTel": "02-22816202#133", "WebUrl": "http://www.lces.ntpc.edu.tw", "Lat": 25.0855466690236, "Lng": 121.470406651497, "PassEasyEle": 2.0, "PassEasyParking": 6.0, "PassEasyShower": 0.0, "PassEasyToilet": 1.0, "PassEasyWay": 2.0, "WheelchairAuditorium": 0.0 }, "geometry": { "type": "Point", "coordinates": [ 121.470406651497001, 25.0855466690236 ] } },
{ "type": "Feature", "properties": { "GymType": "球類運動設施/籃球場館", "Name": "五股國小室內籃球場", "Addr": "新北市五股區五股里成泰路二段49號", "OperationTel": "02-22917191#814", "WebUrl": "http://www.wkes.ntpc.edu.tw", "Lat": 25.0827712631488, "Lng": 121.437002420425, "PassEasyEle": 0.0, "PassEasyParking": 0.0, "PassEasyShower": 3.0, "PassEasyToilet": 3.0, "PassEasyWay": 1.0, "WheelchairAuditorium": 0.0 }, "geometry": { "type": "Point", "coordinates": [ 121.437002420425003, 25.0827712631488 ] } },
{ "type": "Feature", "properties": { "GymType": "球類運動設施/籃球場館", "Name": "大同國小活動中心", "Addr": "新北市樹林區大同里大同街43號", "OperationTel": "02-86865486#833", "WebUrl": "http://www.ttps.ntpc.edu.tw", "Lat": 24.98243064311, "Lng": 121.41797482967399, "PassEasyEle": 0.0, "PassEasyParking": 0.0, "PassEasyShower": 0.0, "PassEasyToilet": 0.0, "PassEasyWay": 0.0, "WheelchairAuditorium": 0.0 }, "geometry": { "type": "Point", "coordinates": [ 121.417974829673994, 24.98243064311 ] } },
{ "type": "Feature", "properties": { "GymType": "陸上/射擊運動設施/田徑場", "Name": "三重國小田徑場", "Addr": "新北市三重區三和路三段1號", "OperationTel": "02-29722095#182", "WebUrl": "http://www.tsces.ntpc.edu.tw", "Lat": 25.0702951277515, "Lng": 121.49762570858, "PassEasyEle": 0.0, "PassEasyParking": 0.0, "PassEasyShower": 0.0, "PassEasyToilet": 0.0, "PassEasyWay": 0.0, "WheelchairAuditorium": 0.0 }, "geometry": { "type": "Point", "coordinates": [ 121.497625708580003, 25.0702951277515 ] } },
{ "type": "Feature", "properties": { "GymType": "陸上/射擊運動設施/田徑場", "Name": "中和高中田徑場", "Addr": "新北市中和區連城路460號", "OperationTel": "02-22227146", "WebUrl": "http://www.chshs.ntpc.edu.tw", "Lat": 24.995315695516201, "Lng": 121.476867107571, "PassEasyEle": 0.0, "PassEasyParking": 0.0, "PassEasyShower": 0.0, "PassEasyToilet": 0.0, "PassEasyWay": 0.0, "WheelchairAuditorium": 0.0 }, "geometry": { "type": "Point", "coordinates": [ 121.476867107570996, 24.995315695516201 ] } },
{ "type": "Feature", "properties": { "GymType": "陸上/射擊運動設施/田徑場", "Name": "文化國小田徑場", "Addr": "新北市淡水區文化里真理街6號", "OperationTel": "02-26212031#852", "WebUrl": "http://www.twhps.ntpc.edu.tw", "Lat": 25.174053312194001, "Lng": 121.437962651253, "PassEasyEle": 2.0, "PassEasyParking": 1.0, "PassEasyShower": 0.0, "PassEasyToilet": 10.0, "PassEasyWay": 2.0, "WheelchairAuditorium": 0.0 }, "geometry": { "type": "Point", "coordinates": [ 121.437962651253002, 25.174053312194001 ] } },
{ "type": "Feature", "properties": { "GymType": "球類運動設施/籃球場館", "Name": "興化國小籃球場", "Addr": "新北市新莊區福興里五工二路50巷2號", "OperationTel": "02-22991001#303", "WebUrl": "http://www.tshes.ntpc.edu.tw", "Lat": 25.064987738660001, "Lng": 121.46164119243601, "PassEasyEle": 0.0, "PassEasyParking": 0.0, "PassEasyShower": 0.0, "PassEasyToilet": 0.0, "PassEasyWay": 0.0, "WheelchairAuditorium": 0.0 }, "geometry": { "type": "Point", "coordinates": [ 121.461641192436005, 25.064987738660001 ] } },
{ "type": "Feature", "properties": { "GymType": "球類運動設施/籃球場館", "Name": "同榮國小籃球場", "Addr": "新北市泰山區公園路33號", "OperationTel": "02-22968551#116", "WebUrl": "http://www.tres.ntpc.edu.tw", "Lat": 25.0546176832868, "Lng": 121.427668333054, "PassEasyEle": 0.0, "PassEasyParking": 0.0, "PassEasyShower": 0.0, "PassEasyToilet": 0.0, "PassEasyWay": 0.0, "WheelchairAuditorium": 0.0 }, "geometry": { "type": "Point", "coordinates": [ 121.427668333054001, 25.0546176832868 ] } },
{ "type": "Feature", "properties": { "GymType": "陸上/射擊運動設施/田徑場", "Name": "重慶國中田徑場", "Addr": "新北市板橋區國慶路221號", "OperationTel": "02-29543001#504", "WebUrl": "http://www.ccjh.ntpc.edu.tw", "Lat": 24.997800072670199, "Lng": 121.462413668633, "PassEasyEle": 0.0, "PassEasyParking": 0.0, "PassEasyShower": 0.0, "PassEasyToilet": 0.0, "PassEasyWay": 0.0, "WheelchairAuditorium": 0.0 }, "geometry": { "type": "Point", "coordinates": [ 121.462413668633005, 24.997800072670199 ] } },
{ "type": "Feature", "properties": { "GymType": "球類運動設施/籃球場館", "Name": "佳林國中活動中心", "Addr": "新北市林口區中山路268", "OperationTel": "02-26028555#340", "WebUrl": "http://www.jljh.ntpc.edu.tw/default.asp", "Lat": 25.081391431819299, "Lng": 121.384667158127, "PassEasyEle": 1.0, "PassEasyParking": 1.0, "PassEasyShower": 0.0, "PassEasyToilet": 2.0, "PassEasyWay": 0.0, "WheelchairAuditorium": 0.0 }, "geometry": { "type": "Point", "coordinates": [ 121.384667158127002, 25.081391431819299 ] } },
{ "type": "Feature", "properties": { "GymType": "球類運動設施/籃球場館", "Name": "籃球場館", "Addr": "新北市板橋區重慶路157號", "OperationTel": "02-29614142#824", "WebUrl": "http://www.hpes.ntpc.edu.tw", "Lat": 25.0036100081964, "Lng": 121.46403525945099, "PassEasyEle": 2.0, "PassEasyParking": 1.0, "PassEasyShower": 0.0, "PassEasyToilet": 40.0, "PassEasyWay": 1.0, "WheelchairAuditorium": 0.0 }, "geometry": { "type": "Point", "coordinates": [ 121.464035259450995, 25.0036100081964 ] } },
{ "type": "Feature", "properties": { "GymType": "陸上/射擊運動設施/田徑場", "Name": "佳林國中田徑場", "Addr": "新北市林口區中山路268跟", "OperationTel": "02-26028555#332", "WebUrl": "http://www.jljh.ntpc.edu.tw/default.asp", "Lat": 25.078513899020201, "Lng": 121.385233104229, "PassEasyEle": 1.0, "PassEasyParking": 1.0, "PassEasyShower": 0.0, "PassEasyToilet": 2.0, "PassEasyWay": 0.0, "WheelchairAuditorium": 0.0 }, "geometry": { "type": "Point", "coordinates": [ 121.385233104229002, 25.078513899020201 ] } },
{ "type": "Feature", "properties": { "GymType": "球類運動設施/籃球場館", "Name": "重慶國中籃球場", "Addr": "新北市板橋區國慶路221號", "OperationTel": "02-29543001#504", "WebUrl": "http://www.ccjh.ntpc.edu.tw", "Lat": 24.997663939370302, "Lng": 121.46203279495199, "PassEasyEle": 0.0, "PassEasyParking": 0.0, "PassEasyShower": 0.0, "PassEasyToilet": 0.0, "PassEasyWay": 0.0, "WheelchairAuditorium": 0.0 }, "geometry": { "type": "Point", "coordinates": [ 121.462032794951995, 24.997663939370302 ] } },
{ "type": "Feature", "properties": { "GymType": "球類運動設施/排球場館", "Name": "泰山高中體育館", "Addr": "新北市泰山區辭修路7號", "OperationTel": "02-22963625#303", "WebUrl": "http://www.tssh.ntpc.edu.tw", "Lat": 25.0573458607156, "Lng": 121.42994821071601, "PassEasyEle": 0.0, "PassEasyParking": 1.0, "PassEasyShower": 0.0, "PassEasyToilet": 0.0, "PassEasyWay": 2.0, "WheelchairAuditorium": 0.0 }, "geometry": { "type": "Point", "coordinates": [ 121.429948210716006, 25.0573458607156 ] } },
{ "type": "Feature", "properties": { "GymType": "球類運動設施/籃球場館", "Name": "九份國小籃球場", "Addr": "新北市瑞芳區永慶里崙頂路145號", "OperationTel": "02-24972263#22", "WebUrl": "http://www.jfes.ntpc.edu.tw", "Lat": 25.106649840594098, "Lng": 121.843465715647, "PassEasyEle": 0.0, "PassEasyParking": 0.0, "PassEasyShower": 0.0, "PassEasyToilet": 0.0, "PassEasyWay": 0.0, "WheelchairAuditorium": 0.0 }, "geometry": { "type": "Point", "coordinates": [ 121.843465715647, 25.106649840594098 ] } },
{ "type": "Feature", "properties": { "GymType": "球類運動設施/排球場館", "Name": "莒光國小排球場(館)", "Addr": "新北市板橋區華翠里莒光路163號", "OperationTel": "02-22517272#104", "WebUrl": "http://www.jges.ntpc.edu.tw", "Lat": 25.025414996195799, "Lng": 121.47393912077, "PassEasyEle": 0.0, "PassEasyParking": 0.0, "PassEasyShower": 0.0, "PassEasyToilet": 0.0, "PassEasyWay": 0.0, "WheelchairAuditorium": 0.0 }, "geometry": { "type": "Point", "coordinates": [ 121.473939120769998, 25.025414996195799 ] } },
{ "type": "Feature", "properties": { "GymType": "陸上/射擊運動設施/田徑場", "Name": "莒光國小田徑場", "Addr": "新北市板橋區華翠里莒光路163號", "OperationTel": "02-22517272#104", "WebUrl": "http://www.jges.ntpc.edu.tw", "Lat": 25.025310488785198, "Lng": 121.47393643856, "PassEasyEle": 0.0, "PassEasyParking": 0.0, "PassEasyShower": 0.0, "PassEasyToilet": 0.0, "PassEasyWay": 0.0, "WheelchairAuditorium": 0.0 }, "geometry": { "type": "Point", "coordinates": [ 121.473936438560003, 25.025310488785198 ] } },
{ "type": "Feature", "properties": { "GymType": "球類運動設施/籃球場館", "Name": "莒光國小籃球場", "Addr": "新北市板橋區華翠里莒光路163號", "OperationTel": "02-22517272#104", "WebUrl": "http://www.jges.ntpc.edu.tw", "Lat": 25.025446591441899, "Lng": 121.473587751389, "PassEasyEle": 0.0, "PassEasyParking": 0.0, "PassEasyShower": 0.0, "PassEasyToilet": 0.0, "PassEasyWay": 0.0, "WheelchairAuditorium": 0.0 }, "geometry": { "type": "Point", "coordinates": [ 121.473587751389005, 25.025446591441899 ] } },
{ "type": "Feature", "properties": { "GymType": "陸上/射擊運動設施/田徑場", "Name": "瑞亭國小田徑場", "Addr": "新北市瑞芳區四腳亭埔路23號", "OperationTel": "02-24971726#201", "WebUrl": "http://www.rtes.ntpc.edu.tw", "Lat": 25.102704203155898, "Lng": 121.77705287933399, "PassEasyEle": 0.0, "PassEasyParking": 0.0, "PassEasyShower": 0.0, "PassEasyToilet": 0.0, "PassEasyWay": 0.0, "WheelchairAuditorium": 0.0 }, "geometry": { "type": "Point", "coordinates": [ 121.777052879333993, 25.102704203155898 ] } },
{ "type": "Feature", "properties": { "GymType": "球類運動設施/羽球場館", "Name": "鷺江國小活動中心", "Addr": "新北市蘆洲區民族路7號", "OperationTel": "02-22819980#9504", "WebUrl": "http://www.lcps.ntpc.edu.tw", "Lat": 25.084990540180399, "Lng": 121.476291418076, "PassEasyEle": 2.0, "PassEasyParking": 0.0, "PassEasyShower": 2.0, "PassEasyToilet": 2.0, "PassEasyWay": 2.0, "WheelchairAuditorium": 0.0 }, "geometry": { "type": "Point", "coordinates": [ 121.476291418076002, 25.084990540180399 ] } },
{ "type": "Feature", "properties": { "GymType": "陸上/射擊運動設施/田徑場", "Name": "正義國小操場", "Addr": "新北市三重區信義西街31號", "OperationTel": "02-29853138#1012", "WebUrl": "http://www.jyes.ntpc.edu.tw", "Lat": 25.064934287016701, "Lng": 121.49632215499901, "PassEasyEle": 1.0, "PassEasyParking": 4.0, "PassEasyShower": 0.0, "PassEasyToilet": 1.0, "PassEasyWay": 2.0, "WheelchairAuditorium": 0.0 }, "geometry": { "type": "Point", "coordinates": [ 121.496322154999007, 25.064934287016701 ] } },
{ "type": "Feature", "properties": { "GymType": "球類運動設施/籃球場館", "Name": "鶯歌國中活動中心", "Addr": "新北市鶯歌區尖山埔路108號", "OperationTel": "02-26701461#230", "WebUrl": "http://www.ykjhs.ntpc.edu.tw", "Lat": 24.950830002898801, "Lng": 121.344702243805, "PassEasyEle": 0.0, "PassEasyParking": 0.0, "PassEasyShower": 0.0, "PassEasyToilet": 0.0, "PassEasyWay": 0.0, "WheelchairAuditorium": 0.0 }, "geometry": { "type": "Point", "coordinates": [ 121.344702243805003, 24.950830002898801 ] } },
{ "type": "Feature", "properties": { "GymType": "陸上/射擊運動設施/田徑場", "Name": "實踐國小操場", "Addr": "新北市板橋區實踐路93巷51號", "OperationTel": "02-29531233#133", "WebUrl": "http://www.sjps.ntpc.edu.tw", "Lat": 25.005778192986099, "Lng": 121.466678380966, "PassEasyEle": 0.0, "PassEasyParking": 0.0, "PassEasyShower": 1.0, "PassEasyToilet": 1.0, "PassEasyWay": 2.0, "WheelchairAuditorium": 0.0 }, "geometry": { "type": "Point", "coordinates": [ 121.466678380966002, 25.005778192986099 ] } },
{ "type": "Feature", "properties": { "GymType": "球類運動設施/羽球場館", "Name": "光華國小活動中心", "Addr": "新北市新莊區龍安路452號", "OperationTel": "02-22058866#823", "WebUrl": "http://www.ghes.ntpc.edu.tw", "Lat": 25.0181779312971, "Lng": 121.42479836940799, "PassEasyEle": 2.0, "PassEasyParking": 0.0, "PassEasyShower": 0.0, "PassEasyToilet": 4.0, "PassEasyWay": 1.0, "WheelchairAuditorium": 0.0 }, "geometry": { "type": "Point", "coordinates": [ 121.424798369407995, 25.0181779312971 ] } },
{ "type": "Feature", "properties": { "GymType": "陸上/射擊運動設施/田徑場", "Name": "瑞芳國小田徑場", "Addr": "新北市瑞芳區龍川里中山路2號", "OperationTel": "02-24972058#122", "WebUrl": "http://www.rfes.ntpc.edu.tw", "Lat": 25.088708247262399, "Lng": 121.814346313477, "PassEasyEle": 0.0, "PassEasyParking": 0.0, "PassEasyShower": 0.0, "PassEasyToilet": 0.0, "PassEasyWay": 1.0, "WheelchairAuditorium": 0.0 }, "geometry": { "type": "Point", "coordinates": [ 121.814346313477003, 25.088708247262399 ] } },
{ "type": "Feature", "properties": { "GymType": "陸上/射擊運動設施/田徑場", "Name": "光華國小田徑場", "Addr": "新北市新莊區龍安路452號", "OperationTel": "02-22058866#823", "WebUrl": "http://www.ghes.ntpc.edu.tw", "Lat": 25.017424013760198, "Lng": 121.425814926624, "PassEasyEle": 2.0, "PassEasyParking": 0.0, "PassEasyShower": 0.0, "PassEasyToilet": 4.0, "PassEasyWay": 2.0, "WheelchairAuditorium": 0.0 }, "geometry": { "type": "Point", "coordinates": [ 121.425814926624, 25.017424013760198 ] } },
{ "type": "Feature", "properties": { "GymType": "球類運動設施/羽球場館", "Name": "板橋高中羽球場(館)", "Addr": "新北市板橋區文化路一段25號", "OperationTel": "02-29602500#430", "WebUrl": "http://www.pcsh.ntpc.edu.tw", "Lat": 25.0122254580907, "Lng": 121.458859205213, "PassEasyEle": null, "PassEasyParking": null, "PassEasyShower": null, "PassEasyToilet": null, "PassEasyWay": null, "WheelchairAuditorium": null }, "geometry": { "type": "Point", "coordinates": [ 121.458859205213002, 25.0122254580907 ] } },
{ "type": "Feature", "properties": { "GymType": "水上/冰上運動設施/游泳池", "Name": "秀山國民小學", "Addr": "新北市中和區立人街2號", "OperationTel": "02-29434353", "WebUrl": "http://www.ssps.ntpc.edu.tw", "Lat": 24.9956170597866, "Lng": 121.520867049694, "PassEasyEle": 0.0, "PassEasyParking": 0.0, "PassEasyShower": 0.0, "PassEasyToilet": 1.0, "PassEasyWay": 1.0, "WheelchairAuditorium": 0.0 }, "geometry": { "type": "Point", "coordinates": [ 121.520867049694004, 24.9956170597866 ] } },
{ "type": "Feature", "properties": { "GymType": "球類運動設施/羽球場館", "Name": "山佳國小後村堂", "Addr": "新北市樹林區中山路三段5號", "OperationTel": "02-26806673#823", "WebUrl": "https://www.sjes.ntpc.edu.tw/index.php", "Lat": 24.974465595781599, "Lng": 121.402273178101, "PassEasyEle": 0.0, "PassEasyParking": 1.0, "PassEasyShower": 0.0, "PassEasyToilet": 0.0, "PassEasyWay": 0.0, "WheelchairAuditorium": 0.0 }, "geometry": { "type": "Point", "coordinates": [ 121.402273178100998, 24.974465595781599 ] } },
{ "type": "Feature", "properties": { "GymType": "球類運動設施/羽球場館", "Name": "重慶國中活動中心", "Addr": "新北市板橋區國慶路221號", "OperationTel": "02-29543001#504", "WebUrl": "http://www.ccjh.ntpc.edu.tw", "Lat": 24.998320294962902, "Lng": 121.461946964264, "PassEasyEle": 0.0, "PassEasyParking": 0.0, "PassEasyShower": 0.0, "PassEasyToilet": 0.0, "PassEasyWay": 0.0, "WheelchairAuditorium": 0.0 }, "geometry": { "type": "Point", "coordinates": [ 121.461946964264001, 24.998320294962902 ] } },
{ "type": "Feature", "properties": { "GymType": "阻力運動設施/多功能健身房/體適能中心（此空間中具有兩種以上之阻力運動器材設備）", "Name": "丹鳳高中健身房(含重量訓練室)", "Addr": "新北市新莊區龍安路72號", "OperationTel": "02-29089627#115", "WebUrl": "http://www.dfsh.ntpc.edu.tw/", "Lat": 25.021023177842601, "Lng": 121.41670346260101, "PassEasyEle": 0.0, "PassEasyParking": 0.0, "PassEasyShower": 0.0, "PassEasyToilet": 0.0, "PassEasyWay": 0.0, "WheelchairAuditorium": 0.0 }, "geometry": { "type": "Point", "coordinates": [ 121.416703462601006, 25.021023177842601 ] } },
{ "type": "Feature", "properties": { "GymType": "陸上/射擊運動設施/田徑場", "Name": "淡水國中田徑場", "Addr": "新北市淡水區文化里真理街10號", "OperationTel": "02-26218821", "WebUrl": "http://www.tsjh.ntpc.edu.tw", "Lat": 25.174854368788601, "Lng": 121.43811821937599, "PassEasyEle": 0.0, "PassEasyParking": 0.0, "PassEasyShower": 0.0, "PassEasyToilet": 0.0, "PassEasyWay": 0.0, "WheelchairAuditorium": 0.0 }, "geometry": { "type": "Point", "coordinates": [ 121.438118219375994, 25.174854368788601 ] } },
{ "type": "Feature", "properties": { "GymType": "球類運動設施/羽球場館", "Name": "坪林國中體育館", "Addr": "新北市坪林區國中路4號", "OperationTel": "02-26656210", "WebUrl": "http://www.pljh.ntpc.edu.tw", "Lat": 24.937625409128302, "Lng": 121.711820214987, "PassEasyEle": 0.0, "PassEasyParking": 2.0, "PassEasyShower": 3.0, "PassEasyToilet": 1.0, "PassEasyWay": 2.0, "WheelchairAuditorium": 0.0 }, "geometry": { "type": "Point", "coordinates": [ 121.711820214987, 24.937625409128302 ] } },
{ "type": "Feature", "properties": { "GymType": "球類運動設施/籃球場館", "Name": "安康高中操場附設籃球場", "Addr": "新北市新店區安興路25號", "OperationTel": "02-22111743#520", "WebUrl": "http://www.akhs.ntpc.edu.tw", "Lat": 24.970418444182201, "Lng": 121.514503508806, "PassEasyEle": 0.0, "PassEasyParking": 0.0, "PassEasyShower": 0.0, "PassEasyToilet": 0.0, "PassEasyWay": 0.0, "WheelchairAuditorium": 0.0 }, "geometry": { "type": "Point", "coordinates": [ 121.514503508806001, 24.970418444182201 ] } },
{ "type": "Feature", "properties": { "GymType": "球類運動設施/網球場館", "Name": "網球場館", "Addr": "新北市板橋區中正路325巷30號", "OperationTel": "02-29680612", "WebUrl": "http://www.kkes.ntpc.edu.tw", "Lat": 25.019059325546198, "Lng": 121.45218372345001, "PassEasyEle": null, "PassEasyParking": null, "PassEasyShower": null, "PassEasyToilet": null, "PassEasyWay": null, "WheelchairAuditorium": null }, "geometry": { "type": "Point", "coordinates": [ 121.452183723450005, 25.019059325546198 ] } },
{ "type": "Feature", "properties": { "GymType": "球類運動設施/籃球場館", "Name": "猴硐國小簡易跑道及籃球場", "Addr": "新北市瑞芳區弓橋里九芎橋路69-1號", "OperationTel": "02-24960450#109", "WebUrl": "http://www.htes.ntpc.edu.tw", "Lat": 25.095152788610399, "Lng": 121.833112023144, "PassEasyEle": 0.0, "PassEasyParking": 0.0, "PassEasyShower": 0.0, "PassEasyToilet": 0.0, "PassEasyWay": 0.0, "WheelchairAuditorium": 0.0 }, "geometry": { "type": "Point", "coordinates": [ 121.833112023143997, 25.095152788610399 ] } },
{ "type": "Feature", "properties": { "GymType": "陸上/射擊運動設施/田徑場", "Name": "尖山國中田徑場", "Addr": "新北市鶯歌區國中街1號", "OperationTel": "02-26781670#23", "WebUrl": "http://www.jsjhs.ntpc.edu.tw", "Lat": 24.944677195819999, "Lng": 121.343168020248, "PassEasyEle": 0.0, "PassEasyParking": 0.0, "PassEasyShower": 0.0, "PassEasyToilet": 0.0, "PassEasyWay": 0.0, "WheelchairAuditorium": 0.0 }, "geometry": { "type": "Point", "coordinates": [ 121.343168020248001, 24.944677195819999 ] } },
{ "type": "Feature", "properties": { "GymType": "球類運動設施/籃球場館", "Name": "尖山國中風雨操場", "Addr": "新北市鶯歌區國中街1號", "OperationTel": "02-26781670#23", "WebUrl": "http://www.jsjhs.ntpc.edu.tw", "Lat": 24.944254027041001, "Lng": 121.343345046043, "PassEasyEle": 0.0, "PassEasyParking": 0.0, "PassEasyShower": 0.0, "PassEasyToilet": 0.0, "PassEasyWay": 0.0, "WheelchairAuditorium": 0.0 }, "geometry": { "type": "Point", "coordinates": [ 121.343345046042998, 24.944254027041001 ] } },
{ "type": "Feature", "properties": { "GymType": "球類運動設施/籃球場館", "Name": "錦和高中體育館", "Addr": "新北市中和區錦和路163號", "OperationTel": "02-22498566", "WebUrl": "http://www.jhsh.ntpc.edu.tw", "Lat": 24.992733867531602, "Lng": 121.49114012718201, "PassEasyEle": 1.0, "PassEasyParking": 1.0, "PassEasyShower": 2.0, "PassEasyToilet": 2.0, "PassEasyWay": 1.0, "WheelchairAuditorium": 0.0 }, "geometry": { "type": "Point", "coordinates": [ 121.491140127182007, 24.992733867531602 ] } },
{ "type": "Feature", "properties": { "GymType": "陸上/射擊運動設施/田徑場", "Name": "插角國小田徑場(主要設施)", "Addr": "新北市三峽區插角里插角路39號", "OperationTel": "02-26720230#830", "WebUrl": "http://www.cgps.ntpc.edu.tw", "Lat": 24.872746836579299, "Lng": 121.405521333218, "PassEasyEle": 0.0, "PassEasyParking": 0.0, "PassEasyShower": 0.0, "PassEasyToilet": 0.0, "PassEasyWay": 0.0, "WheelchairAuditorium": 0.0 }, "geometry": { "type": "Point", "coordinates": [ 121.405521333218005, 24.872746836579299 ] } },
{ "type": "Feature", "properties": { "GymType": "球類運動設施/籃球場館", "Name": "輔仁大學中美堂", "Addr": "新北市新莊區中正路510號", "OperationTel": "02-29056436", "WebUrl": "http://www.fju.edu.tw", "Lat": 25.037940658378201, "Lng": 121.432029604912, "PassEasyEle": 0.0, "PassEasyParking": 2.0, "PassEasyShower": 0.0, "PassEasyToilet": 0.0, "PassEasyWay": 1.0, "WheelchairAuditorium": 0.0 }, "geometry": { "type": "Point", "coordinates": [ 121.432029604912003, 25.037940658378201 ] } },
{ "type": "Feature", "properties": { "GymType": "球類運動設施/籃球場館", "Name": "屯山國小籃球場", "Addr": "新北市淡水區淡金路五段111號", "OperationTel": "02-28012591#830", "WebUrl": "http://www.ttses.ntpc.edu.tw", "Lat": 25.237279309554101, "Lng": 121.4558583498, "PassEasyEle": 0.0, "PassEasyParking": 0.0, "PassEasyShower": 0.0, "PassEasyToilet": 0.0, "PassEasyWay": 0.0, "WheelchairAuditorium": 0.0 }, "geometry": { "type": "Point", "coordinates": [ 121.455858349799996, 25.237279309554101 ] } },
{ "type": "Feature", "properties": { "GymType": "陸上/射擊運動設施/田徑場", "Name": "青山國中(小)田徑場", "Addr": "新北市汐止區莊敬街33號", "OperationTel": "02-26917877#125", "WebUrl": "http://www.csjhs.ntpc.edu.tw", "Lat": 25.061139777393201, "Lng": 121.65661576226, "PassEasyEle": 1.0, "PassEasyParking": 3.0, "PassEasyShower": 1.0, "PassEasyToilet": 1.0, "PassEasyWay": 2.0, "WheelchairAuditorium": 0.0 }, "geometry": { "type": "Point", "coordinates": [ 121.656615762260003, 25.061139777393201 ] } },
{ "type": "Feature", "properties": { "GymType": "球類運動設施/籃球場館", "Name": "新店國小迺翁館(活動中心)", "Addr": "新北市新店區新店路2號", "OperationTel": "02-29103483#723", "WebUrl": "http://www.shdes.ntpc.edu.tw", "Lat": 24.925672079868701, "Lng": 121.64886474609401, "PassEasyEle": 0.0, "PassEasyParking": 1.0, "PassEasyShower": 1.0, "PassEasyToilet": 1.0, "PassEasyWay": 1.0, "WheelchairAuditorium": 0.0 }, "geometry": { "type": "Point", "coordinates": [ 121.648864746094006, 24.925672079868701 ] } },
{ "type": "Feature", "properties": { "GymType": "球類運動設施/排球場館", "Name": "板橋國中體育館", "Addr": "新北市板橋區中正路437號", "OperationTel": "02-29666498#650", "WebUrl": "https://www.pcjh.ntpc.edu.tw/", "Lat": 25.025521873174, "Lng": 121.452836204189, "PassEasyEle": 1.0, "PassEasyParking": 1.0, "PassEasyShower": 0.0, "PassEasyToilet": 1.0, "PassEasyWay": 1.0, "WheelchairAuditorium": 0.0 }, "geometry": { "type": "Point", "coordinates": [ 121.452836204188998, 25.025521873174 ] } },
{ "type": "Feature", "properties": { "GymType": "球類運動設施/籃球場館", "Name": "三重商工籃球場", "Addr": "新北市三重區中正北路163號", "OperationTel": "02-29715606#303", "WebUrl": "http://www.scvs.ntpc.edu.tw", "Lat": 25.069555338396075, "Lng": 121.47952079772924, "PassEasyEle": 0.0, "PassEasyParking": 0.0, "PassEasyShower": 0.0, "PassEasyToilet": 0.0, "PassEasyWay": 0.0, "WheelchairAuditorium": 0.0 }, "geometry": { "type": "Point", "coordinates": [ 121.479520797729236, 25.069555338396075 ] } },
{ "type": "Feature", "properties": { "GymType": "球類運動設施/羽球場館", "Name": "中平國中羽球場", "Addr": "新北市新莊區中平路385號", "OperationTel": "0229908092", "WebUrl": "http://www.cpjh.ntpc.edu.tw", "Lat": 25.053373606447199, "Lng": 121.443235874176, "PassEasyEle": 1.0, "PassEasyParking": 1.0, "PassEasyShower": 0.0, "PassEasyToilet": 30.0, "PassEasyWay": 3.0, "WheelchairAuditorium": 0.0 }, "geometry": { "type": "Point", "coordinates": [ 121.443235874175997, 25.053373606447199 ] } },
{ "type": "Feature", "properties": { "GymType": "水上/冰上運動設施/游泳池", "Name": "三重商工體育館", "Addr": "新北市三重區中正北路163號", "OperationTel": "02-29715606", "WebUrl": "http://www.scvs.ntpc.edu.tw", "Lat": 25.068904222885401, "Lng": 121.482374668121, "PassEasyEle": 0.0, "PassEasyParking": 0.0, "PassEasyShower": 0.0, "PassEasyToilet": 0.0, "PassEasyWay": 0.0, "WheelchairAuditorium": 0.0 }, "geometry": { "type": "Point", "coordinates": [ 121.482374668120997, 25.068904222885401 ] } },
{ "type": "Feature", "properties": { "GymType": "球類運動設施/排球場館", "Name": "三重商工排球場(館)", "Addr": "新北市三重區中正北路163號", "OperationTel": "02-29715606#303", "WebUrl": "http://www.scvs.ntpc.edu.tw", "Lat": 25.069336680588201, "Lng": 121.479440331459, "PassEasyEle": 0.0, "PassEasyParking": 0.0, "PassEasyShower": 0.0, "PassEasyToilet": 0.0, "PassEasyWay": 0.0, "WheelchairAuditorium": 0.0 }, "geometry": { "type": "Point", "coordinates": [ 121.479440331459003, 25.069336680588201 ] } },
{ "type": "Feature", "properties": { "GymType": "陸上/射擊運動設施/田徑場", "Name": "溪洲國小田徑場", "Addr": "新北市板橋區金門街289號", "OperationTel": "02-26867705#31", "WebUrl": "http://www.sips.ntpc.edu.tw", "Lat": 24.986942968476601, "Lng": 121.431756019592, "PassEasyEle": null, "PassEasyParking": null, "PassEasyShower": null, "PassEasyToilet": null, "PassEasyWay": null, "WheelchairAuditorium": null }, "geometry": { "type": "Point", "coordinates": [ 121.431756019592001, 24.986942968476601 ] } },
{ "type": "Feature", "properties": { "GymType": "陸上/射擊運動設施/田徑場", "Name": "田徑場", "Addr": "新北市新莊區中平路385號", "OperationTel": "02-29908092#823", "WebUrl": "http://www.cpjh.ntpc.edu.tw", "Lat": 25.053577713669601, "Lng": 121.443246603012, "PassEasyEle": 1.0, "PassEasyParking": 1.0, "PassEasyShower": 0.0, "PassEasyToilet": 30.0, "PassEasyWay": 3.0, "WheelchairAuditorium": 0.0 }, "geometry": { "type": "Point", "coordinates": [ 121.443246603012, 25.053577713669601 ] } },
{ "type": "Feature", "properties": { "GymType": "球類運動設施/籃球場館", "Name": "中平國中籃球場", "Addr": "新北市新莊區中平路385號", "OperationTel": "0229908092", "WebUrl": "http://www.cpjh.ntpc.edu.tw", "Lat": 25.053626310577201, "Lng": 121.44287109375, "PassEasyEle": 1.0, "PassEasyParking": 1.0, "PassEasyShower": 0.0, "PassEasyToilet": 1.0, "PassEasyWay": 3.0, "WheelchairAuditorium": 0.0 }, "geometry": { "type": "Point", "coordinates": [ 121.44287109375, 25.053626310577201 ] } },
{ "type": "Feature", "properties": { "GymType": "球類運動設施/籃球場館", "Name": "中湖國小田徑場附設籃球場、躲避球場", "Addr": "新北市鶯歌區中湖里中湖街25號", "OperationTel": "02-86775640#53", "WebUrl": "http://www.chues.ntpc.edu.tw", "Lat": 24.9731915293731, "Lng": 121.348151564598, "PassEasyEle": 0.0, "PassEasyParking": 1.0, "PassEasyShower": 0.0, "PassEasyToilet": 1.0, "PassEasyWay": 1.0, "WheelchairAuditorium": 2.0 }, "geometry": { "type": "Point", "coordinates": [ 121.348151564597998, 24.9731915293731 ] } },
{ "type": "Feature", "properties": { "GymType": "球類運動設施/籃球場館", "Name": "和平國小籃球場", "Addr": "新北市石碇區靜安路一段5號", "OperationTel": "02-26631405", "WebUrl": "http://www.hpps.ntpc.edu.tw", "Lat": 25.011718906402599, "Lng": 121.64171397686, "PassEasyEle": 0.0, "PassEasyParking": 0.0, "PassEasyShower": 0.0, "PassEasyToilet": 0.0, "PassEasyWay": 0.0, "WheelchairAuditorium": 0.0 }, "geometry": { "type": "Point", "coordinates": [ 121.641713976860004, 25.011718906402599 ] } },
{ "type": "Feature", "properties": { "GymType": "球類運動設施/籃球場館", "Name": "鄧公國小風雨籃球場", "Addr": "新北市淡水區學府里學府路99號", "OperationTel": "02-26297121#151", "WebUrl": "http://www.dkes.ntpc.edu.tw", "Lat": 25.171392795549401, "Lng": 121.44929230213199, "PassEasyEle": 0.0, "PassEasyParking": 0.0, "PassEasyShower": 0.0, "PassEasyToilet": 0.0, "PassEasyWay": 0.0, "WheelchairAuditorium": 0.0 }, "geometry": { "type": "Point", "coordinates": [ 121.449292302131994, 25.171392795549401 ] } },
{ "type": "Feature", "properties": { "GymType": "陸上/射擊運動設施/田徑場", "Name": "三重商工田徑場", "Addr": "新北市三重區中正北路163號", "OperationTel": "02-29715606#303", "WebUrl": "http://www.scvs.ntpc.edu.tw", "Lat": 25.069837163439299, "Lng": 121.4799284935, "PassEasyEle": 0.0, "PassEasyParking": 0.0, "PassEasyShower": 0.0, "PassEasyToilet": 0.0, "PassEasyWay": 0.0, "WheelchairAuditorium": 0.0 }, "geometry": { "type": "Point", "coordinates": [ 121.479928493499997, 25.069837163439299 ] } },
{ "type": "Feature", "properties": { "GymType": "陸上/射擊運動設施/田徑場", "Name": "秀山國民小學田徑場", "Addr": "新北市中和區立人街2號", "OperationTel": "02-29434353", "WebUrl": "http://www.ssps.ntpc.edu.tw", "Lat": 24.995388546173601, "Lng": 121.52162611484501, "PassEasyEle": 0.0, "PassEasyParking": 0.0, "PassEasyShower": 0.0, "PassEasyToilet": 0.0, "PassEasyWay": 0.0, "WheelchairAuditorium": 0.0 }, "geometry": { "type": "Point", "coordinates": [ 121.521626114845006, 24.995388546173601 ] } },
{ "type": "Feature", "properties": { "GymType": "球類運動設施/籃球場館", "Name": "桃子腳國(中)小籃球場", "Addr": "新北市樹林區學勤路555號", "OperationTel": "02-89703225#8230", "WebUrl": "http://www.tykjh.ntpc.edu.tw", "Lat": 24.948918531319901, "Lng": 121.382896900177, "PassEasyEle": 0.0, "PassEasyParking": 0.0, "PassEasyShower": 0.0, "PassEasyToilet": 0.0, "PassEasyWay": 0.0, "WheelchairAuditorium": 0.0 }, "geometry": { "type": "Point", "coordinates": [ 121.382896900177002, 24.948918531319901 ] } },
{ "type": "Feature", "properties": { "GymType": "球類運動設施/羽球場館", "Name": "麗園國小", "Addr": "新北市林口區忠孝路591號", "OperationTel": "02-26091061", "WebUrl": "http://www.lyaes.ntpc.edu.tw", "Lat": 25.069433861884399, "Lng": 121.37578368187, "PassEasyEle": 0.0, "PassEasyParking": 0.0, "PassEasyShower": 1.0, "PassEasyToilet": 1.0, "PassEasyWay": 1.0, "WheelchairAuditorium": 0.0 }, "geometry": { "type": "Point", "coordinates": [ 121.375783681870004, 25.069433861884399 ] } },
{ "type": "Feature", "properties": { "GymType": "球類運動設施/籃球場館", "Name": "秀山國民小學籃球場", "Addr": "新北市中和區立人街2號", "OperationTel": "02-29434353#836", "WebUrl": "http://www.ssps.ntpc.edu.tw", "Lat": 24.995135722106699, "Lng": 121.521025300026, "PassEasyEle": 0.0, "PassEasyParking": 0.0, "PassEasyShower": 0.0, "PassEasyToilet": 0.0, "PassEasyWay": 0.0, "WheelchairAuditorium": 0.0 }, "geometry": { "type": "Point", "coordinates": [ 121.521025300025997, 24.995135722106699 ] } },
{ "type": "Feature", "properties": { "GymType": "球類運動設施/籃球場館", "Name": "光仁高中籃球場", "Addr": "新北市板橋區中山路二段255巷18號", "OperationTel": "02-29615161#213", "WebUrl": "http://www.kjsh.ntpc.edu.tw", "Lat": 25.018218359386601, "Lng": 121.476489901543, "PassEasyEle": 0.0, "PassEasyParking": 0.0, "PassEasyShower": 0.0, "PassEasyToilet": 0.0, "PassEasyWay": 0.0, "WheelchairAuditorium": 0.0 }, "geometry": { "type": "Point", "coordinates": [ 121.476489901543005, 25.018218359386601 ] } },
{ "type": "Feature", "properties": { "GymType": "陸上/射擊運動設施/田徑場", "Name": "昌隆國小田徑場", "Addr": "新北市新莊區昌隆街63號", "OperationTel": "02-29962351#512", "WebUrl": "http://www.clps.ntpc.edu.tw", "Lat": 25.051299269419999, "Lng": 121.456191435823, "PassEasyEle": 0.0, "PassEasyParking": 0.0, "PassEasyShower": 0.0, "PassEasyToilet": 0.0, "PassEasyWay": 0.0, "WheelchairAuditorium": 0.0 }, "geometry": { "type": "Point", "coordinates": [ 121.456191435823001, 25.051299269419999 ] } },
{ "type": "Feature", "properties": { "GymType": "球類運動設施/籃球場館", "Name": "B2體育館", "Addr": "新北市中和區光環路二段1號", "OperationTel": "02-32348654#661", "WebUrl": "http://www.kfes.ntpc.edu.tw", "Lat": 25.0155155620862, "Lng": 121.483367085457, "PassEasyEle": 0.0, "PassEasyParking": 0.0, "PassEasyShower": 0.0, "PassEasyToilet": 0.0, "PassEasyWay": 2.0, "WheelchairAuditorium": 0.0 }, "geometry": { "type": "Point", "coordinates": [ 121.483367085457004, 25.0155155620862 ] } },
{ "type": "Feature", "properties": { "GymType": "球類運動設施/網球場館", "Name": "秀山國民小學網球場(館)", "Addr": "新北市中和區立人街2號", "OperationTel": "02-29434353#836", "WebUrl": "http://www.ssps.ntpc.edu.tw", "Lat": 24.994498797632701, "Lng": 121.521792411804, "PassEasyEle": 0.0, "PassEasyParking": 0.0, "PassEasyShower": 0.0, "PassEasyToilet": 0.0, "PassEasyWay": 0.0, "WheelchairAuditorium": 0.0 }, "geometry": { "type": "Point", "coordinates": [ 121.521792411804, 24.994498797632701 ] } },
{ "type": "Feature", "properties": { "GymType": "陸上/射擊運動設施/田徑場", "Name": "坪林國中田徑場", "Addr": "新北市坪林區國中路4號", "OperationTel": "02-26656210", "WebUrl": "http://www.pljh.ntpc.edu.tw", "Lat": 24.937468536030298, "Lng": 121.71232044696799, "PassEasyEle": 0.0, "PassEasyParking": 0.0, "PassEasyShower": 0.0, "PassEasyToilet": 2.0, "PassEasyWay": 2.0, "WheelchairAuditorium": 0.0 }, "geometry": { "type": "Point", "coordinates": [ 121.712320446967993, 24.937468536030298 ] } },
{ "type": "Feature", "properties": { "GymType": "其他運動設施/樂活運動站", "Name": "樂活運動站", "Addr": "新北市新店區新烏路三段99巷10號", "OperationTel": "02-26667317#16", "WebUrl": "http://www.gses.ntpc.edu.tw", "Lat": 24.902143901019599, "Lng": 121.553539037704, "PassEasyEle": 0.0, "PassEasyParking": 0.0, "PassEasyShower": 0.0, "PassEasyToilet": 0.0, "PassEasyWay": 0.0, "WheelchairAuditorium": 0.0 }, "geometry": { "type": "Point", "coordinates": [ 121.553539037703999, 24.902143901019599 ] } },
{ "type": "Feature", "properties": { "GymType": "球類運動設施/籃球場館", "Name": "欽賢國中活動中心", "Addr": "新北市瑞芳區崙頂路3之1號", "OperationTel": "02-24972261#14", "WebUrl": "http://www.cejh.ntpc.edu.tw", "Lat": 25.105235060646699, "Lng": 121.845899820328, "PassEasyEle": 0.0, "PassEasyParking": 1.0, "PassEasyShower": 0.0, "PassEasyToilet": 0.0, "PassEasyWay": 0.0, "WheelchairAuditorium": 0.0 }, "geometry": { "type": "Point", "coordinates": [ 121.845899820328, 25.105235060646699 ] } },
{ "type": "Feature", "properties": { "GymType": "球類運動設施/籃球場館", "Name": "貢寮國小籃球場", "Addr": "新北市貢寮區雙玉里學苑街7號", "OperationTel": "02-24941274", "WebUrl": "http://www.kles.ntpc.edu.tw", "Lat": 25.022432854427599, "Lng": 121.915605068207, "PassEasyEle": 0.0, "PassEasyParking": 0.0, "PassEasyShower": 0.0, "PassEasyToilet": 0.0, "PassEasyWay": 0.0, "WheelchairAuditorium": 0.0 }, "geometry": { "type": "Point", "coordinates": [ 121.915605068207, 25.022432854427599 ] } },
{ "type": "Feature", "properties": { "GymType": "陸上/射擊運動設施/田徑場", "Name": "貢寮國小田徑場", "Addr": "新北市貢寮區雙玉里學苑街7號", "OperationTel": "02-24941274", "WebUrl": "http://www.kles.ntpc.edu.tw", "Lat": 25.0223648014471, "Lng": 121.915862560272, "PassEasyEle": 0.0, "PassEasyParking": 0.0, "PassEasyShower": 0.0, "PassEasyToilet": 0.0, "PassEasyWay": 0.0, "WheelchairAuditorium": 0.0 }, "geometry": { "type": "Point", "coordinates": [ 121.915862560272004, 25.0223648014471 ] } },
{ "type": "Feature", "properties": { "GymType": "球類運動設施/躲避球場", "Name": "建安國小躲避球場", "Addr": "新北市三峽區安坑里建安路67號", "OperationTel": "02-26726783#104", "WebUrl": "http://www.caes.ntpc.edu.tw", "Lat": 24.9261585539866, "Lng": 121.44701242446899, "PassEasyEle": 1.0, "PassEasyParking": 1.0, "PassEasyShower": 1.0, "PassEasyToilet": 1.0, "PassEasyWay": 1.0, "WheelchairAuditorium": 0.0 }, "geometry": { "type": "Point", "coordinates": [ 121.447012424468994, 24.9261585539866 ] } },
{ "type": "Feature", "properties": { "GymType": "球類運動設施/羽球場館", "Name": "汐止國小活動中心", "Addr": "新北市汐止區大同路二段313號", "OperationTel": "02-26477271#203", "WebUrl": "http://www.hjes.ntpc.edu.tw", "Lat": 25.066746770638598, "Lng": 121.65513843298, "PassEasyEle": 0.0, "PassEasyParking": 0.0, "PassEasyShower": 0.0, "PassEasyToilet": 0.0, "PassEasyWay": 0.0, "WheelchairAuditorium": 0.0 }, "geometry": { "type": "Point", "coordinates": [ 121.655138432979996, 25.066746770638598 ] } },
{ "type": "Feature", "properties": { "GymType": "球類運動設施/籃球場館", "Name": "籃球場館", "Addr": "新北市三重區中正北路560巷38號", "OperationTel": "02-29712343#304", "WebUrl": "http://www.kpvs.ntpc.edu.tw", "Lat": 25.069015981763901, "Lng": 121.471382975578, "PassEasyEle": 0.0, "PassEasyParking": 0.0, "PassEasyShower": 0.0, "PassEasyToilet": 0.0, "PassEasyWay": 0.0, "WheelchairAuditorium": 0.0 }, "geometry": { "type": "Point", "coordinates": [ 121.471382975577995, 25.069015981763901 ] } },
{ "type": "Feature", "properties": { "GymType": "球類運動設施/籃球場館", "Name": "汐止國小籃球場", "Addr": "新北市汐止區大同路二段313號", "OperationTel": "02-26477271#203", "WebUrl": "http://www.hjes.ntpc.edu.tw", "Lat": 25.067213250019801, "Lng": 121.654250621796, "PassEasyEle": 0.0, "PassEasyParking": 0.0, "PassEasyShower": 0.0, "PassEasyToilet": 0.0, "PassEasyWay": 0.0, "WheelchairAuditorium": 0.0 }, "geometry": { "type": "Point", "coordinates": [ 121.654250621795995, 25.067213250019801 ] } },
{ "type": "Feature", "properties": { "GymType": "球類運動設施/排球場館", "Name": "穀保家商排球場(館)", "Addr": "新北市三重區中正北路560巷38號", "OperationTel": "02-29712343#304", "WebUrl": "http://www.kpvs.ntpc.edu.tw", "Lat": 25.069589351797799, "Lng": 121.47129714489, "PassEasyEle": 0.0, "PassEasyParking": 0.0, "PassEasyShower": 0.0, "PassEasyToilet": 1.0, "PassEasyWay": 0.0, "WheelchairAuditorium": 0.0 }, "geometry": { "type": "Point", "coordinates": [ 121.471297144890002, 25.069589351797799 ] } },
{ "type": "Feature", "properties": { "GymType": "球類運動設施/籃球場館", "Name": "光榮國中活動中心", "Addr": "新北市三重區介壽路26號", "OperationTel": "02-29721430#602", "WebUrl": "http://www.grjh.ntpc.edu.tw", "Lat": 25.070789532924898, "Lng": 121.499991416931, "PassEasyEle": 0.0, "PassEasyParking": 0.0, "PassEasyShower": 0.0, "PassEasyToilet": 1.0, "PassEasyWay": 2.0, "WheelchairAuditorium": 0.0 }, "geometry": { "type": "Point", "coordinates": [ 121.499991416930996, 25.070789532924898 ] } },
{ "type": "Feature", "properties": { "GymType": "陸上/射擊運動設施/田徑場", "Name": "榮富國小田徑場", "Addr": "新北市新莊區中和街193號", "OperationTel": "02-22769020#826", "WebUrl": "http://www.lfes.ntpc.edu.tw", "Lat": 25.052537735228601, "Lng": 121.447275280952, "PassEasyEle": 0.0, "PassEasyParking": 0.0, "PassEasyShower": 0.0, "PassEasyToilet": 0.0, "PassEasyWay": 0.0, "WheelchairAuditorium": 0.0 }, "geometry": { "type": "Point", "coordinates": [ 121.447275280951999, 25.052537735228601 ] } },
{ "type": "Feature", "properties": { "GymType": "球類運動設施/桌球場館", "Name": "穀保家商地下室桌球體適能區", "Addr": "新北市三重區中正北路560巷38號", "OperationTel": "02-29712343#304", "WebUrl": "http://www.kpvs.ntpc.edu.tw", "Lat": 25.069118022390001, "Lng": 121.471897959709, "PassEasyEle": 0.0, "PassEasyParking": 0.0, "PassEasyShower": 0.0, "PassEasyToilet": 0.0, "PassEasyWay": 0.0, "WheelchairAuditorium": 0.0 }, "geometry": { "type": "Point", "coordinates": [ 121.471897959708997, 25.069118022390001 ] } },
{ "type": "Feature", "properties": { "GymType": "陸上/射擊運動設施/環形或直線慢跑場（非田徑場）", "Name": "保長國小操場", "Addr": "新北市汐止區大同路三段553號", "OperationTel": "02-86482502#121", "WebUrl": "http://www.bjes.ntpc.edu.tw", "Lat": 25.071788379076001, "Lng": 121.68086886405899, "PassEasyEle": 1.0, "PassEasyParking": 0.0, "PassEasyShower": 0.0, "PassEasyToilet": 1.0, "PassEasyWay": 1.0, "WheelchairAuditorium": 0.0 }, "geometry": { "type": "Point", "coordinates": [ 121.680868864058993, 25.071788379076001 ] } },
{ "type": "Feature", "properties": { "GymType": "球類運動設施/籃球場館", "Name": "明志國小體育館", "Addr": "新北市泰山區新生路2號", "OperationTel": "02-29061133#33", "WebUrl": "http://www.mjes.ntpc.edu.tw", "Lat": 25.0447910761429, "Lng": 121.426740288734, "PassEasyEle": 1.0, "PassEasyParking": 1.0, "PassEasyShower": 0.0, "PassEasyToilet": 1.0, "PassEasyWay": 1.0, "WheelchairAuditorium": 0.0 }, "geometry": { "type": "Point", "coordinates": [ 121.426740288733995, 25.0447910761429 ] } },
{ "type": "Feature", "properties": { "GymType": "陸上/射擊運動設施/田徑場", "Name": "平溪國小操場", "Addr": "新北市平溪區平溪街56號", "OperationTel": "02-24951038", "WebUrl": "http://www.pses.ntpc.edu.tw", "Lat": 25.0273009751016, "Lng": 121.737433969975, "PassEasyEle": 0.0, "PassEasyParking": 0.0, "PassEasyShower": 0.0, "PassEasyToilet": 1.0, "PassEasyWay": 0.0, "WheelchairAuditorium": 0.0 }, "geometry": { "type": "Point", "coordinates": [ 121.737433969975001, 25.0273009751016 ] } },
{ "type": "Feature", "properties": { "GymType": "陸上/射擊運動設施/田徑場", "Name": "新和國小田徑場", "Addr": "新北市新店區安和路三段100號", "OperationTel": "02-29400170#823", "WebUrl": "http://www.hhps.ntpc.edu.tw", "Lat": 24.985221691482799, "Lng": 121.518005132675, "PassEasyEle": 1.0, "PassEasyParking": 0.0, "PassEasyShower": 0.0, "PassEasyToilet": 1.0, "PassEasyWay": 2.0, "WheelchairAuditorium": 0.0 }, "geometry": { "type": "Point", "coordinates": [ 121.518005132675, 24.985221691482799 ] } },
{ "type": "Feature", "properties": { "GymType": "陸上/射擊運動設施/田徑場", "Name": "明志國小田徑場", "Addr": "新北市泰山區新生路2號", "OperationTel": "02-29061133#33", "WebUrl": "http://www.mjes.ntpc.edu.tw", "Lat": 25.045150718578199, "Lng": 121.42672419548001, "PassEasyEle": 0.0, "PassEasyParking": 0.0, "PassEasyShower": 0.0, "PassEasyToilet": 0.0, "PassEasyWay": 0.0, "WheelchairAuditorium": 0.0 }, "geometry": { "type": "Point", "coordinates": [ 121.426724195480006, 25.045150718578199 ] } },
{ "type": "Feature", "properties": { "GymType": "陸上/射擊運動設施/田徑場", "Name": "義方國小田徑場", "Addr": "新北市瑞芳區龍山里逢甲路360號", "OperationTel": "02-24970961#211", "WebUrl": "https://web.jfps.ntpc.edu.tw", "Lat": 25.1129584669407, "Lng": 121.80263042449999, "PassEasyEle": 0.0, "PassEasyParking": 0.0, "PassEasyShower": 0.0, "PassEasyToilet": 1.0, "PassEasyWay": 1.0, "WheelchairAuditorium": 0.0 }, "geometry": { "type": "Point", "coordinates": [ 121.802630424499995, 25.1129584669407 ] } },
{ "type": "Feature", "properties": { "GymType": "陸上/射擊運動設施/田徑場", "Name": "鷺江國中田徑場", "Addr": "新北市蘆洲區長樂路235號", "OperationTel": "02-82862517", "WebUrl": "http://www.ljjh.ntpc.edu.tw", "Lat": 25.090612685246001, "Lng": 121.461796760559, "PassEasyEle": 1.0, "PassEasyParking": 1.0, "PassEasyShower": 0.0, "PassEasyToilet": 3.0, "PassEasyWay": 3.0, "WheelchairAuditorium": 0.0 }, "geometry": { "type": "Point", "coordinates": [ 121.461796760558997, 25.090612685246001 ] } },
{ "type": "Feature", "properties": { "GymType": "陸上/射擊運動設施/田徑場", "Name": "秀朗國小田徑場", "Addr": "新北市永和區得和路202號", "OperationTel": "02-29420451#5203", "WebUrl": "http://www.hles.ntpc.edu.tw", "Lat": 24.998962061485901, "Lng": 121.521556377411, "PassEasyEle": 0.0, "PassEasyParking": 0.0, "PassEasyShower": 0.0, "PassEasyToilet": 0.0, "PassEasyWay": 0.0, "WheelchairAuditorium": 0.0 }, "geometry": { "type": "Point", "coordinates": [ 121.521556377411002, 24.998962061485901 ] } },
{ "type": "Feature", "properties": { "GymType": "球類運動設施/羽球場館", "Name": "中正國小羽球場(館)", "Addr": "新北市新店區三民路36號", "OperationTel": "02-29125432#832", "WebUrl": "http://www.ccps.ntpc.edu.tw", "Lat": 24.9718979980704, "Lng": 121.53688788414, "PassEasyEle": 2.0, "PassEasyParking": 0.0, "PassEasyShower": 0.0, "PassEasyToilet": 6.0, "PassEasyWay": 0.0, "WheelchairAuditorium": 0.0 }, "geometry": { "type": "Point", "coordinates": [ 121.53688788414, 24.9718979980704 ] } },
{ "type": "Feature", "properties": { "GymType": "球類運動設施/羽球場館", "Name": "秀朗國小羽球場(館)", "Addr": "新北市永和區得和路200號", "OperationTel": "02-29420451#5203", "WebUrl": "http://www.hles.ntpc.edu.tw", "Lat": 24.998932890353, "Lng": 121.52208209037801, "PassEasyEle": 0.0, "PassEasyParking": 0.0, "PassEasyShower": 0.0, "PassEasyToilet": 0.0, "PassEasyWay": 0.0, "WheelchairAuditorium": 0.0 }, "geometry": { "type": "Point", "coordinates": [ 121.522082090378007, 24.998932890353 ] } },
{ "type": "Feature", "properties": { "GymType": "球類運動設施/籃球場館", "Name": "貢寮國中風雨操場", "Addr": "新北市貢寮區龍崗里嵩陽街42號", "OperationTel": "02-24941941#121", "WebUrl": "http://www.kljh.ntpc.edu.tw", "Lat": 25.016098904667899, "Lng": 121.906678676605, "PassEasyEle": 0.0, "PassEasyParking": 0.0, "PassEasyShower": 0.0, "PassEasyToilet": 0.0, "PassEasyWay": 0.0, "WheelchairAuditorium": 0.0 }, "geometry": { "type": "Point", "coordinates": [ 121.906678676604997, 25.016098904667899 ] } },
{ "type": "Feature", "properties": { "GymType": "球類運動設施/籃球場館", "Name": "鶯歌國小籃球場", "Addr": "新北市鶯歌區同慶里尖山埔路106號", "OperationTel": "02-26792038#223", "WebUrl": "http://www.ykes.ntpc.edu.tw", "Lat": 24.951627656565101, "Lng": 121.346697807312, "PassEasyEle": 1.0, "PassEasyParking": 1.0, "PassEasyShower": 0.0, "PassEasyToilet": 1.0, "PassEasyWay": 2.0, "WheelchairAuditorium": 0.0 }, "geometry": { "type": "Point", "coordinates": [ 121.346697807311998, 24.951627656565101 ] } },
{ "type": "Feature", "properties": { "GymType": "陸上/射擊運動設施/田徑場", "Name": "上林國小操場", "Addr": "新北市雙溪區上林里內平林60號", "OperationTel": "02-24931671#13", "WebUrl": "http://www.ulps.ntpc.edu.tw", "Lat": 25.029016801864302, "Lng": 121.832242012024, "PassEasyEle": 0.0, "PassEasyParking": 1.0, "PassEasyShower": 1.0, "PassEasyToilet": 1.0, "PassEasyWay": 1.0, "WheelchairAuditorium": 0.0 }, "geometry": { "type": "Point", "coordinates": [ 121.832242012023997, 25.029016801864302 ] } },
{ "type": "Feature", "properties": { "GymType": "水上/冰上運動設施/游泳池", "Name": "深坑國中教學游泳池", "Addr": "新北市深坑區文化街41號", "OperationTel": "02-26621455", "WebUrl": "http://www.skjh.ntpc.edu.tw", "Lat": 25.001767319740999, "Lng": 121.618099808693, "PassEasyEle": 0.0, "PassEasyParking": 0.0, "PassEasyShower": 1.0, "PassEasyToilet": 1.0, "PassEasyWay": 1.0, "WheelchairAuditorium": 0.0 }, "geometry": { "type": "Point", "coordinates": [ 121.618099808693003, 25.001767319740999 ] } },
{ "type": "Feature", "properties": { "GymType": "陸上/射擊運動設施/田徑場", "Name": "烏來國民中小學室外綜合運動場", "Addr": "新北市烏來區啦卡路5號", "OperationTel": "02-26616482#22", "WebUrl": "http://www.wujh.ntpc.edu.tw", "Lat": 24.8631733973926, "Lng": 121.55402183532701, "PassEasyEle": 0.0, "PassEasyParking": 0.0, "PassEasyShower": 0.0, "PassEasyToilet": 1.0, "PassEasyWay": 1.0, "WheelchairAuditorium": 0.0 }, "geometry": { "type": "Point", "coordinates": [ 121.554021835327006, 24.8631733973926 ] } },
{ "type": "Feature", "properties": { "GymType": "球類運動設施/籃球場館", "Name": "思賢國小風雨操場", "Addr": "新北市新莊區自立街229號", "OperationTel": "02-29980443#831", "WebUrl": "http://www.sies.ntpc.edu.tw", "Lat": 25.0457630802978, "Lng": 121.45727455616, "PassEasyEle": 1.0, "PassEasyParking": 1.0, "PassEasyShower": 0.0, "PassEasyToilet": 1.0, "PassEasyWay": 1.0, "WheelchairAuditorium": 0.0 }, "geometry": { "type": "Point", "coordinates": [ 121.457274556160002, 25.0457630802978 ] } },
{ "type": "Feature", "properties": { "GymType": "技擊運動設施/武術場", "Name": "雙城國小群賢樓地下室", "Addr": "新北市新店區安康路三段322號", "OperationTel": "02-22156511#123", "WebUrl": "http://www.tcsps.ntpc.edu.tw", "Lat": 24.952201574909299, "Lng": 121.486296057701, "PassEasyEle": 1.0, "PassEasyParking": 0.0, "PassEasyShower": 0.0, "PassEasyToilet": 1.0, "PassEasyWay": 1.0, "WheelchairAuditorium": 0.0 }, "geometry": { "type": "Point", "coordinates": [ 121.486296057700997, 24.952201574909299 ] } },
{ "type": "Feature", "properties": { "GymType": "球類運動設施/網球場館", "Name": "鶯歌國小網球場(館)", "Addr": "新北市鶯歌區同慶里尖山埔路106號", "OperationTel": "02-26792038", "WebUrl": "http://www.ykes.ntpc.edu.tw", "Lat": 24.951175329205601, "Lng": 121.346611976624, "PassEasyEle": 0.0, "PassEasyParking": 0.0, "PassEasyShower": 0.0, "PassEasyToilet": 0.0, "PassEasyWay": 0.0, "WheelchairAuditorium": 0.0 }, "geometry": { "type": "Point", "coordinates": [ 121.346611976624004, 24.951175329205601 ] } },
{ "type": "Feature", "properties": { "GymType": "陸上/射擊運動設施/田徑場", "Name": "田徑場", "Addr": "新北市鶯歌區同慶里尖山埔路106號", "OperationTel": "02-26792038", "WebUrl": "http://www.ykes.ntpc.edu.tw", "Lat": 24.948553743296301, "Lng": 121.34880065918, "PassEasyEle": 1.0, "PassEasyParking": 1.0, "PassEasyShower": 0.0, "PassEasyToilet": 1.0, "PassEasyWay": 2.0, "WheelchairAuditorium": 0.0 }, "geometry": { "type": "Point", "coordinates": [ 121.34880065918, 24.948553743296301 ] } },
{ "type": "Feature", "properties": { "GymType": "陸上/射擊運動設施/田徑場", "Name": "烏來國中(小)學校操場(本校為國中小)", "Addr": "新北市烏來區啦卡路5號", "OperationTel": "(02)26616482", "WebUrl": "http://www.wups.ntpc.edu.tw", "Lat": 24.848590364550901, "Lng": 121.572818756104, "PassEasyEle": null, "PassEasyParking": null, "PassEasyShower": null, "PassEasyToilet": null, "PassEasyWay": null, "WheelchairAuditorium": null }, "geometry": { "type": "Point", "coordinates": [ 121.572818756103999, 24.848590364550901 ] } },
{ "type": "Feature", "properties": { "GymType": "球類運動設施/籃球場館", "Name": "積穗國小活動中心", "Addr": "新北市中和區員山路154號", "OperationTel": "02-22225533#822", "WebUrl": "http://www.tjsps.ntpc.edu.tw", "Lat": 24.999526035360301, "Lng": 121.48256778717, "PassEasyEle": 0.0, "PassEasyParking": 0.0, "PassEasyShower": 0.0, "PassEasyToilet": 1.0, "PassEasyWay": 0.0, "WheelchairAuditorium": 0.0 }, "geometry": { "type": "Point", "coordinates": [ 121.482567787169998, 24.999526035360301 ] } },
{ "type": "Feature", "properties": { "GymType": "球類運動設施/排球場館", "Name": "鶯歌國小活動中心", "Addr": "新北市鶯歌區同慶里尖山埔路106號", "OperationTel": "02-26792038#223", "WebUrl": "http://www.ykes.ntpc.edu.tw", "Lat": 24.9512166710225, "Lng": 121.34662270546001, "PassEasyEle": 0.0, "PassEasyParking": 1.0, "PassEasyShower": 0.0, "PassEasyToilet": 1.0, "PassEasyWay": 1.0, "WheelchairAuditorium": 0.0 }, "geometry": { "type": "Point", "coordinates": [ 121.346622705460007, 24.9512166710225 ] } },
{ "type": "Feature", "properties": { "GymType": "水上/冰上運動設施/游泳池", "Name": "新店國小游泳池", "Addr": "新北市新店區新店路2號", "OperationTel": "02-29103483", "WebUrl": "http://www.shdes.ntpc.edu.tw", "Lat": 24.953534222442599, "Lng": 121.539741754532, "PassEasyEle": 0.0, "PassEasyParking": 0.0, "PassEasyShower": 2.0, "PassEasyToilet": 2.0, "PassEasyWay": 1.0, "WheelchairAuditorium": 0.0 }, "geometry": { "type": "Point", "coordinates": [ 121.539741754532002, 24.953534222442599 ] } },
{ "type": "Feature", "properties": { "GymType": "陸上/射擊運動設施/田徑場", "Name": "田徑場", "Addr": "新北市新店區新店路2號", "OperationTel": "02-29103483#724", "WebUrl": "https://www.xdes.ntpc.edu.tw/", "Lat": 24.953398040144599, "Lng": 121.539666652679, "PassEasyEle": 0.0, "PassEasyParking": 1.0, "PassEasyShower": 0.0, "PassEasyToilet": 0.0, "PassEasyWay": 0.0, "WheelchairAuditorium": 0.0 }, "geometry": { "type": "Point", "coordinates": [ 121.539666652679003, 24.953398040144599 ] } },
{ "type": "Feature", "properties": { "GymType": "球類運動設施/籃球場館", "Name": "復興商工籃球場", "Addr": "新北市永和區秀朗路一段201號", "OperationTel": "02-29262121#218", "WebUrl": "http://www.fhvs.ntpc.edu.tw", "Lat": 25.003609906862199, "Lng": 121.518498659134, "PassEasyEle": 0.0, "PassEasyParking": 0.0, "PassEasyShower": 0.0, "PassEasyToilet": 0.0, "PassEasyWay": 0.0, "WheelchairAuditorium": 0.0 }, "geometry": { "type": "Point", "coordinates": [ 121.518498659133996, 25.003609906862199 ] } },
{ "type": "Feature", "properties": { "GymType": "球類運動設施/羽球場館", "Name": "溪洲國小活動中心", "Addr": "新北市板橋區金門街289號", "OperationTel": "02-26867705#31", "WebUrl": "http://www.sips.ntpc.edu.tw", "Lat": 24.986271965056901, "Lng": 121.431562900543, "PassEasyEle": null, "PassEasyParking": null, "PassEasyShower": null, "PassEasyToilet": null, "PassEasyWay": null, "WheelchairAuditorium": null }, "geometry": { "type": "Point", "coordinates": [ 121.431562900543, 24.986271965056901 ] } },
{ "type": "Feature", "properties": { "GymType": "球類運動設施/籃球場館", "Name": "牡丹國小籃球場", "Addr": "新北市雙溪區三貂里政光路3號", "OperationTel": "02-24931240", "WebUrl": "http://www.mdps.ntpc.edu.tw", "Lat": 25.062470626872301, "Lng": 121.851575374603, "PassEasyEle": 0.0, "PassEasyParking": 0.0, "PassEasyShower": 0.0, "PassEasyToilet": 0.0, "PassEasyWay": 0.0, "WheelchairAuditorium": 0.0 }, "geometry": { "type": "Point", "coordinates": [ 121.851575374603001, 25.062470626872301 ] } },
{ "type": "Feature", "properties": { "GymType": "球類運動設施/籃球場館", "Name": "土城國小田徑場附設籃球場", "Addr": "新北市土城區興城路17號", "OperationTel": "02-22700177#855", "WebUrl": "http://www.ttcps.ntpc.edu.tw", "Lat": 24.972116829509702, "Lng": 121.442742347717, "PassEasyEle": 0.0, "PassEasyParking": 0.0, "PassEasyShower": 0.0, "PassEasyToilet": 0.0, "PassEasyWay": 0.0, "WheelchairAuditorium": 0.0 }, "geometry": { "type": "Point", "coordinates": [ 121.442742347717001, 24.972116829509702 ] } },
{ "type": "Feature", "properties": { "GymType": "陸上/射擊運動設施/田徑場", "Name": "頭前國中田徑場", "Addr": "新北市新莊區中原路2號", "OperationTel": "08-85222862#203", "WebUrl": "http://www.tcjhs.ntpc.edu.tw", "Lat": 25.055541013402198, "Lng": 121.459082365036, "PassEasyEle": 0.0, "PassEasyParking": 0.0, "PassEasyShower": 0.0, "PassEasyToilet": 0.0, "PassEasyWay": 0.0, "WheelchairAuditorium": 0.0 }, "geometry": { "type": "Point", "coordinates": [ 121.459082365035997, 25.055541013402198 ] } },
{ "type": "Feature", "properties": { "GymType": "球類運動設施/籃球場館", "Name": "直潭國小新意樓活動中心", "Addr": "新北市新店區直潭路92號", "OperationTel": "02-26667278#830", "WebUrl": "http://www.jtes.ntpc.edu.tw", "Lat": 24.938125212783198, "Lng": 121.531534194946, "PassEasyEle": 0.0, "PassEasyParking": 0.0, "PassEasyShower": 0.0, "PassEasyToilet": 0.0, "PassEasyWay": 0.0, "WheelchairAuditorium": 0.0 }, "geometry": { "type": "Point", "coordinates": [ 121.531534194946005, 24.938125212783198 ] } },
{ "type": "Feature", "properties": { "GymType": "陸上/射擊運動設施/田徑場", "Name": "中泰國小田徑場", "Addr": "新北市淡水區中和里北勢子5號", "OperationTel": "02-28012033#117", "WebUrl": "http://www.ctps.ntpc.edu.tw", "Lat": 25.224334887731001, "Lng": 121.484552621841, "PassEasyEle": 0.0, "PassEasyParking": 1.0, "PassEasyShower": 0.0, "PassEasyToilet": 0.0, "PassEasyWay": 1.0, "WheelchairAuditorium": 0.0 }, "geometry": { "type": "Point", "coordinates": [ 121.484552621841004, 25.224334887731001 ] } },
{ "type": "Feature", "properties": { "GymType": "陸上/射擊運動設施/田徑場", "Name": "錦和高中田徑場", "Addr": "新北市中和區錦和路163號", "OperationTel": "02-22498566#233", "WebUrl": "http://www.jhsh.ntpc.edu.tw", "Lat": 24.993263835431101, "Lng": 121.49133324623099, "PassEasyEle": 0.0, "PassEasyParking": 0.0, "PassEasyShower": 0.0, "PassEasyToilet": 0.0, "PassEasyWay": 0.0, "WheelchairAuditorium": 0.0 }, "geometry": { "type": "Point", "coordinates": [ 121.491333246230994, 24.993263835431101 ] } },
{ "type": "Feature", "properties": { "GymType": "陸上/射擊運動設施/田徑場", "Name": "興化國小田徑場", "Addr": "新北市新莊區福興里五工二路50巷2號", "OperationTel": "02-22991001#303", "WebUrl": "http://www.tshes.ntpc.edu.tw", "Lat": 25.065347321836601, "Lng": 121.461818218231, "PassEasyEle": 0.0, "PassEasyParking": 0.0, "PassEasyShower": 0.0, "PassEasyToilet": 0.0, "PassEasyWay": 0.0, "WheelchairAuditorium": 0.0 }, "geometry": { "type": "Point", "coordinates": [ 121.461818218231002, 25.065347321836601 ] } },
{ "type": "Feature", "properties": { "GymType": "球類運動設施/籃球場館", "Name": "蘆洲公園風雨球場", "Addr": "三民路95號對面", "OperationTel": "02-22811484", "WebUrl": "https://www.luzhou.ntpc.gov.tw/", "Lat": 25.0848944239345, "Lng": 121.47440046072001, "PassEasyEle": 0.0, "PassEasyParking": 0.0, "PassEasyShower": 0.0, "PassEasyToilet": 0.0, "PassEasyWay": 0.0, "WheelchairAuditorium": 0.0 }, "geometry": { "type": "Point", "coordinates": [ 121.474400460720005, 25.0848944239345 ] } },
{ "type": "Feature", "properties": { "GymType": "球類運動設施/躲避球場", "Name": "興化國小躲避球場", "Addr": "新北市新莊區福興里五工二路50巷2號", "OperationTel": "02-22991001#303", "WebUrl": "http://www.tshes.ntpc.edu.tw", "Lat": 25.0656388749887, "Lng": 121.461861133575, "PassEasyEle": 0.0, "PassEasyParking": 0.0, "PassEasyShower": 0.0, "PassEasyToilet": 0.0, "PassEasyWay": 0.0, "WheelchairAuditorium": 0.0 }, "geometry": { "type": "Point", "coordinates": [ 121.461861133574999, 25.0656388749887 ] } },
{ "type": "Feature", "properties": { "GymType": "球類運動設施/排球場館", "Name": "重慶國小綜合館", "Addr": "新北市板橋區廣和街31號", "OperationTel": "02-29553562#305", "WebUrl": "http://www.cges.ntpc.edu.tw", "Lat": 24.994416244365102, "Lng": 121.463232608403, "PassEasyEle": 0.0, "PassEasyParking": 0.0, "PassEasyShower": 0.0, "PassEasyToilet": 0.0, "PassEasyWay": 0.0, "WheelchairAuditorium": 0.0 }, "geometry": { "type": "Point", "coordinates": [ 121.463232608403004, 24.994416244365102 ] } },
{ "type": "Feature", "properties": { "GymType": "球類運動設施/籃球場館", "Name": "雙峰國小風雨操場", "Addr": "新北市新店區北宜路三段66號", "OperationTel": "02-22174543#116", "WebUrl": "http://www.sfes.ntpc.edu.tw", "Lat": 24.95130178648418, "Lng": 121.5752649307251, "PassEasyEle": 0.0, "PassEasyParking": 0.0, "PassEasyShower": 0.0, "PassEasyToilet": 0.0, "PassEasyWay": 0.0, "WheelchairAuditorium": 0.0 }, "geometry": { "type": "Point", "coordinates": [ 121.575264930725098, 24.95130178648418 ] } },
{ "type": "Feature", "properties": { "GymType": "球類運動設施/籃球場館", "Name": "市立永和國中力行體育館", "Addr": "新北市永和區永亨路80巷2號", "OperationTel": "02-29218878#607", "WebUrl": "http://www.jhjhs.ntpc.edu.tw", "Lat": 25.005262863876698, "Lng": 121.521556377411, "PassEasyEle": 0.0, "PassEasyParking": 0.0, "PassEasyShower": 0.0, "PassEasyToilet": 0.0, "PassEasyWay": 0.0, "WheelchairAuditorium": 0.0 }, "geometry": { "type": "Point", "coordinates": [ 121.521556377411002, 25.005262863876698 ] } },
{ "type": "Feature", "properties": { "GymType": "陸上/射擊運動設施/田徑場", "Name": "廣福國小田徑場", "Addr": "新北市土城區學府路一段127號", "OperationTel": "02-22626782#303", "WebUrl": "http://www.gfes.ntpc.edu.tw", "Lat": 24.986828703660201, "Lng": 121.45482569932901, "PassEasyEle": 0.0, "PassEasyParking": 0.0, "PassEasyShower": 0.0, "PassEasyToilet": 0.0, "PassEasyWay": 0.0, "WheelchairAuditorium": 0.0 }, "geometry": { "type": "Point", "coordinates": [ 121.454825699329007, 24.986828703660201 ] } },
{ "type": "Feature", "properties": { "GymType": "球類運動設施/籃球場館", "Name": "籃球場館", "Addr": "新北市瑞芳區吉安里大埔路95號", "OperationTel": "02-24576405#621", "WebUrl": "http://163.20.53.66/", "Lat": 25.099847817395599, "Lng": 121.76309466362, "PassEasyEle": 0.0, "PassEasyParking": 0.0, "PassEasyShower": 0.0, "PassEasyToilet": 0.0, "PassEasyWay": 0.0, "WheelchairAuditorium": 0.0 }, "geometry": { "type": "Point", "coordinates": [ 121.763094663619995, 25.099847817395599 ] } },
{ "type": "Feature", "properties": { "GymType": "陸上/射擊運動設施/田徑場", "Name": "華梵大學田徑場", "Addr": "新北市石碇區華梵路1號", "OperationTel": "02-26632102#2710", "WebUrl": "http://www.hfu.edu.tw", "Lat": 24.981890903449202, "Lng": 121.690058112144, "PassEasyEle": null, "PassEasyParking": null, "PassEasyShower": null, "PassEasyToilet": null, "PassEasyWay": null, "WheelchairAuditorium": null }, "geometry": { "type": "Point", "coordinates": [ 121.690058112144001, 24.981890903449202 ] } },
{ "type": "Feature", "properties": { "GymType": "水上/冰上運動設施/游泳池", "Name": "新泰游泳池", "Addr": "新北市新莊區新泰路502巷1號。", "OperationTel": "02-29926229", "WebUrl": "https://www.facebook.com/pages/", "Lat": 25.0466135776127, "Lng": 121.442989110947, "PassEasyEle": 0.0, "PassEasyParking": 1.0, "PassEasyShower": 0.0, "PassEasyToilet": 1.0, "PassEasyWay": 0.0, "WheelchairAuditorium": 0.0 }, "geometry": { "type": "Point", "coordinates": [ 121.442989110946996, 25.0466135776127 ] } },
{ "type": "Feature", "properties": { "GymType": "水上/冰上運動設施/游泳池", "Name": "樹林高中游泳池(館)", "Addr": "新北市樹林區中華路8號", "OperationTel": "02-86852011", "WebUrl": "http://www.slsh.ntpc.edu.tw", "Lat": 24.984463154988699, "Lng": 121.421284675598, "PassEasyEle": 0.0, "PassEasyParking": 0.0, "PassEasyShower": 0.0, "PassEasyToilet": 0.0, "PassEasyWay": 0.0, "WheelchairAuditorium": 0.0 }, "geometry": { "type": "Point", "coordinates": [ 121.421284675598002, 24.984463154988699 ] } },
{ "type": "Feature", "properties": { "GymType": "球類運動設施/排球場館", "Name": "豫章工商排球場", "Addr": "新北市板橋區四川路一段391號", "OperationTel": "02-29519810#351", "WebUrl": "http://www.ycvs.ntpc.edu.tw", "Lat": 24.9973479150568, "Lng": 121.45893752574899, "PassEasyEle": 0.0, "PassEasyParking": 0.0, "PassEasyShower": 0.0, "PassEasyToilet": 1.0, "PassEasyWay": 0.0, "WheelchairAuditorium": 0.0 }, "geometry": { "type": "Point", "coordinates": [ 121.458937525748993, 24.9973479150568 ] } },
{ "type": "Feature", "properties": { "GymType": "水上/冰上運動設施/游泳池", "Name": "後港溫水游泳池(館)", "Addr": "新北市新莊區後港一路19號", "OperationTel": "02-22020883", "WebUrl": "https://www.facebook.com/pages/", "Lat": 25.025893784822699, "Lng": 121.424315571785, "PassEasyEle": 1.0, "PassEasyParking": 2.0, "PassEasyShower": 0.0, "PassEasyToilet": 0.0, "PassEasyWay": 1.0, "WheelchairAuditorium": 0.0 }, "geometry": { "type": "Point", "coordinates": [ 121.424315571785002, 25.025893784822699 ] } },
{ "type": "Feature", "properties": { "GymType": "球類運動設施/籃球場館", "Name": "樹林高中活動中心", "Addr": "新北市樹林區中華路8號", "OperationTel": "02-86852011#3101", "WebUrl": "http://www.slsh.ntpc.edu.tw", "Lat": 24.984283245005397, "Lng": 121.4222234487529, "PassEasyEle": 0.0, "PassEasyParking": 0.0, "PassEasyShower": 0.0, "PassEasyToilet": 1.0, "PassEasyWay": 1.0, "WheelchairAuditorium": 0.0 }, "geometry": { "type": "Point", "coordinates": [ 121.422223448752902, 24.984283245005397 ] } },
{ "type": "Feature", "properties": { "GymType": "陸上/射擊運動設施/環形或直線慢跑場（非田徑場）", "Name": "頭前國小環形/直線慢跑道(非田徑場型)", "Addr": "新北市新莊區頭前里化成路231號", "OperationTel": "02-29920238#830", "WebUrl": "http://www.tcps.ntpc.edu.tw", "Lat": 25.0528293188592, "Lng": 121.46613121032701, "PassEasyEle": 0.0, "PassEasyParking": 0.0, "PassEasyShower": 0.0, "PassEasyToilet": 0.0, "PassEasyWay": 0.0, "WheelchairAuditorium": 0.0 }, "geometry": { "type": "Point", "coordinates": [ 121.466131210327006, 25.0528293188592 ] } },
{ "type": "Feature", "properties": { "GymType": "球類運動設施/籃球場館", "Name": "華梵大學籃球場", "Addr": "新北市石碇區華梵路1號", "OperationTel": "02-26632102#2710", "WebUrl": "http://www.hfu.edu.tw", "Lat": 24.981679383206298, "Lng": 121.69306755065899, "PassEasyEle": null, "PassEasyParking": null, "PassEasyShower": null, "PassEasyToilet": null, "PassEasyWay": null, "WheelchairAuditorium": null }, "geometry": { "type": "Point", "coordinates": [ 121.693067550658995, 24.981679383206298 ] } },
{ "type": "Feature", "properties": { "GymType": "陸上/射擊運動設施/田徑場", "Name": "樹林高中田徑場", "Addr": "新北市樹林區中華路8號", "OperationTel": "02-86852011#3101", "WebUrl": "http://www.slsh.ntpc.edu.tw", "Lat": 24.9834712155895, "Lng": 121.421231031418, "PassEasyEle": 0.0, "PassEasyParking": 0.0, "PassEasyShower": 0.0, "PassEasyToilet": 1.0, "PassEasyWay": 0.0, "WheelchairAuditorium": 0.0 }, "geometry": { "type": "Point", "coordinates": [ 121.421231031418003, 24.9834712155895 ] } },
{ "type": "Feature", "properties": { "GymType": "陸上/射擊運動設施/射箭場", "Name": "射箭場", "Addr": "新北市石碇區華梵路1號", "OperationTel": "02-26632102#2710", "WebUrl": "http://www.hfu.edu.tw", "Lat": 24.9819468225331, "Lng": 121.69204562902399, "PassEasyEle": null, "PassEasyParking": null, "PassEasyShower": null, "PassEasyToilet": null, "PassEasyWay": null, "WheelchairAuditorium": null }, "geometry": { "type": "Point", "coordinates": [ 121.692045629023994, 24.9819468225331 ] } },
{ "type": "Feature", "properties": { "GymType": "競速運動設施/滑輪場/溜冰場", "Name": "樹林高中滑輪場(直排輪場)", "Addr": "新北市樹林區中華路8號", "OperationTel": "02-86852011#3101", "WebUrl": "http://www.slsh.ntpc.edu.tw", "Lat": 24.983816450307899, "Lng": 121.42144024372099, "PassEasyEle": 0.0, "PassEasyParking": 0.0, "PassEasyShower": 1.0, "PassEasyToilet": 0.0, "PassEasyWay": 0.0, "WheelchairAuditorium": 0.0 }, "geometry": { "type": "Point", "coordinates": [ 121.421440243720994, 24.983816450307899 ] } },
{ "type": "Feature", "properties": { "GymType": "球類運動設施/籃球場館", "Name": "竹林高中活動中心", "Addr": "新北市中和區華新街143巷12號", "OperationTel": "02-29425074#308", "WebUrl": "http://www.clsh.ntpc.edu.tw", "Lat": 24.979968248039199, "Lng": 121.505899139447, "PassEasyEle": null, "PassEasyParking": null, "PassEasyShower": null, "PassEasyToilet": null, "PassEasyWay": null, "WheelchairAuditorium": null }, "geometry": { "type": "Point", "coordinates": [ 121.505899139446996, 24.979968248039199 ] } },
{ "type": "Feature", "properties": { "GymType": "競速運動設施/滑輪場/溜冰場", "Name": "林口社區運動公園", "Addr": "新北市林口區仁愛路與文化一路交叉口", "OperationTel": "02-26033111#204", "WebUrl": "https://www.linkou.ntpc.gov.tw/home.jsp?id=ced5adf7a08c81fd", "Lat": 25.074283110635601, "Lng": 121.376110911369, "PassEasyEle": 0.0, "PassEasyParking": 0.0, "PassEasyShower": 0.0, "PassEasyToilet": 1.0, "PassEasyWay": 0.0, "WheelchairAuditorium": 0.0 }, "geometry": { "type": "Point", "coordinates": [ 121.376110911368997, 25.074283110635601 ] } },
{ "type": "Feature", "properties": { "GymType": "球類運動設施/籃球場館", "Name": "竹林高中籃球場", "Addr": "新北市中和區華新街143巷12號", "OperationTel": "02-29425074#308", "WebUrl": "http://www.clsh.ntpc.edu.tw", "Lat": 24.979783462930499, "Lng": 121.505942486983, "PassEasyEle": null, "PassEasyParking": null, "PassEasyShower": null, "PassEasyToilet": null, "PassEasyWay": null, "WheelchairAuditorium": null }, "geometry": { "type": "Point", "coordinates": [ 121.505942486983002, 24.979783462930499 ] } },
{ "type": "Feature", "properties": { "GymType": "球類運動設施/籃球場館", "Name": "林口國小上操場籃球場", "Addr": "新北市林口區菁湖里林口路76號", "OperationTel": "02-26011010#831", "WebUrl": "http://www.lkes.ntpc.edu.tw", "Lat": 25.080171434135, "Lng": 121.390136718742, "PassEasyEle": 0.0, "PassEasyParking": 0.0, "PassEasyShower": 0.0, "PassEasyToilet": 0.0, "PassEasyWay": 0.0, "WheelchairAuditorium": 0.0 }, "geometry": { "type": "Point", "coordinates": [ 121.390136718741999, 25.080171434135 ] } },
{ "type": "Feature", "properties": { "GymType": "球類運動設施/桌球場館", "Name": "竹林高中桌球場(館)", "Addr": "新北市中和區華新街143巷12號", "OperationTel": "02-29425074#308", "WebUrl": "http://www.clsh.ntpc.edu.tw", "Lat": 24.979434231429, "Lng": 121.50585043404099, "PassEasyEle": null, "PassEasyParking": null, "PassEasyShower": null, "PassEasyToilet": null, "PassEasyWay": null, "WheelchairAuditorium": null }, "geometry": { "type": "Point", "coordinates": [ 121.505850434040994, 24.979434231429 ] } },
{ "type": "Feature", "properties": { "GymType": "球類運動設施/羽球場館", "Name": "頭湖國小羽球場(館)", "Addr": "新北市林口區民權路101號", "OperationTel": "02-26080766#824", "WebUrl": "http://www.jles.ntpc.edu.tw/", "Lat": 25.083303595247699, "Lng": 121.37155652046199, "PassEasyEle": 0.0, "PassEasyParking": 0.0, "PassEasyShower": 0.0, "PassEasyToilet": 0.0, "PassEasyWay": 0.0, "WheelchairAuditorium": 0.0 }, "geometry": { "type": "Point", "coordinates": [ 121.371556520461994, 25.083303595247699 ] } },
{ "type": "Feature", "properties": { "GymType": "阻力運動設施/多功能健身房/體適能中心（此空間中具有兩種以上之阻力運動器材設備）", "Name": "輔仁大學健身房(含重量訓練室)", "Addr": "新北市新莊區中正路510號", "OperationTel": "02-29056436", "WebUrl": "http://www.fju.edu.tw", "Lat": 25.037656329824902, "Lng": 121.432378292084, "PassEasyEle": 0.0, "PassEasyParking": 0.0, "PassEasyShower": 0.0, "PassEasyToilet": 0.0, "PassEasyWay": 0.0, "WheelchairAuditorium": 0.0 }, "geometry": { "type": "Point", "coordinates": [ 121.432378292083996, 25.037656329824902 ] } },
{ "type": "Feature", "properties": { "GymType": "水上/冰上運動設施/游泳池", "Name": "輔仁大學游泳池(館)", "Addr": "新北市新莊區中正路510號", "OperationTel": "02-29056436", "WebUrl": "http://www.fju.edu.tw", "Lat": 25.0376466091789, "Lng": 121.432528495789, "PassEasyEle": 0.0, "PassEasyParking": 0.0, "PassEasyShower": 0.0, "PassEasyToilet": 0.0, "PassEasyWay": 0.0, "WheelchairAuditorium": 0.0 }, "geometry": { "type": "Point", "coordinates": [ 121.432528495789001, 25.0376466091789 ] } },
{ "type": "Feature", "properties": { "GymType": "球類運動設施/網球場館", "Name": "輔仁大學網球場(館)", "Addr": "新北市新莊區中正路510號", "OperationTel": "02-29056436", "WebUrl": "http://www.fju.edu.tw", "Lat": 25.033238216853, "Lng": 121.43419682979599, "PassEasyEle": 0.0, "PassEasyParking": 0.0, "PassEasyShower": 0.0, "PassEasyToilet": 0.0, "PassEasyWay": 0.0, "WheelchairAuditorium": 0.0 }, "geometry": { "type": "Point", "coordinates": [ 121.434196829795994, 25.033238216853 ] } },
{ "type": "Feature", "properties": { "GymType": "陸上/射擊運動設施/田徑場", "Name": "輔仁大學田徑場", "Addr": "新北市新莊區中正路510號", "OperationTel": "02-29056436", "WebUrl": "http://www.fju.edu.tw", "Lat": 25.039201902732401, "Lng": 121.432957649231, "PassEasyEle": 0.0, "PassEasyParking": 2.0, "PassEasyShower": 0.0, "PassEasyToilet": 1.0, "PassEasyWay": 1.0, "WheelchairAuditorium": 0.0 }, "geometry": { "type": "Point", "coordinates": [ 121.432957649231, 25.039201902732401 ] } },
{ "type": "Feature", "properties": { "GymType": "球類運動設施/排球場館", "Name": "輔仁大學排球場(館)", "Addr": "新北市新莊區中正路510號", "OperationTel": "02-29056436", "WebUrl": "http://www.fju.edu.tw", "Lat": 25.039892057929301, "Lng": 121.43179893493701, "PassEasyEle": 0.0, "PassEasyParking": 0.0, "PassEasyShower": 0.0, "PassEasyToilet": 0.0, "PassEasyWay": 0.0, "WheelchairAuditorium": 0.0 }, "geometry": { "type": "Point", "coordinates": [ 121.431798934937007, 25.039892057929301 ] } },
{ "type": "Feature", "properties": { "GymType": "舞蹈運動設施/多功能舞蹈運動教室（含舞蹈教室/韻律教室/瑜珈教室等類型空間）", "Name": "竹林高中舞蹈教室", "Addr": "新北市中和區華新街143巷12號", "OperationTel": "02-29425074#308", "WebUrl": "http://www.clsh.ntpc.edu.tw", "Lat": 24.980036417772801, "Lng": 121.506024831324, "PassEasyEle": null, "PassEasyParking": null, "PassEasyShower": null, "PassEasyToilet": null, "PassEasyWay": null, "WheelchairAuditorium": null }, "geometry": { "type": "Point", "coordinates": [ 121.506024831323998, 24.980036417772801 ] } },
{ "type": "Feature", "properties": { "GymType": "球類運動設施/籃球場館", "Name": "輔仁大學籃球場", "Addr": "新北市新莊區中正路510號", "OperationTel": "02-29056436", "WebUrl": "http://www.fju.edu.tw", "Lat": 25.039721949614599, "Lng": 121.432544589043, "PassEasyEle": 0.0, "PassEasyParking": 0.0, "PassEasyShower": 0.0, "PassEasyToilet": 0.0, "PassEasyWay": 0.0, "WheelchairAuditorium": 0.0 }, "geometry": { "type": "Point", "coordinates": [ 121.432544589043005, 25.039721949614599 ] } },
{ "type": "Feature", "properties": { "GymType": "球類運動設施/棒球場", "Name": "輔仁大學棒球場", "Addr": "新北市新莊區中正路510號", "OperationTel": "02-29056436", "WebUrl": "http://www.fju.edu.tw", "Lat": 25.038832522299099, "Lng": 121.433644294739, "PassEasyEle": 0.0, "PassEasyParking": 0.0, "PassEasyShower": 0.0, "PassEasyToilet": 0.0, "PassEasyWay": 0.0, "WheelchairAuditorium": 0.0 }, "geometry": { "type": "Point", "coordinates": [ 121.433644294738997, 25.038832522299099 ] } },
{ "type": "Feature", "properties": { "GymType": "球類運動設施/桌球場館", "Name": "輔仁大學桌球場(館)", "Addr": "新北市新莊區中正路510號", "OperationTel": "02-29056436", "WebUrl": "http://www.fju.edu.tw", "Lat": 25.0376271678847, "Lng": 121.43324732780501, "PassEasyEle": 0.0, "PassEasyParking": 0.0, "PassEasyShower": 0.0, "PassEasyToilet": 0.0, "PassEasyWay": 0.0, "WheelchairAuditorium": 0.0 }, "geometry": { "type": "Point", "coordinates": [ 121.433247327805006, 25.0376271678847 ] } },
{ "type": "Feature", "properties": { "GymType": "陸上/射擊運動設施/田徑場", "Name": "德拉楠實小操場", "Addr": "新北市烏來區福山里李茂岸56號", "OperationTel": "02-26616124#700", "WebUrl": "http://www.fses.ntpc.edu.tw", "Lat": 24.777266475641699, "Lng": 121.502233743668, "PassEasyEle": 0.0, "PassEasyParking": 0.0, "PassEasyShower": 0.0, "PassEasyToilet": 0.0, "PassEasyWay": 1.0, "WheelchairAuditorium": 0.0 }, "geometry": { "type": "Point", "coordinates": [ 121.502233743668, 24.777266475641699 ] } },
{ "type": "Feature", "properties": { "GymType": "阻力運動設施/多功能健身房/體適能中心（此空間中具有兩種以上之阻力運動器材設備）", "Name": "樹林高中健身房(含重量訓練室)", "Addr": "新北市樹林區中華路8號", "OperationTel": "02-86852011#3101", "WebUrl": "http://www.slsh.ntpc.edu.tw", "Lat": 24.984035260542999, "Lng": 121.421719193459, "PassEasyEle": 0.0, "PassEasyParking": 0.0, "PassEasyShower": 0.0, "PassEasyToilet": 0.0, "PassEasyWay": 0.0, "WheelchairAuditorium": 0.0 }, "geometry": { "type": "Point", "coordinates": [ 121.421719193458998, 24.984035260542999 ] } },
{ "type": "Feature", "properties": { "GymType": "球類運動設施/籃球場館", "Name": "樹林高中籃球場", "Addr": "新北市樹林區中華路8號", "OperationTel": "02-86852011#3101", "WebUrl": "http://www.slsh.ntpc.edu.tw", "Lat": 24.983558739976001, "Lng": 121.421821117401, "PassEasyEle": 0.0, "PassEasyParking": 0.0, "PassEasyShower": 0.0, "PassEasyToilet": 1.0, "PassEasyWay": 0.0, "WheelchairAuditorium": 0.0 }, "geometry": { "type": "Point", "coordinates": [ 121.421821117400995, 24.983558739976001 ] } },
{ "type": "Feature", "properties": { "GymType": "球類運動設施/籃球場館", "Name": "淡江高中體育館", "Addr": "新北市淡水區真理街26號", "OperationTel": "(02)2620-3850", "WebUrl": "http://www.tksh.ntpc.edu.tw", "Lat": 25.1773254738434, "Lng": 121.437678337097, "PassEasyEle": null, "PassEasyParking": null, "PassEasyShower": null, "PassEasyToilet": null, "PassEasyWay": null, "WheelchairAuditorium": null }, "geometry": { "type": "Point", "coordinates": [ 121.437678337096997, 25.1773254738434 ] } },
{ "type": "Feature", "properties": { "GymType": "球類運動設施/籃球場館", "Name": "濂洞國小活動中心", "Addr": "新北市瑞芳區濓洞里洞頂路101巷80號", "OperationTel": "02-24961330#12", "WebUrl": "http://www.ldes.ntpc.edu.tw/", "Lat": 25.122286622461001, "Lng": 121.86005651950801, "PassEasyEle": 0.0, "PassEasyParking": 0.0, "PassEasyShower": 0.0, "PassEasyToilet": 0.0, "PassEasyWay": 1.0, "WheelchairAuditorium": 0.0 }, "geometry": { "type": "Point", "coordinates": [ 121.860056519508007, 25.122286622461001 ] } },
{ "type": "Feature", "properties": { "GymType": "球類運動設施/籃球場館", "Name": "新北市三和國小活動中心", "Addr": "新北市金山區重和里六股林口38號", "OperationTel": "02-24080417", "WebUrl": "http://www.sanho.ntpc.edu.tw", "Lat": 25.218783043405601, "Lng": 121.602811217308, "PassEasyEle": 0.0, "PassEasyParking": 0.0, "PassEasyShower": 0.0, "PassEasyToilet": 0.0, "PassEasyWay": 0.0, "WheelchairAuditorium": 0.0 }, "geometry": { "type": "Point", "coordinates": [ 121.602811217308002, 25.218783043405601 ] } },
{ "type": "Feature", "properties": { "GymType": "陸上/射擊運動設施/環形或直線慢跑場（非田徑場）", "Name": "屈尺國小環形/直線慢跑道(非田徑場型)", "Addr": "新北市新店區屈尺路55號", "OperationTel": "02-26667490#23", "WebUrl": "http://www.ccyes.ntpc.edu.tw", "Lat": 24.922338464332601, "Lng": 121.546767801046, "PassEasyEle": 0.0, "PassEasyParking": 0.0, "PassEasyShower": 0.0, "PassEasyToilet": 0.0, "PassEasyWay": 0.0, "WheelchairAuditorium": 0.0 }, "geometry": { "type": "Point", "coordinates": [ 121.546767801046002, 24.922338464332601 ] } },
{ "type": "Feature", "properties": { "GymType": "球類運動設施/籃球場館", "Name": "新北高工志清堂", "Addr": "新北市土城區 學府路一段241號", "OperationTel": "02-22612483#55", "WebUrl": "http://www.ntvs.ntpc.edu.tw", "Lat": 24.984088747430199, "Lng": 121.45004332065599, "PassEasyEle": 0.0, "PassEasyParking": 0.0, "PassEasyShower": 0.0, "PassEasyToilet": 2.0, "PassEasyWay": 2.0, "WheelchairAuditorium": 0.0 }, "geometry": { "type": "Point", "coordinates": [ 121.450043320655993, 24.984088747430199 ] } },
{ "type": "Feature", "properties": { "GymType": "陸上/射擊運動設施/環形或直線慢跑場（非田徑場）", "Name": "瓜山國小環形/直線慢跑道(非田徑場型)", "Addr": "新北市瑞芳區石山里五號路306號", "OperationTel": "02-24962036#168", "WebUrl": "http://www.gsps.ntpc.edu.tw", "Lat": 25.111498343422902, "Lng": 121.856592178247, "PassEasyEle": 0.0, "PassEasyParking": 0.0, "PassEasyShower": 0.0, "PassEasyToilet": 0.0, "PassEasyWay": 0.0, "WheelchairAuditorium": 0.0 }, "geometry": { "type": "Point", "coordinates": [ 121.856592178246999, 25.111498343422902 ] } },
{ "type": "Feature", "properties": { "GymType": "球類運動設施/籃球場館", "Name": "屈尺國小籃球場", "Addr": "新北市新店區屈尺路55號", "OperationTel": "02-26667490#23", "WebUrl": "http://www.ccyes.ntpc.edu.tw", "Lat": 24.922497789125199, "Lng": 121.547074913979, "PassEasyEle": 0.0, "PassEasyParking": 0.0, "PassEasyShower": 0.0, "PassEasyToilet": 0.0, "PassEasyWay": 0.0, "WheelchairAuditorium": 0.0 }, "geometry": { "type": "Point", "coordinates": [ 121.547074913979003, 24.922497789125199 ] } },
{ "type": "Feature", "properties": { "GymType": "球類運動設施/橄欖球場", "Name": "淡江高中大操場", "Addr": "新北市淡水區真理街26號", "OperationTel": "02-26203850#133", "WebUrl": "http://www.tksh.ntpc.edu.tw", "Lat": 25.177213813988399, "Lng": 121.43685221672099, "PassEasyEle": null, "PassEasyParking": null, "PassEasyShower": null, "PassEasyToilet": null, "PassEasyWay": null, "WheelchairAuditorium": null }, "geometry": { "type": "Point", "coordinates": [ 121.436852216720993, 25.177213813988399 ] } },
{ "type": "Feature", "properties": { "GymType": "球類運動設施/籃球場館", "Name": "淡江高中籃球場", "Addr": "新北市淡水區真理街26號", "OperationTel": "02-26203850#133", "WebUrl": "http://www.tksh.ntpc.edu.tw", "Lat": 25.175752516892398, "Lng": 121.43568277359, "PassEasyEle": null, "PassEasyParking": null, "PassEasyShower": null, "PassEasyToilet": null, "PassEasyWay": null, "WheelchairAuditorium": null }, "geometry": { "type": "Point", "coordinates": [ 121.435682773590003, 25.175752516892398 ] } },
{ "type": "Feature", "properties": { "GymType": "球類運動設施/排球場館", "Name": "淡江高中籃排球場", "Addr": "新北市淡水區真理街26號", "OperationTel": "(02)2620-3850", "WebUrl": "http://www.tksh.ntpc.edu.tw", "Lat": 25.175616581388201, "Lng": 121.436377465725, "PassEasyEle": null, "PassEasyParking": null, "PassEasyShower": null, "PassEasyToilet": null, "PassEasyWay": null, "WheelchairAuditorium": null }, "geometry": { "type": "Point", "coordinates": [ 121.436377465725002, 25.175616581388201 ] } },
{ "type": "Feature", "properties": { "GymType": "水上/冰上運動設施/游泳池", "Name": "淡江高中藝能大樓溫水游泳池", "Addr": "新北市淡水區真理街26號", "OperationTel": "02-26203850", "WebUrl": "http://www.tksh.ntpc.edu.tw", "Lat": 25.1758204845877, "Lng": 121.435806155205, "PassEasyEle": 1.0, "PassEasyParking": 0.0, "PassEasyShower": 1.0, "PassEasyToilet": 1.0, "PassEasyWay": 0.0, "WheelchairAuditorium": 0.0 }, "geometry": { "type": "Point", "coordinates": [ 121.435806155205, 25.1758204845877 ] } },
{ "type": "Feature", "properties": { "GymType": "球類運動設施/桌球場館", "Name": "淡江高中桌球教室", "Addr": "新北市淡水區真理街26號", "OperationTel": "(02)2620-3850", "WebUrl": "http://www.tksh.ntpc.edu.tw", "Lat": 25.175296161385599, "Lng": 121.436374783516, "PassEasyEle": null, "PassEasyParking": null, "PassEasyShower": null, "PassEasyToilet": null, "PassEasyWay": null, "WheelchairAuditorium": null }, "geometry": { "type": "Point", "coordinates": [ 121.436374783516001, 25.175296161385599 ] } },
{ "type": "Feature", "properties": { "GymType": "陸上/射擊運動設施/田徑場", "Name": "龍埔國小環形/直線慢跑道(非田徑場型)", "Addr": "新北市三峽區大學路6號", "OperationTel": "02-26745666#832", "WebUrl": "http://www.lpes.ntpc.edu.tw/default.asp", "Lat": 24.941076728854, "Lng": 121.377505660057, "PassEasyEle": 0.0, "PassEasyParking": 0.0, "PassEasyShower": 0.0, "PassEasyToilet": 0.0, "PassEasyWay": 0.0, "WheelchairAuditorium": 0.0 }, "geometry": { "type": "Point", "coordinates": [ 121.377505660056997, 24.941076728854 ] } },
{ "type": "Feature", "properties": { "GymType": "阻力運動設施/多功能健身房/體適能中心（此空間中具有兩種以上之阻力運動器材設備）", "Name": "淡江高中健身中心", "Addr": "新北市淡水區真理街26號", "OperationTel": "(02)2620-3850", "WebUrl": "http://www.tksh.ntpc.edu.tw", "Lat": 25.175320435657699, "Lng": 121.436358690262, "PassEasyEle": null, "PassEasyParking": null, "PassEasyShower": null, "PassEasyToilet": null, "PassEasyWay": null, "WheelchairAuditorium": null }, "geometry": { "type": "Point", "coordinates": [ 121.436358690261997, 25.175320435657699 ] } },
{ "type": "Feature", "properties": { "GymType": "球類運動設施/籃球場館", "Name": "新北高中綜合體育館", "Addr": "新北市三重區三信路1號", "OperationTel": "02-28579983", "WebUrl": "http://www.ntsh.ntpc.edu.tw", "Lat": 25.088018367006601, "Lng": 121.49058222770699, "PassEasyEle": 1.0, "PassEasyParking": 2.0, "PassEasyShower": 0.0, "PassEasyToilet": 6.0, "PassEasyWay": 1.0, "WheelchairAuditorium": 0.0 }, "geometry": { "type": "Point", "coordinates": [ 121.490582227706994, 25.088018367006601 ] } },
{ "type": "Feature", "properties": { "GymType": "陸上/射擊運動設施/田徑場", "Name": "瑞濱國小田徑場", "Addr": "新北市瑞芳區瑞濱路34號", "OperationTel": "02-24978184#131", "WebUrl": "http://www.jpes.ntpc.edu.tw", "Lat": 25.120200538581798, "Lng": 121.819968223572, "PassEasyEle": 0.0, "PassEasyParking": 1.0, "PassEasyShower": 0.0, "PassEasyToilet": 1.0, "PassEasyWay": 0.0, "WheelchairAuditorium": 0.0 }, "geometry": { "type": "Point", "coordinates": [ 121.819968223572005, 25.120200538581798 ] } },
{ "type": "Feature", "properties": { "GymType": "水上/冰上運動設施/游泳池", "Name": "新北高中游泳池", "Addr": "新北市三重區三信路1號", "OperationTel": "02-28579983", "WebUrl": "http://www.ntsh.ntpc.edu.tw", "Lat": 25.088166545840199, "Lng": 121.490697562695, "PassEasyEle": 0.0, "PassEasyParking": 2.0, "PassEasyShower": 0.0, "PassEasyToilet": 1.0, "PassEasyWay": 1.0, "WheelchairAuditorium": 0.0 }, "geometry": { "type": "Point", "coordinates": [ 121.490697562695004, 25.088166545840199 ] } },
{ "type": "Feature", "properties": { "GymType": "球類運動設施/籃球場館", "Name": "碧華國中籃球場", "Addr": "新北市三重區三信路166號", "OperationTel": "02-29851121#633", "WebUrl": "http://www.bhjh.ntpc.edu.tw", "Lat": 25.087158440397801, "Lng": 121.48892998695401, "PassEasyEle": null, "PassEasyParking": null, "PassEasyShower": null, "PassEasyToilet": null, "PassEasyWay": null, "WheelchairAuditorium": null }, "geometry": { "type": "Point", "coordinates": [ 121.488929986954005, 25.087158440397801 ] } },
{ "type": "Feature", "properties": { "GymType": "陸上/射擊運動設施/環形或直線慢跑場（非田徑場）", "Name": "豐年國小操場", "Addr": "新北市新莊區國泰里瓊泰路116號", "OperationTel": "02-22017102#58", "WebUrl": "http://www.fnes.ntpc.edu.tw", "Lat": 25.030705871348101, "Lng": 121.444126367569, "PassEasyEle": 0.0, "PassEasyParking": 0.0, "PassEasyShower": 0.0, "PassEasyToilet": 2.0, "PassEasyWay": 1.0, "WheelchairAuditorium": 0.0 }, "geometry": { "type": "Point", "coordinates": [ 121.444126367568998, 25.030705871348101 ] } },
{ "type": "Feature", "properties": { "GymType": "球類運動設施/籃球場館", "Name": "自強國小活動中心", "Addr": "新北市中和區莒光路200號", "OperationTel": "02-29557936", "WebUrl": "http://www.jcps.ntpc.edu.tw", "Lat": 24.998372316833699, "Lng": 121.471830368173, "PassEasyEle": 0.0, "PassEasyParking": 0.0, "PassEasyShower": 0.0, "PassEasyToilet": 0.0, "PassEasyWay": 0.0, "WheelchairAuditorium": 0.0 }, "geometry": { "type": "Point", "coordinates": [ 121.471830368173002, 24.998372316833699 ] } },
{ "type": "Feature", "properties": { "GymType": "陸上/射擊運動設施/田徑場", "Name": "新埔國中田徑場", "Addr": "新北市板橋區新海路181號", "OperationTel": "02-22572275#318", "WebUrl": "http://www.hpjh.ntpc.edu.tw", "Lat": 25.0249410665275, "Lng": 121.458256244659, "PassEasyEle": 0.0, "PassEasyParking": 2.0, "PassEasyShower": 0.0, "PassEasyToilet": 0.0, "PassEasyWay": 0.0, "WheelchairAuditorium": 0.0 }, "geometry": { "type": "Point", "coordinates": [ 121.458256244658998, 25.0249410665275 ] } },
{ "type": "Feature", "properties": { "GymType": "球類運動設施/排球場館", "Name": "新埔國中排球場", "Addr": "新北市板橋區新海路181號", "OperationTel": "02-22572275#318", "WebUrl": "http://www.hpjh.ntpc.edu.tw", "Lat": 25.024970231483, "Lng": 121.45894289016699, "PassEasyEle": 0.0, "PassEasyParking": 2.0, "PassEasyShower": 0.0, "PassEasyToilet": 1.0, "PassEasyWay": 1.0, "WheelchairAuditorium": 5.0 }, "geometry": { "type": "Point", "coordinates": [ 121.458942890166995, 25.024970231483 ] } },
{ "type": "Feature", "properties": { "GymType": "球類運動設施/籃球場館", "Name": "新埔國中籃球場", "Addr": "新北市板橋區新海路181號", "OperationTel": "02-22572275#318", "WebUrl": "http://www.hpjh.ntpc.edu.tw", "Lat": 25.025232715770699, "Lng": 121.458680033684, "PassEasyEle": 0.0, "PassEasyParking": 0.0, "PassEasyShower": 0.0, "PassEasyToilet": 0.0, "PassEasyWay": 0.0, "WheelchairAuditorium": 0.0 }, "geometry": { "type": "Point", "coordinates": [ 121.458680033684004, 25.025232715770699 ] } },
{ "type": "Feature", "properties": { "GymType": "球類運動設施/籃球場館", "Name": "新埔國中體育館", "Addr": "新北市板橋區新海路181號", "OperationTel": "02-22572275#512", "WebUrl": "http://www.hpjh.ntpc.edu.tw", "Lat": 25.0255097819098, "Lng": 121.458889245987, "PassEasyEle": 0.0, "PassEasyParking": 1.0, "PassEasyShower": 0.0, "PassEasyToilet": 0.0, "PassEasyWay": 1.0, "WheelchairAuditorium": 0.0 }, "geometry": { "type": "Point", "coordinates": [ 121.458889245986995, 25.0255097819098 ] } },
{ "type": "Feature", "properties": { "GymType": "水上/冰上運動設施/游泳池", "Name": "永和國中游泳池", "Addr": "新北市永和區國中路111號", "OperationTel": "0918811281", "WebUrl": "http://www.jhjhs.ntpc.edu.tw", "Lat": 25.006174411538801, "Lng": 121.524056196213, "PassEasyEle": 0.0, "PassEasyParking": 0.0, "PassEasyShower": 1.0, "PassEasyToilet": 0.0, "PassEasyWay": 0.0, "WheelchairAuditorium": 0.0 }, "geometry": { "type": "Point", "coordinates": [ 121.524056196212996, 25.006174411538801 ] } },
{ "type": "Feature", "properties": { "GymType": "球類運動設施/籃球場館", "Name": "市立永和國中室外運動場及跑道", "Addr": "新北市永和區國中路111號", "OperationTel": "02-29218878#603", "WebUrl": "http://www.jhjhs.ntpc.edu.tw", "Lat": 25.005603175795098, "Lng": 121.52240395546001, "PassEasyEle": 0.0, "PassEasyParking": 0.0, "PassEasyShower": 0.0, "PassEasyToilet": 1.0, "PassEasyWay": 1.0, "WheelchairAuditorium": 0.0 }, "geometry": { "type": "Point", "coordinates": [ 121.522403955460007, 25.005603175795098 ] } },
{ "type": "Feature", "properties": { "GymType": "球類運動設施/籃球場館", "Name": "瑞平國小半場籃球場", "Addr": "新北市林口區太平里後坑路34之1號", "OperationTel": "02-26052779#14", "WebUrl": "http://www.rpes.ntpc.edu.tw", "Lat": 25.1286247961817, "Lng": 121.34964287280999, "PassEasyEle": 1.0, "PassEasyParking": 1.0, "PassEasyShower": 1.0, "PassEasyToilet": 1.0, "PassEasyWay": 1.0, "WheelchairAuditorium": 0.0 }, "geometry": { "type": "Point", "coordinates": [ 121.349642872809994, 25.1286247961817 ] } },
{ "type": "Feature", "properties": { "GymType": "球類運動設施/羽球場館", "Name": "鶯歌區休閒活動中心", "Addr": "新北市鶯歌區中山路138巷5-1號", "OperationTel": "02-26780202#516", "WebUrl": null, "Lat": 24.958767399496899, "Lng": 121.350077390671, "PassEasyEle": 0.0, "PassEasyParking": 0.0, "PassEasyShower": 0.0, "PassEasyToilet": 0.0, "PassEasyWay": 0.0, "WheelchairAuditorium": 0.0 }, "geometry": { "type": "Point", "coordinates": [ 121.350077390671004, 24.958767399496899 ] } },
{ "type": "Feature", "properties": { "GymType": "陸上/射擊運動設施/田徑場", "Name": "淡江大學田徑場", "Addr": "新北市淡水區英專路151號", "OperationTel": "02-26230985", "WebUrl": "http://www.tku.edu.tw", "Lat": 25.173595882236899, "Lng": 121.445918083191, "PassEasyEle": 0.0, "PassEasyParking": 0.0, "PassEasyShower": 0.0, "PassEasyToilet": 0.0, "PassEasyWay": 0.0, "WheelchairAuditorium": 0.0 }, "geometry": { "type": "Point", "coordinates": [ 121.445918083191003, 25.173595882236899 ] } },
{ "type": "Feature", "properties": { "GymType": "球類運動設施/籃球場館", "Name": "石門國小綜合球場", "Addr": "新北市石門區尖鹿里中央路9號", "OperationTel": "02-26381263#21", "WebUrl": "http://www.smes.ntpc.edu.tw", "Lat": 25.292110994023499, "Lng": 121.566939353943, "PassEasyEle": 0.0, "PassEasyParking": 0.0, "PassEasyShower": 0.0, "PassEasyToilet": 0.0, "PassEasyWay": 0.0, "WheelchairAuditorium": 0.0 }, "geometry": { "type": "Point", "coordinates": [ 121.566939353942999, 25.292110994023499 ] } },
{ "type": "Feature", "properties": { "GymType": "陸上/射擊運動設施/田徑場", "Name": "石門國小田徑場", "Addr": "新北市石門區尖鹿里中央路9號", "OperationTel": "02-26381263", "WebUrl": "http://www.smes.ntpc.edu.tw", "Lat": 25.292654214348701, "Lng": 121.566735506058, "PassEasyEle": 0.0, "PassEasyParking": 0.0, "PassEasyShower": 0.0, "PassEasyToilet": 0.0, "PassEasyWay": 0.0, "WheelchairAuditorium": 0.0 }, "geometry": { "type": "Point", "coordinates": [ 121.566735506057995, 25.292654214348701 ] } },
{ "type": "Feature", "properties": { "GymType": "球類運動設施/籃球場館", "Name": "坪林國小籃球場", "Addr": "新北市坪林區坪林里坪林街114號", "OperationTel": "02-26656213", "WebUrl": "http://www.plnes.ntpc.edu.tw", "Lat": 24.936340016694899, "Lng": 121.71124219894401, "PassEasyEle": 0.0, "PassEasyParking": 0.0, "PassEasyShower": 0.0, "PassEasyToilet": 1.0, "PassEasyWay": 0.0, "WheelchairAuditorium": 0.0 }, "geometry": { "type": "Point", "coordinates": [ 121.711242198944007, 24.936340016694899 ] } },
{ "type": "Feature", "properties": { "GymType": "球類運動設施/籃球場館", "Name": "石門國小風雨操場", "Addr": "新北市石門區尖鹿里中央路9號", "OperationTel": "02-26381263#21", "WebUrl": "http://www.smes.ntpc.edu.tw", "Lat": 25.292120694407799, "Lng": 121.56642973423, "PassEasyEle": 0.0, "PassEasyParking": 0.0, "PassEasyShower": 0.0, "PassEasyToilet": 0.0, "PassEasyWay": 0.0, "WheelchairAuditorium": 0.0 }, "geometry": { "type": "Point", "coordinates": [ 121.566429734229999, 25.292120694407799 ] } },
{ "type": "Feature", "properties": { "GymType": "球類運動設施/籃球場館", "Name": "中山國小中山樓三樓", "Addr": "新北市板橋區大觀路二段59巷31號", "OperationTel": "02-22755313#133", "WebUrl": "http://www.jshps.ntpc.edu.tw", "Lat": 25.002015268429801, "Lng": 121.44823551178, "PassEasyEle": 2.0, "PassEasyParking": 0.0, "PassEasyShower": 0.0, "PassEasyToilet": 3.0, "PassEasyWay": 1.0, "WheelchairAuditorium": 0.0 }, "geometry": { "type": "Point", "coordinates": [ 121.448235511779998, 25.002015268429801 ] } },
{ "type": "Feature", "properties": { "GymType": "球類運動設施/網球場館", "Name": "淡江大學網球場(館)", "Addr": "新北市淡水區英專路151號", "OperationTel": "02-26230985", "WebUrl": "http://www.tku.edu.tw", "Lat": 25.175254069721099, "Lng": 121.450027227402, "PassEasyEle": 0.0, "PassEasyParking": 0.0, "PassEasyShower": 0.0, "PassEasyToilet": 0.0, "PassEasyWay": 0.0, "WheelchairAuditorium": 0.0 }, "geometry": { "type": "Point", "coordinates": [ 121.450027227402003, 25.175254069721099 ] } },
{ "type": "Feature", "properties": { "GymType": "競速運動設施/滑輪場/溜冰場", "Name": "淡江大學溜冰場", "Addr": "新北市淡水區英專路151號", "OperationTel": "02-26230985", "WebUrl": "http://www.tku.edu.tw", "Lat": 25.175225426093601, "Lng": 121.44891142845201, "PassEasyEle": 0.0, "PassEasyParking": 0.0, "PassEasyShower": 0.0, "PassEasyToilet": 0.0, "PassEasyWay": 0.0, "WheelchairAuditorium": 0.0 }, "geometry": { "type": "Point", "coordinates": [ 121.448911428452007, 25.175225426093601 ] } },
{ "type": "Feature", "properties": { "GymType": "球類運動設施/羽球場館", "Name": "萬里國中活動中心", "Addr": "新北市萬里區獅頭路24號", "OperationTel": "02-24922053#32", "WebUrl": "http://www.wljhs.ntpc.edu.tw", "Lat": 25.177432278826299, "Lng": 121.695363521576, "PassEasyEle": 0.0, "PassEasyParking": 0.0, "PassEasyShower": 0.0, "PassEasyToilet": 0.0, "PassEasyWay": 1.0, "WheelchairAuditorium": 0.0 }, "geometry": { "type": "Point", "coordinates": [ 121.695363521575999, 25.177432278826299 ] } },
{ "type": "Feature", "properties": { "GymType": "水上/冰上運動設施/游泳池", "Name": "台北海洋科技大學體育館", "Addr": "台北市淡水區濱海路3段150號", "OperationTel": "02-28052292", "WebUrl": "http://www.tcmt.edu.tw", "Lat": 25.191689903684399, "Lng": 121.427153348923, "PassEasyEle": 1.0, "PassEasyParking": null, "PassEasyShower": 0.0, "PassEasyToilet": 1.0, "PassEasyWay": 1.0, "WheelchairAuditorium": 0.0 }, "geometry": { "type": "Point", "coordinates": [ 121.427153348922999, 25.191689903684399 ] } },
{ "type": "Feature", "properties": { "GymType": "陸上/射擊運動設施/田徑場", "Name": "田徑場", "Addr": "新北市蘆洲區長安街311號", "OperationTel": "02-22858998#848", "WebUrl": "http://www.tces.ntpc.edu.tw", "Lat": 25.085672793001301, "Lng": 121.456753615384, "PassEasyEle": 0.0, "PassEasyParking": 0.0, "PassEasyShower": 0.0, "PassEasyToilet": 0.0, "PassEasyWay": 0.0, "WheelchairAuditorium": 0.0 }, "geometry": { "type": "Point", "coordinates": [ 121.456753615384002, 25.085672793001301 ] } },
{ "type": "Feature", "properties": { "GymType": "球類運動設施/籃球場館", "Name": "永平高中綜合體育館", "Addr": "新北市永和區永平路205號", "OperationTel": "02-22319670#226", "WebUrl": "http://www.yphs.ntpc.edu.tw/", "Lat": 25.009861856649199, "Lng": 121.50818824768101, "PassEasyEle": 2.0, "PassEasyParking": 0.0, "PassEasyShower": 0.0, "PassEasyToilet": 0.0, "PassEasyWay": 0.0, "WheelchairAuditorium": 0.0 }, "geometry": { "type": "Point", "coordinates": [ 121.508188247681005, 25.009861856649199 ] } },
{ "type": "Feature", "properties": { "GymType": "陸上/射擊運動設施/田徑場", "Name": "信義國小田徑場", "Addr": "新北市板橋區四川路二段245巷60號", "OperationTel": "02-89667817#122", "WebUrl": "http://www.thyes.ntpc.edu.tw", "Lat": 24.991678787020401, "Lng": 121.45255923271201, "PassEasyEle": 1.0, "PassEasyParking": 0.0, "PassEasyShower": 4.0, "PassEasyToilet": 30.0, "PassEasyWay": 1.0, "WheelchairAuditorium": 0.0 }, "geometry": { "type": "Point", "coordinates": [ 121.452559232712005, 24.991678787020401 ] } },
{ "type": "Feature", "properties": { "GymType": "陸上/射擊運動設施/環形或直線慢跑場（非田徑場）", "Name": "有木國小環形/直線慢跑道(非田徑場型)", "Addr": "新北市三峽區有木里131號", "OperationTel": "02-26720067#18", "WebUrl": "http://www.ymps.ntpc.edu.tw", "Lat": 24.849904660298701, "Lng": 121.457607150078, "PassEasyEle": 0.0, "PassEasyParking": 1.0, "PassEasyShower": 0.0, "PassEasyToilet": 0.0, "PassEasyWay": 1.0, "WheelchairAuditorium": 0.0 }, "geometry": { "type": "Point", "coordinates": [ 121.457607150078005, 24.849904660298701 ] } },
{ "type": "Feature", "properties": { "GymType": "其他運動設施/樂活運動站", "Name": "樂活運動站", "Addr": "新北市三峽區成福路215巷2號", "OperationTel": "02-26726521#110", "WebUrl": "http://www.dces.ntpc.edu.tw", "Lat": 24.925064364582528, "Lng": 121.42803864553532, "PassEasyEle": 1.0, "PassEasyParking": 0.0, "PassEasyShower": 1.0, "PassEasyToilet": 1.0, "PassEasyWay": 1.0, "WheelchairAuditorium": 0.0 }, "geometry": { "type": "Point", "coordinates": [ 121.428038645535324, 24.925064364582528 ] } },
{ "type": "Feature", "properties": { "GymType": "球類運動設施/籃球場館", "Name": "風雨操場", "Addr": "新北市中和區莒光路191號", "OperationTel": "02-22259469", "WebUrl": "http://www.zcjh.ntpc.edu.tw", "Lat": 24.997907415025701, "Lng": 121.47270059341599, "PassEasyEle": 0.0, "PassEasyParking": 0.0, "PassEasyShower": 0.0, "PassEasyToilet": 0.0, "PassEasyWay": 0.0, "WheelchairAuditorium": 0.0 }, "geometry": { "type": "Point", "coordinates": [ 121.472700593415993, 24.997907415025701 ] } },
{ "type": "Feature", "properties": { "GymType": "陸上/射擊運動設施/田徑場", "Name": "光復高中運動場", "Addr": "新北市板橋區光環路一段7號", "OperationTel": "02-29582366#123", "WebUrl": "http://www.gfhs.ntpc.edu.tw/", "Lat": 25.016403051830199, "Lng": 121.48331880569501, "PassEasyEle": 0.0, "PassEasyParking": 0.0, "PassEasyShower": 0.0, "PassEasyToilet": 0.0, "PassEasyWay": 0.0, "WheelchairAuditorium": 0.0 }, "geometry": { "type": "Point", "coordinates": [ 121.483318805695006, 25.016403051830199 ] } },
{ "type": "Feature", "properties": { "GymType": "球類運動設施/籃球場館", "Name": "海山國小操場", "Addr": "新北市板橋區漢生東路280號", "OperationTel": "02-29545725#528", "WebUrl": "http://www.hsps.ntpc.edu.tw", "Lat": 25.009404881986001, "Lng": 121.47066950798001, "PassEasyEle": 1.0, "PassEasyParking": 2.0, "PassEasyShower": 1.0, "PassEasyToilet": 1.0, "PassEasyWay": 1.0, "WheelchairAuditorium": 1.0 }, "geometry": { "type": "Point", "coordinates": [ 121.470669507980006, 25.009404881986001 ] } },
{ "type": "Feature", "properties": { "GymType": "球類運動設施/籃球場館", "Name": "光復高中風雨籃球場", "Addr": "新北市板橋區光環路一段7號", "OperationTel": "02-29582366#123", "WebUrl": "http://www.gfhs.ntpc.edu.tw/", "Lat": 25.016607220573299, "Lng": 121.483479738235, "PassEasyEle": 0.0, "PassEasyParking": 0.0, "PassEasyShower": 0.0, "PassEasyToilet": 0.0, "PassEasyWay": 0.0, "WheelchairAuditorium": 0.0 }, "geometry": { "type": "Point", "coordinates": [ 121.483479738235005, 25.016607220573299 ] } },
{ "type": "Feature", "properties": { "GymType": "球類運動設施/籃球場館", "Name": "澳底國小活動中心", "Addr": "新北市貢寮區真理里延平街10號", "OperationTel": "02-24901432#230", "WebUrl": "http://www.aodi.ntpc.edu.tw", "Lat": 25.0549406895238, "Lng": 121.92467650144, "PassEasyEle": 0.0, "PassEasyParking": 0.0, "PassEasyShower": 1.0, "PassEasyToilet": 1.0, "PassEasyWay": 1.0, "WheelchairAuditorium": 0.0 }, "geometry": { "type": "Point", "coordinates": [ 121.924676501440004, 25.0549406895238 ] } },
{ "type": "Feature", "properties": { "GymType": "球類運動設施/籃球場館", "Name": "和美國小籃球場", "Addr": "新北市貢寮區和美里龍洞街1之9號", "OperationTel": "02-24909431#12", "WebUrl": "http://www.hmps.ntpc.edu.tw", "Lat": 25.112268268074999, "Lng": 121.919521428645, "PassEasyEle": 0.0, "PassEasyParking": 0.0, "PassEasyShower": 1.0, "PassEasyToilet": 1.0, "PassEasyWay": 1.0, "WheelchairAuditorium": 0.0 }, "geometry": { "type": "Point", "coordinates": [ 121.919521428644998, 25.112268268074999 ] } },
{ "type": "Feature", "properties": { "GymType": "球類運動設施/籃球場館", "Name": "馬偕醫學院多功能活動中心", "Addr": "新北市三芝區中正路三段46號", "OperationTel": "02-26360303#5013", "WebUrl": "http://www.mmc.edu.tw", "Lat": 25.254865500668, "Lng": 121.494272947311, "PassEasyEle": 1.0, "PassEasyParking": 2.0, "PassEasyShower": 0.0, "PassEasyToilet": 4.0, "PassEasyWay": 0.0, "WheelchairAuditorium": 0.0 }, "geometry": { "type": "Point", "coordinates": [ 121.494272947311003, 25.254865500668 ] } },
{ "type": "Feature", "properties": { "GymType": "陸上/射擊運動設施/田徑場", "Name": "馬偕醫學院田徑場", "Addr": "新北市三芝區中正路三段46號", "OperationTel": "02-26360303#5013", "WebUrl": "http://www.mmc.edu.tw", "Lat": 25.255253634540001, "Lng": 121.492631435394, "PassEasyEle": 0.0, "PassEasyParking": 0.0, "PassEasyShower": 0.0, "PassEasyToilet": 0.0, "PassEasyWay": 0.0, "WheelchairAuditorium": 0.0 }, "geometry": { "type": "Point", "coordinates": [ 121.492631435394003, 25.255253634540001 ] } },
{ "type": "Feature", "properties": { "GymType": "陸上/射擊運動設施/田徑場", "Name": "田徑場", "Addr": "新北市土城區永寧路18號", "OperationTel": "02-22675135#401", "WebUrl": "http://www.tcjh.ntpc.edu.tw", "Lat": 24.962147446727201, "Lng": 121.42928302288, "PassEasyEle": 0.0, "PassEasyParking": 1.0, "PassEasyShower": 2.0, "PassEasyToilet": 2.0, "PassEasyWay": 4.0, "WheelchairAuditorium": 0.0 }, "geometry": { "type": "Point", "coordinates": [ 121.42928302288, 24.962147446727201 ] } },
{ "type": "Feature", "properties": { "GymType": "球類運動設施/羽球場館", "Name": "羽球場館", "Addr": "新北市中和區民安街66號", "OperationTel": "02-22234747#831", "WebUrl": "http://www.gsjh.ntpc.edu.tw", "Lat": 25.0003719913183, "Lng": 121.479356512427, "PassEasyEle": 0.0, "PassEasyParking": 0.0, "PassEasyShower": 0.0, "PassEasyToilet": 0.0, "PassEasyWay": 0.0, "WheelchairAuditorium": 0.0 }, "geometry": { "type": "Point", "coordinates": [ 121.479356512427003, 25.0003719913183 ] } },
{ "type": "Feature", "properties": { "GymType": "球類運動設施/籃球場館", "Name": "明志科技大學體育館", "Addr": "新北市泰山區工專路84號", "OperationTel": "(02)29089899", "WebUrl": "http://www.mcut.edu.tw/", "Lat": 25.040825219343901, "Lng": 121.421649456024, "PassEasyEle": null, "PassEasyParking": null, "PassEasyShower": null, "PassEasyToilet": null, "PassEasyWay": null, "WheelchairAuditorium": null }, "geometry": { "type": "Point", "coordinates": [ 121.421649456023999, 25.040825219343901 ] } },
{ "type": "Feature", "properties": { "GymType": "球類運動設施/羽球場館", "Name": "新北市立豐珠中學活動中心", "Addr": "新北市貢寮區美豐里雞母嶺街6-6號", "OperationTel": "02-24903727#133", "WebUrl": "http://www.fjjh.ntpc.edu.tw", "Lat": 25.065760355264, "Lng": 121.90148591995199, "PassEasyEle": 0.0, "PassEasyParking": 0.0, "PassEasyShower": 0.0, "PassEasyToilet": 0.0, "PassEasyWay": 0.0, "WheelchairAuditorium": 0.0 }, "geometry": { "type": "Point", "coordinates": [ 121.901485919951995, 25.065760355264 ] } },
{ "type": "Feature", "properties": { "GymType": "球類運動設施/籃球場館", "Name": "長坑國小操場", "Addr": "新北市八里區長坑里長坑口12鄰中華路三段236號", "OperationTel": "02-26102037", "WebUrl": "http://www.ckes.ntpc.edu.tw", "Lat": 25.125276047281702, "Lng": 121.39031052589399, "PassEasyEle": 0.0, "PassEasyParking": 0.0, "PassEasyShower": 1.0, "PassEasyToilet": 1.0, "PassEasyWay": 1.0, "WheelchairAuditorium": 0.0 }, "geometry": { "type": "Point", "coordinates": [ 121.390310525893995, 25.125276047281702 ] } },
{ "type": "Feature", "properties": { "GymType": "球類運動設施/籃球場館", "Name": "能仁家商籃球場", "Addr": "新北市新店區文中路53巷10號", "OperationTel": "02-29182399", "WebUrl": "http://www.nrvs.ntpc.edu.tw", "Lat": 24.957935747749701, "Lng": 121.540058255196, "PassEasyEle": 0.0, "PassEasyParking": 0.0, "PassEasyShower": 0.0, "PassEasyToilet": 0.0, "PassEasyWay": 0.0, "WheelchairAuditorium": 0.0 }, "geometry": { "type": "Point", "coordinates": [ 121.540058255196001, 24.957935747749701 ] } },
{ "type": "Feature", "properties": { "GymType": "陸上/射擊運動設施/田徑場", "Name": "福和國中田徑場", "Addr": "新北市永和區永利路71號", "OperationTel": "02-29289493#229", "WebUrl": "http://www.fhjh.ntpc.edu.tw", "Lat": 25.004708639591499, "Lng": 121.52202844619799, "PassEasyEle": 0.0, "PassEasyParking": 0.0, "PassEasyShower": 1.0, "PassEasyToilet": 1.0, "PassEasyWay": 2.0, "WheelchairAuditorium": 0.0 }, "geometry": { "type": "Point", "coordinates": [ 121.522028446197993, 25.004708639591499 ] } },
{ "type": "Feature", "properties": { "GymType": "球類運動設施/籃球場館", "Name": "有木國小籃球場", "Addr": "新北市三峽區有木里131號", "OperationTel": "02-26720067#18", "WebUrl": "http://www.ymps.ntpc.edu.tw", "Lat": 24.851116720668401, "Lng": 121.45678102970101, "PassEasyEle": 0.0, "PassEasyParking": 1.0, "PassEasyShower": 0.0, "PassEasyToilet": 0.0, "PassEasyWay": 1.0, "WheelchairAuditorium": 0.0 }, "geometry": { "type": "Point", "coordinates": [ 121.456781029701006, 24.851116720668401 ] } },
{ "type": "Feature", "properties": { "GymType": "陸上/射擊運動設施/環形或直線慢跑場（非田徑場）", "Name": "大埔國小操場", "Addr": "新北市三峽區大埔路130號", "OperationTel": "02-26712523#121", "WebUrl": "http://www.tpps.ntpc.edu.tw", "Lat": 24.905296820573401, "Lng": 121.36607408523599, "PassEasyEle": 0.0, "PassEasyParking": 0.0, "PassEasyShower": 0.0, "PassEasyToilet": 0.0, "PassEasyWay": 1.0, "WheelchairAuditorium": 0.0 }, "geometry": { "type": "Point", "coordinates": [ 121.366074085235994, 24.905296820573401 ] } },
{ "type": "Feature", "properties": { "GymType": "陸上/射擊運動設施/環形或直線慢跑場（非田徑場）", "Name": "永定國小環形/直線慢跑道(非田徑場型)", "Addr": "新北市石碇區永定里靜安路一段245號", "OperationTel": "02-26631288#2022", "WebUrl": "http://www.tydes.ntpc.edu.tw", "Lat": 25.007946440837301, "Lng": 121.68830126524, "PassEasyEle": 0.0, "PassEasyParking": 0.0, "PassEasyShower": 0.0, "PassEasyToilet": 1.0, "PassEasyWay": 0.0, "WheelchairAuditorium": 0.0 }, "geometry": { "type": "Point", "coordinates": [ 121.68830126524, 25.007946440837301 ] } },
{ "type": "Feature", "properties": { "GymType": "球類運動設施/籃球場館", "Name": "大埔國小飛躍廣場", "Addr": "新北市三峽區大埔路130號", "OperationTel": "02-26712523#121", "WebUrl": "http://www.tpps.ntpc.edu.tw", "Lat": 24.9050511098295, "Lng": 121.36655151844, "PassEasyEle": 0.0, "PassEasyParking": 0.0, "PassEasyShower": 0.0, "PassEasyToilet": 0.0, "PassEasyWay": 1.0, "WheelchairAuditorium": 0.0 }, "geometry": { "type": "Point", "coordinates": [ 121.366551518440005, 24.9050511098295 ] } },
{ "type": "Feature", "properties": { "GymType": "陸上/射擊運動設施/射箭場", "Name": "大埔國小射箭場", "Addr": "新北市三峽區大埔路130號", "OperationTel": "02-26712523#121", "WebUrl": "http://www.tpps.ntpc.edu.tw", "Lat": 24.904978126345998, "Lng": 121.366291344166, "PassEasyEle": 0.0, "PassEasyParking": 0.0, "PassEasyShower": 0.0, "PassEasyToilet": 0.0, "PassEasyWay": 0.0, "WheelchairAuditorium": 0.0 }, "geometry": { "type": "Point", "coordinates": [ 121.366291344166001, 24.904978126345998 ] } },
{ "type": "Feature", "properties": { "GymType": "陸上/射擊運動設施/田徑場", "Name": "田徑場", "Addr": "新北市深坑區深坑里文化街45號", "OperationTel": "02-26624675#234", "WebUrl": "http://www.tskes.ntpc.edu.tw", "Lat": 25.001414034484249, "Lng": 121.6170667126264, "PassEasyEle": 0.0, "PassEasyParking": 0.0, "PassEasyShower": 0.0, "PassEasyToilet": 0.0, "PassEasyWay": 0.0, "WheelchairAuditorium": 0.0 }, "geometry": { "type": "Point", "coordinates": [ 121.617066712626396, 25.001414034484249 ] } },
{ "type": "Feature", "properties": { "GymType": "球類運動設施/籃球場館", "Name": "三光國小運動場", "Addr": "新北市三重區同安里大同南路157號", "OperationTel": "02-29753308#632", "WebUrl": "http://www.skes.ntpc.edu.tw", "Lat": 25.055783993855499, "Lng": 121.496086120605, "PassEasyEle": 0.0, "PassEasyParking": 0.0, "PassEasyShower": 0.0, "PassEasyToilet": 0.0, "PassEasyWay": 0.0, "WheelchairAuditorium": 0.0 }, "geometry": { "type": "Point", "coordinates": [ 121.496086120605, 25.055783993855499 ] } },
{ "type": "Feature", "properties": { "GymType": "陸上/射擊運動設施/田徑場", "Name": "沙崙國小內操場", "Addr": "新北市板橋區篤行路二段132號", "OperationTel": "02-26812764#824", "WebUrl": "http://www.sles.ntpc.edu.tw", "Lat": 24.989262278177399, "Lng": 121.42965853214299, "PassEasyEle": 0.0, "PassEasyParking": 0.0, "PassEasyShower": 0.0, "PassEasyToilet": 0.0, "PassEasyWay": 0.0, "WheelchairAuditorium": 0.0 }, "geometry": { "type": "Point", "coordinates": [ 121.429658532142994, 24.989262278177399 ] } },
{ "type": "Feature", "properties": { "GymType": "球類運動設施/籃球場館", "Name": "開明工商籃球場", "Addr": "新北市新店區寶中路49號", "OperationTel": "(02)29136061-121", "WebUrl": "http://www.kmvs.ntpc.edu.tw", "Lat": 24.9802035939158, "Lng": 121.54587864875801, "PassEasyEle": null, "PassEasyParking": null, "PassEasyShower": null, "PassEasyToilet": null, "PassEasyWay": null, "WheelchairAuditorium": null }, "geometry": { "type": "Point", "coordinates": [ 121.545878648758006, 24.9802035939158 ] } },
{ "type": "Feature", "properties": { "GymType": "球類運動設施/籃球場館", "Name": "二重國中籃球場附設田徑場", "Addr": "新北市三重區忠孝路三段89號", "OperationTel": "02-29800164#303", "WebUrl": "http://www.ecjh.ntpc.edu.tw", "Lat": 25.065653452628101, "Lng": 121.479912400245, "PassEasyEle": 0.0, "PassEasyParking": 0.0, "PassEasyShower": 0.0, "PassEasyToilet": 0.0, "PassEasyWay": 0.0, "WheelchairAuditorium": 0.0 }, "geometry": { "type": "Point", "coordinates": [ 121.479912400244999, 25.065653452628101 ] } },
{ "type": "Feature", "properties": { "GymType": "陸上/射擊運動設施/田徑場", "Name": "林口國中田徑場", "Addr": "新北市林口區民治路25號", "OperationTel": "02-26011014#21", "WebUrl": "http://www.lkjh.ntpc.edu.tw", "Lat": 25.0768145559923, "Lng": 121.377725601196, "PassEasyEle": 0.0, "PassEasyParking": 0.0, "PassEasyShower": 0.0, "PassEasyToilet": 0.0, "PassEasyWay": 0.0, "WheelchairAuditorium": 0.0 }, "geometry": { "type": "Point", "coordinates": [ 121.377725601196005, 25.0768145559923 ] } },
{ "type": "Feature", "properties": { "GymType": "球類運動設施/桌球場館", "Name": "大崁國小風雨操場", "Addr": "新北市八里區忠八街2號", "OperationTel": "02-86305678#132", "WebUrl": "http://www.tkes.ntpc.edu.tw", "Lat": 25.160487954696499, "Lng": 121.419975757599, "PassEasyEle": 1.0, "PassEasyParking": 4.0, "PassEasyShower": 0.0, "PassEasyToilet": 4.0, "PassEasyWay": 2.0, "WheelchairAuditorium": 0.0 }, "geometry": { "type": "Point", "coordinates": [ 121.419975757599005, 25.160487954696499 ] } },
{ "type": "Feature", "properties": { "GymType": "陸上/射擊運動設施/田徑場", "Name": "樂利國小運動場", "Addr": "新北市土城區裕生路65號", "OperationTel": "02-22662568#823", "WebUrl": "http://www.llps.ntpc.edu.tw", "Lat": 24.985289765041902, "Lng": 121.447731256485, "PassEasyEle": 0.0, "PassEasyParking": 0.0, "PassEasyShower": 0.0, "PassEasyToilet": 0.0, "PassEasyWay": 0.0, "WheelchairAuditorium": 0.0 }, "geometry": { "type": "Point", "coordinates": [ 121.447731256485, 24.985289765041902 ] } },
{ "type": "Feature", "properties": { "GymType": "陸上/射擊運動設施/田徑場", "Name": "田徑場", "Addr": "新北市樹林區樹西里育英街176號", "OperationTel": "02-26812014#837", "WebUrl": "http://www.slps.ntpc.edu.tw", "Lat": 24.989465438507001, "Lng": 121.417427659035, "PassEasyEle": 0.0, "PassEasyParking": 0.0, "PassEasyShower": 0.0, "PassEasyToilet": 0.0, "PassEasyWay": 0.0, "WheelchairAuditorium": 0.0 }, "geometry": { "type": "Point", "coordinates": [ 121.417427659034999, 24.989465438507001 ] } },
{ "type": "Feature", "properties": { "GymType": "球類運動設施/羽球場館", "Name": "樹林國小羽球館", "Addr": "新北市樹林區樹西里育英街176號", "OperationTel": "02-26812014#837", "WebUrl": "http://www.slps.ntpc.edu.tw", "Lat": 24.989971109448, "Lng": 121.41733109950999, "PassEasyEle": 0.0, "PassEasyParking": 0.0, "PassEasyShower": 0.0, "PassEasyToilet": 0.0, "PassEasyWay": 1.0, "WheelchairAuditorium": 0.0 }, "geometry": { "type": "Point", "coordinates": [ 121.417331099509994, 24.989971109448 ] } },
{ "type": "Feature", "properties": { "GymType": "球類運動設施/籃球場館", "Name": "三峽國中體育館", "Addr": "新北市三峽區復興路238號", "OperationTel": "02-26711043#136", "WebUrl": "http://www.shjhs.ntpc.edu.tw", "Lat": 24.939004100309301, "Lng": 121.36993861195199, "PassEasyEle": null, "PassEasyParking": null, "PassEasyShower": null, "PassEasyToilet": null, "PassEasyWay": null, "WheelchairAuditorium": null }, "geometry": { "type": "Point", "coordinates": [ 121.369938611951994, 24.939004100309301 ] } },
{ "type": "Feature", "properties": { "GymType": "陸上/射擊運動設施/環形或直線慢跑場（非田徑場）", "Name": "雙峰國小操場", "Addr": "新北市新店區北宜路三段66號", "OperationTel": "02-22174543#116", "WebUrl": "http://www.sfes.ntpc.edu.tw", "Lat": 24.951301786484201, "Lng": 121.575264930725, "PassEasyEle": 0.0, "PassEasyParking": 0.0, "PassEasyShower": 0.0, "PassEasyToilet": 0.0, "PassEasyWay": 0.0, "WheelchairAuditorium": 0.0 }, "geometry": { "type": "Point", "coordinates": [ 121.575264930724998, 24.951301786484201 ] } },
{ "type": "Feature", "properties": { "GymType": "陸上/射擊運動設施/環形或直線慢跑場（非田徑場）", "Name": "米倉國小環形慢跑道(非田徑場型)", "Addr": "新北市八里區米倉里龍米路2段129巷1號", "OperationTel": "02-26182202#223", "WebUrl": "http://www.mtes.ntpc.edu.tw", "Lat": 25.1468336806563, "Lng": 121.44549429416701, "PassEasyEle": 0.0, "PassEasyParking": 0.0, "PassEasyShower": 0.0, "PassEasyToilet": 0.0, "PassEasyWay": 0.0, "WheelchairAuditorium": 0.0 }, "geometry": { "type": "Point", "coordinates": [ 121.445494294167005, 25.1468336806563 ] } },
{ "type": "Feature", "properties": { "GymType": "陸上/射擊運動設施/環形或直線慢跑場（非田徑場）", "Name": "崁腳國小環形/直線慢跑道(非田徑場型)", "Addr": "新北市萬里區崁脚里崁脚路59號", "OperationTel": "02-24922037", "WebUrl": "http://www.kjps.ntpc.edu.tw", "Lat": 25.160381134870299, "Lng": 121.649369001389, "PassEasyEle": 0.0, "PassEasyParking": 0.0, "PassEasyShower": 0.0, "PassEasyToilet": 1.0, "PassEasyWay": 1.0, "WheelchairAuditorium": 0.0 }, "geometry": { "type": "Point", "coordinates": [ 121.649369001389005, 25.160381134870299 ] } },
{ "type": "Feature", "properties": { "GymType": "球類運動設施/籃球場館", "Name": "集美國小籃球場", "Addr": "新北市三重區集美街10號", "OperationTel": "02-89725390#301", "WebUrl": "http://www.jmes.ntpc.edu.tw", "Lat": 25.055259155472999, "Lng": 121.489112377167, "PassEasyEle": 0.0, "PassEasyParking": 0.0, "PassEasyShower": 0.0, "PassEasyToilet": 0.0, "PassEasyWay": 0.0, "WheelchairAuditorium": 0.0 }, "geometry": { "type": "Point", "coordinates": [ 121.489112377167004, 25.055259155472999 ] } },
{ "type": "Feature", "properties": { "GymType": "陸上/射擊運動設施/田徑場", "Name": "彭福國小田徑場", "Addr": "新北市樹林區忠孝街30號", "OperationTel": "02-86866589#803", "WebUrl": "http://www.pfps.ntpc.edu.tw", "Lat": 24.981467862599509, "Lng": 121.42395615577698, "PassEasyEle": 0.0, "PassEasyParking": 0.0, "PassEasyShower": 0.0, "PassEasyToilet": 0.0, "PassEasyWay": 0.0, "WheelchairAuditorium": 0.0 }, "geometry": { "type": "Point", "coordinates": [ 121.423956155776978, 24.981467862599509 ] } },
{ "type": "Feature", "properties": { "GymType": "球類運動設施/籃球場館", "Name": "中山國中朝陽館", "Addr": "新北市板橋區文化路一段188巷56號", "OperationTel": "02-22508250#232", "WebUrl": "https://www.csjh.ntpc.edu.tw/", "Lat": 25.018374028186599, "Lng": 121.46753056906201, "PassEasyEle": 0.0, "PassEasyParking": 0.0, "PassEasyShower": 0.0, "PassEasyToilet": 0.0, "PassEasyWay": 0.0, "WheelchairAuditorium": 0.0 }, "geometry": { "type": "Point", "coordinates": [ 121.467530569062006, 25.018374028186599 ] } },
{ "type": "Feature", "properties": { "GymType": "陸上/射擊運動設施/田徑場", "Name": "中園國小田徑場", "Addr": "新北市三峽區弘園街22號", "OperationTel": "02-86712590#823", "WebUrl": "http://www.jyps.ntpc.edu.tw", "Lat": 24.927805254629199, "Lng": 121.367087960243, "PassEasyEle": 0.0, "PassEasyParking": 0.0, "PassEasyShower": 0.0, "PassEasyToilet": 0.0, "PassEasyWay": 1.0, "WheelchairAuditorium": 0.0 }, "geometry": { "type": "Point", "coordinates": [ 121.367087960242998, 24.927805254629199 ] } },
{ "type": "Feature", "properties": { "GymType": "陸上/射擊運動設施/射擊場", "Name": "中園國小靶場/射擊場", "Addr": "新北市三峽區大同路222巷22弄2號", "OperationTel": "02-86712590#823", "WebUrl": "http://www.jyps.ntpc.edu.tw", "Lat": 24.9280363260761, "Lng": 121.366728544235, "PassEasyEle": 0.0, "PassEasyParking": 0.0, "PassEasyShower": 0.0, "PassEasyToilet": 0.0, "PassEasyWay": 0.0, "WheelchairAuditorium": 0.0 }, "geometry": { "type": "Point", "coordinates": [ 121.366728544235002, 24.9280363260761 ] } },
{ "type": "Feature", "properties": { "GymType": "球類運動設施/籃球場館", "Name": "中園國小籃球場", "Addr": "新北市三峽區大同路222巷22弄2號", "OperationTel": "02-86712590#823", "WebUrl": "http://www.jyps.ntpc.edu.tw", "Lat": 24.928119025225701, "Lng": 121.367415189743, "PassEasyEle": 0.0, "PassEasyParking": 0.0, "PassEasyShower": 0.0, "PassEasyToilet": 0.0, "PassEasyWay": 0.0, "WheelchairAuditorium": 0.0 }, "geometry": { "type": "Point", "coordinates": [ 121.367415189742999, 24.928119025225701 ] } },
{ "type": "Feature", "properties": { "GymType": "陸上/射擊運動設施/田徑場", "Name": "澳底國小田徑場", "Addr": "新北市貢寮區真理里延平街10號", "OperationTel": "02-24901432#230", "WebUrl": "http://www.aodi.ntpc.edu.tw", "Lat": 25.054850946288401, "Lng": 121.925309300423, "PassEasyEle": 0.0, "PassEasyParking": 0.0, "PassEasyShower": 1.0, "PassEasyToilet": 1.0, "PassEasyWay": 1.0, "WheelchairAuditorium": 0.0 }, "geometry": { "type": "Point", "coordinates": [ 121.925309300422995, 25.054850946288401 ] } },
{ "type": "Feature", "properties": { "GymType": "球類運動設施/籃球場館", "Name": "聖心女中籃排球場", "Addr": "新北市八里區龍米路一段263號", "OperationTel": "02-26182287", "WebUrl": "http://www.shgsh.ntpc.edu.tw", "Lat": 25.134390997843699, "Lng": 121.448619376097, "PassEasyEle": null, "PassEasyParking": null, "PassEasyShower": null, "PassEasyToilet": null, "PassEasyWay": null, "WheelchairAuditorium": null }, "geometry": { "type": "Point", "coordinates": [ 121.448619376097, 25.134390997843699 ] } },
{ "type": "Feature", "properties": { "GymType": "陸上/射擊運動設施/田徑場", "Name": "中山國中田徑場", "Addr": "新北市板橋區文化路一段188巷56號", "OperationTel": "02-22508250#232", "WebUrl": "https://www.csjh.ntpc.edu.tw/", "Lat": 25.0182725909402, "Lng": 121.467515565455, "PassEasyEle": 0.0, "PassEasyParking": 0.0, "PassEasyShower": 0.0, "PassEasyToilet": 0.0, "PassEasyWay": 0.0, "WheelchairAuditorium": 0.0 }, "geometry": { "type": "Point", "coordinates": [ 121.467515565455003, 25.0182725909402 ] } },
{ "type": "Feature", "properties": { "GymType": "球類運動設施/籃球場館", "Name": "黎明技術學院後山運動場", "Addr": "新北市泰山區泰林路三段22號", "OperationTel": "02-29097811#1251", "WebUrl": "http://www.lit.edu.tw", "Lat": 25.0672083908687, "Lng": 121.42080187797499, "PassEasyEle": 0.0, "PassEasyParking": 0.0, "PassEasyShower": 0.0, "PassEasyToilet": 0.0, "PassEasyWay": 0.0, "WheelchairAuditorium": 0.0 }, "geometry": { "type": "Point", "coordinates": [ 121.420801877974995, 25.0672083908687 ] } },
{ "type": "Feature", "properties": { "GymType": "球類運動設施/籃球場館", "Name": "東南科技大學夢初體育館", "Addr": "新北市深坑區北深路三段152號", "OperationTel": "02-86625850", "WebUrl": "http://www.tnu.edu.tw/", "Lat": 25.004650300047601, "Lng": 121.60446882247901, "PassEasyEle": 0.0, "PassEasyParking": 1.0, "PassEasyShower": 0.0, "PassEasyToilet": 1.0, "PassEasyWay": 1.0, "WheelchairAuditorium": 0.0 }, "geometry": { "type": "Point", "coordinates": [ 121.604468822479006, 25.004650300047601 ] } },
{ "type": "Feature", "properties": { "GymType": "球類運動設施/籃球場館", "Name": "東南科技大學龍鳳館", "Addr": "新北市深坑區北深路三段152號", "OperationTel": "02-86625850", "WebUrl": "http://www.tnu.edu.tw/", "Lat": 25.004805872102999, "Lng": 121.603642702103, "PassEasyEle": 0.0, "PassEasyParking": 0.0, "PassEasyShower": 0.0, "PassEasyToilet": 0.0, "PassEasyWay": 0.0, "WheelchairAuditorium": 0.0 }, "geometry": { "type": "Point", "coordinates": [ 121.603642702103002, 25.004805872102999 ] } },
{ "type": "Feature", "properties": { "GymType": "球類運動設施/桌球場館", "Name": "東南科技大學桌球室", "Addr": "新北市深坑區北深路三段152號", "OperationTel": "02-86625850", "WebUrl": "http://www.tnu.edu.tw/", "Lat": 25.003485350835199, "Lng": 121.604789158846, "PassEasyEle": 0.0, "PassEasyParking": 1.0, "PassEasyShower": 0.0, "PassEasyToilet": 1.0, "PassEasyWay": 1.0, "WheelchairAuditorium": 0.0 }, "geometry": { "type": "Point", "coordinates": [ 121.604789158846003, 25.003485350835199 ] } },
{ "type": "Feature", "properties": { "GymType": "陸上/射擊運動設施/田徑場", "Name": "東南科技大學田徑場", "Addr": "新北市深坑區北深路三段152號", "OperationTel": "02-86625850", "WebUrl": "http://www.tnu.edu.tw/", "Lat": 25.0046746081942, "Lng": 121.60398602485699, "PassEasyEle": 0.0, "PassEasyParking": 1.0, "PassEasyShower": 0.0, "PassEasyToilet": 1.0, "PassEasyWay": 1.0, "WheelchairAuditorium": 0.0 }, "geometry": { "type": "Point", "coordinates": [ 121.603986024856994, 25.0046746081942 ] } },
{ "type": "Feature", "properties": { "GymType": "阻力運動設施/多功能健身房/體適能中心（此空間中具有兩種以上之阻力運動器材設備）", "Name": "東南科技大學體適能健身中心", "Addr": "新北市深坑區北深路三段152號", "OperationTel": "02-86625850", "WebUrl": "http://www.tnu.edu.tw/", "Lat": 25.003736310242701, "Lng": 121.60479605197899, "PassEasyEle": 0.0, "PassEasyParking": 0.0, "PassEasyShower": 0.0, "PassEasyToilet": 0.0, "PassEasyWay": 0.0, "WheelchairAuditorium": 0.0 }, "geometry": { "type": "Point", "coordinates": [ 121.604796051978994, 25.003736310242701 ] } },
{ "type": "Feature", "properties": { "GymType": "球類運動設施/籃球場館", "Name": "金山區運動休閒廣場", "Addr": "新北市金山區五湖里南勢53號", "OperationTel": "02-24985965#167", "WebUrl": "https://www.jinshan.ntpc.gov.tw/content/?parent_id=10388", "Lat": 25.220986340623, "Lng": 121.628603339195, "PassEasyEle": 0.0, "PassEasyParking": 1.0, "PassEasyShower": 0.0, "PassEasyToilet": 1.0, "PassEasyWay": 1.0, "WheelchairAuditorium": 0.0 }, "geometry": { "type": "Point", "coordinates": [ 121.628603339194996, 25.220986340623 ] } },
{ "type": "Feature", "properties": { "GymType": "球類運動設施/羽球場館", "Name": "耕莘健康管理專科學校活動中心", "Addr": "新北市新店區民族路112號", "OperationTel": "02-22911131", "WebUrl": "http://www.ctcn.edu.tw", "Lat": 24.977694468343799, "Lng": 121.536383628845, "PassEasyEle": 0.0, "PassEasyParking": 0.0, "PassEasyShower": 0.0, "PassEasyToilet": 0.0, "PassEasyWay": 0.0, "WheelchairAuditorium": 0.0 }, "geometry": { "type": "Point", "coordinates": [ 121.536383628845002, 24.977694468343799 ] } },
{ "type": "Feature", "properties": { "GymType": "球類運動設施/羽球場館", "Name": "亞東技術學院活動中心", "Addr": "新北市板橋區四川路二段58號", "OperationTel": "(02)77380145", "WebUrl": "http://www.oit.edu.tw", "Lat": 24.9953381756563, "Lng": 121.452913284302, "PassEasyEle": null, "PassEasyParking": null, "PassEasyShower": null, "PassEasyToilet": null, "PassEasyWay": null, "WheelchairAuditorium": null }, "geometry": { "type": "Point", "coordinates": [ 121.452913284301999, 24.9953381756563 ] } },
{ "type": "Feature", "properties": { "GymType": "球類運動設施/籃球場館", "Name": "馬偕醫護管理專科學校運動中心", "Addr": "新北市三芝區中正路三段42號", "OperationTel": "02-28584180#2145", "WebUrl": "http://www.mkc.edu.tw", "Lat": 25.251915642707502, "Lng": 121.498703956604, "PassEasyEle": 6.0, "PassEasyParking": 1.0, "PassEasyShower": 0.0, "PassEasyToilet": 25.0, "PassEasyWay": 3.0, "WheelchairAuditorium": 0.0 }, "geometry": { "type": "Point", "coordinates": [ 121.498703956604004, 25.251915642707502 ] } },
{ "type": "Feature", "properties": { "GymType": "球類運動設施/籃球場館", "Name": "耕莘健康管理專科學校籃球場", "Addr": "新北市新店區民族路112號", "OperationTel": "02-22191131", "WebUrl": "http://www.ctcn.edu.tw", "Lat": 24.977563175480199, "Lng": 121.53629243373901, "PassEasyEle": 0.0, "PassEasyParking": 0.0, "PassEasyShower": 0.0, "PassEasyToilet": 0.0, "PassEasyWay": 0.0, "WheelchairAuditorium": 0.0 }, "geometry": { "type": "Point", "coordinates": [ 121.536292433739007, 24.977563175480199 ] } },
{ "type": "Feature", "properties": { "GymType": "球類運動設施/排球場館", "Name": "耕莘健康管理專科學校排球場", "Addr": "新北市新店區民族路112號", "OperationTel": "02-22191131#5323", "WebUrl": "http://www.ctcn.edu.tw", "Lat": 24.977553450077298, "Lng": 121.53629779815699, "PassEasyEle": 0.0, "PassEasyParking": 0.0, "PassEasyShower": 0.0, "PassEasyToilet": 0.0, "PassEasyWay": 0.0, "WheelchairAuditorium": 0.0 }, "geometry": { "type": "Point", "coordinates": [ 121.536297798156994, 24.977553450077298 ] } },
{ "type": "Feature", "properties": { "GymType": "陸上/射擊運動設施/田徑場", "Name": "崇林國中田徑場", "Addr": "新北市林口區文化一路一段20號", "OperationTel": "02-26095829#134", "WebUrl": "http://www.ttcjhs.ntpc.edu.tw", "Lat": 25.067572826663799, "Lng": 121.369614601135, "PassEasyEle": 1.0, "PassEasyParking": 0.0, "PassEasyShower": 0.0, "PassEasyToilet": 1.0, "PassEasyWay": 1.0, "WheelchairAuditorium": 0.0 }, "geometry": { "type": "Point", "coordinates": [ 121.369614601134998, 25.067572826663799 ] } },
{ "type": "Feature", "properties": { "GymType": "球類運動設施/籃球場館", "Name": "崇林國中籃球場-前", "Addr": "新北市林口區文化一路一段20號", "OperationTel": "02-26095829#134", "WebUrl": "http://www.ttcjhs.ntpc.edu.tw", "Lat": 25.067565537958501, "Lng": 121.369526088238, "PassEasyEle": 0.0, "PassEasyParking": 0.0, "PassEasyShower": 0.0, "PassEasyToilet": 1.0, "PassEasyWay": 1.0, "WheelchairAuditorium": 0.0 }, "geometry": { "type": "Point", "coordinates": [ 121.369526088238004, 25.067565537958501 ] } },
{ "type": "Feature", "properties": { "GymType": "球類運動設施/排球場館", "Name": "崇林國中排球場(館)", "Addr": "新北市林口區文化一路一段20號", "OperationTel": "02-26095829#134", "WebUrl": "http://www.ttcjhs.ntpc.edu.tw", "Lat": 25.067548530977799, "Lng": 121.369501948357, "PassEasyEle": 0.0, "PassEasyParking": 0.0, "PassEasyShower": 0.0, "PassEasyToilet": 1.0, "PassEasyWay": 1.0, "WheelchairAuditorium": 0.0 }, "geometry": { "type": "Point", "coordinates": [ 121.369501948356998, 25.067548530977799 ] } },
{ "type": "Feature", "properties": { "GymType": "球類運動設施/籃球場館", "Name": "崇林國中籃球場-後", "Addr": "新北市林口區文化一路一段20號", "OperationTel": "02-26095829", "WebUrl": "http://www.ttcjhs.ntpc.edu.tw", "Lat": 25.0674562073273, "Lng": 121.36953949928299, "PassEasyEle": 0.0, "PassEasyParking": 0.0, "PassEasyShower": 0.0, "PassEasyToilet": 0.0, "PassEasyWay": 0.0, "WheelchairAuditorium": 0.0 }, "geometry": { "type": "Point", "coordinates": [ 121.369539499282993, 25.0674562073273 ] } },
{ "type": "Feature", "properties": { "GymType": "球類運動設施/籃球場館", "Name": "吉慶國小籃球場", "Addr": "新北市瑞芳區吉安里大埔路95號", "OperationTel": "02-24576405#621", "WebUrl": "http://163.20.53.66/", "Lat": 25.099920685208399, "Lng": 121.763373613358, "PassEasyEle": 0.0, "PassEasyParking": 0.0, "PassEasyShower": 0.0, "PassEasyToilet": 0.0, "PassEasyWay": 0.0, "WheelchairAuditorium": 0.0 }, "geometry": { "type": "Point", "coordinates": [ 121.763373613357999, 25.099920685208399 ] } },
{ "type": "Feature", "properties": { "GymType": "球類運動設施/排球場館", "Name": "排球場館", "Addr": "新北市樹林區潭底里千歲街59號", "OperationTel": "02-26812625#833", "WebUrl": "http://www.twles.ntpc.edu.tw", "Lat": 24.997724713183501, "Lng": 121.425593644381, "PassEasyEle": 1.0, "PassEasyParking": 0.0, "PassEasyShower": 0.0, "PassEasyToilet": 1.0, "PassEasyWay": 1.0, "WheelchairAuditorium": 0.0 }, "geometry": { "type": "Point", "coordinates": [ 121.425593644380996, 24.997724713183501 ] } },
{ "type": "Feature", "properties": { "GymType": "陸上/射擊運動設施/田徑場", "Name": "田徑場", "Addr": "新北市樹林區潭底里千歲街59號", "OperationTel": "02-6812625#841", "WebUrl": "http://www.twles.ntpc.edu.tw/default_page.asp", "Lat": 24.997831675021899, "Lng": 121.425487697124, "PassEasyEle": 0.0, "PassEasyParking": 0.0, "PassEasyShower": 0.0, "PassEasyToilet": 1.0, "PassEasyWay": 1.0, "WheelchairAuditorium": 0.0 }, "geometry": { "type": "Point", "coordinates": [ 121.425487697123998, 24.997831675021899 ] } },
{ "type": "Feature", "properties": { "GymType": "球類運動設施/籃球場館", "Name": "南強工商籃球場", "Addr": "新北市新店區文化路42號", "OperationTel": "02-29155144", "WebUrl": "http://www.ncvs.ntpc.edu.tw", "Lat": 24.980743340982301, "Lng": 121.545202732086, "PassEasyEle": 0.0, "PassEasyParking": 0.0, "PassEasyShower": 0.0, "PassEasyToilet": 0.0, "PassEasyWay": 0.0, "WheelchairAuditorium": 0.0 }, "geometry": { "type": "Point", "coordinates": [ 121.545202732085997, 24.980743340982301 ] } },
{ "type": "Feature", "properties": { "GymType": "球類運動設施/籃球場館", "Name": "莊敬工家籃球場", "Addr": "新北市新店區民生路45號", "OperationTel": "02-22188956#229", "WebUrl": "http://www.jjvs.ntpc.edu.tw", "Lat": 24.985605820358401, "Lng": 121.532274484634, "PassEasyEle": 2.0, "PassEasyParking": 2.0, "PassEasyShower": 0.0, "PassEasyToilet": 4.0, "PassEasyWay": 3.0, "WheelchairAuditorium": 0.0 }, "geometry": { "type": "Point", "coordinates": [ 121.532274484634002, 24.985605820358401 ] } },
{ "type": "Feature", "properties": { "GymType": "球類運動設施/籃球場館", "Name": "信賢種籽親子實小籃球場", "Addr": "新北市烏來區信賢里娃娃谷41號", "OperationTel": "(02)26616572", "WebUrl": "http://www.seedling.tw", "Lat": 24.839097814086799, "Lng": 121.52883589267699, "PassEasyEle": null, "PassEasyParking": null, "PassEasyShower": null, "PassEasyToilet": null, "PassEasyWay": null, "WheelchairAuditorium": null }, "geometry": { "type": "Point", "coordinates": [ 121.528835892676994, 24.839097814086799 ] } },
{ "type": "Feature", "properties": { "GymType": "球類運動設施/羽球場館", "Name": "八里國中活動中心", "Addr": "新北市八里區荖阡坑路15號", "OperationTel": "02-26102016#301", "WebUrl": "http://www.pljhs.ntpc.edu.tw", "Lat": 25.139754659026099, "Lng": 121.401289477944, "PassEasyEle": 0.0, "PassEasyParking": 0.0, "PassEasyShower": 0.0, "PassEasyToilet": 0.0, "PassEasyWay": 0.0, "WheelchairAuditorium": 0.0 }, "geometry": { "type": "Point", "coordinates": [ 121.401289477944005, 25.139754659026099 ] } },
{ "type": "Feature", "properties": { "GymType": "陸上/射擊運動設施/田徑場", "Name": "八里國中田徑場", "Addr": "新北市八里區荖阡坑路15號", "OperationTel": "02-26102016", "WebUrl": "http://www.pljhs.ntpc.edu.tw", "Lat": 25.1391124156941, "Lng": 121.40129685401899, "PassEasyEle": 0.0, "PassEasyParking": 0.0, "PassEasyShower": 0.0, "PassEasyToilet": 0.0, "PassEasyWay": 0.0, "WheelchairAuditorium": 0.0 }, "geometry": { "type": "Point", "coordinates": [ 121.401296854018995, 25.1391124156941 ] } },
{ "type": "Feature", "properties": { "GymType": "球類運動設施/籃球場館", "Name": "八里國中籃球場", "Addr": "新北市八里區荖阡里荖阡坑路15號", "OperationTel": "02-26102016#301", "WebUrl": "http://www.pljhs.ntpc.edu.tw", "Lat": 25.139321236202999, "Lng": 121.401060819626, "PassEasyEle": 0.0, "PassEasyParking": 0.0, "PassEasyShower": 0.0, "PassEasyToilet": 0.0, "PassEasyWay": 0.0, "WheelchairAuditorium": 0.0 }, "geometry": { "type": "Point", "coordinates": [ 121.401060819625997, 25.139321236202999 ] } },
{ "type": "Feature", "properties": { "GymType": "陸上/射擊運動設施/田徑場", "Name": "辭修高中操場", "Addr": "新北市三峽區溪東路251號", "OperationTel": "02-86761277#303", "WebUrl": "http://www.tsshs.ntpc.edu.tw", "Lat": 24.932292827883401, "Lng": 121.407900452614, "PassEasyEle": 0.0, "PassEasyParking": 0.0, "PassEasyShower": 0.0, "PassEasyToilet": 1.0, "PassEasyWay": 0.0, "WheelchairAuditorium": 0.0 }, "geometry": { "type": "Point", "coordinates": [ 121.407900452614001, 24.932292827883401 ] } },
{ "type": "Feature", "properties": { "GymType": "陸上/射擊運動設施/田徑場", "Name": "老梅國小操場", "Addr": "新北市石門區老梅里老梅路10號", "OperationTel": "02-26381258#13", "WebUrl": "http://www.lmes.ntpc.edu.tw", "Lat": 25.288861321611598, "Lng": 121.54481649398799, "PassEasyEle": 0.0, "PassEasyParking": 0.0, "PassEasyShower": 0.0, "PassEasyToilet": 0.0, "PassEasyWay": 0.0, "WheelchairAuditorium": 0.0 }, "geometry": { "type": "Point", "coordinates": [ 121.544816493987994, 25.288861321611598 ] } },
{ "type": "Feature", "properties": { "GymType": "陸上/射擊運動設施/環形或直線慢跑場（非田徑場）", "Name": "成福國小操場", "Addr": "新北市三峽區溪東里溪東路213號", "OperationTel": "02-86764945#19", "WebUrl": "http://www.chenfu.ntpc.edu.tw", "Lat": 24.933275450845599, "Lng": 121.40582442283601, "PassEasyEle": 0.0, "PassEasyParking": 0.0, "PassEasyShower": 0.0, "PassEasyToilet": 0.0, "PassEasyWay": 0.0, "WheelchairAuditorium": 0.0 }, "geometry": { "type": "Point", "coordinates": [ 121.405824422836005, 24.933275450845599 ] } },
{ "type": "Feature", "properties": { "GymType": "球類運動設施/羽球場館", "Name": "羽球場館", "Addr": "新北市瑞芳區三爪子坑路1號", "OperationTel": "02-24972145#225", "WebUrl": "https://www2.rfjh.ntpc.edu.tw/", "Lat": 25.107304398481801, "Lng": 121.815268993378, "PassEasyEle": 0.0, "PassEasyParking": 0.0, "PassEasyShower": 0.0, "PassEasyToilet": 1.0, "PassEasyWay": 1.0, "WheelchairAuditorium": 0.0 }, "geometry": { "type": "Point", "coordinates": [ 121.815268993377998, 25.107304398481801 ] } },
{ "type": "Feature", "properties": { "GymType": "陸上/射擊運動設施/田徑場", "Name": "忠義國小田徑場", "Addr": "新北市蘆洲區光榮路99號", "OperationTel": "02-22899591#138", "WebUrl": "http://www.cyes.ntpc.edu.tw", "Lat": 25.089830508946559, "Lng": 121.46354556083706, "PassEasyEle": 2.0, "PassEasyParking": 2.0, "PassEasyShower": 0.0, "PassEasyToilet": 15.0, "PassEasyWay": 4.0, "WheelchairAuditorium": 0.0 }, "geometry": { "type": "Point", "coordinates": [ 121.463545560837062, 25.089830508946559 ] } },
{ "type": "Feature", "properties": { "GymType": "球類運動設施/籃球場館", "Name": "新泰國小風雨操場", "Addr": "新北市新莊區公園一路91號", "OperationTel": "02-29971005#114", "WebUrl": "http://www.stps.ntpc.edu.tw", "Lat": 25.0388033606386, "Lng": 121.44284963607799, "PassEasyEle": 0.0, "PassEasyParking": 0.0, "PassEasyShower": 0.0, "PassEasyToilet": 0.0, "PassEasyWay": 0.0, "WheelchairAuditorium": 0.0 }, "geometry": { "type": "Point", "coordinates": [ 121.442849636077995, 25.0388033606386 ] } },
{ "type": "Feature", "properties": { "GymType": "球類運動設施/壘球場", "Name": "新北市板橋區光復橋北側壘球場(新店溪左岸自行車道1.6KM)", "Addr": "新北市板橋區光復橋北側壘球場(新店溪左岸自行車道1.6KM)", "OperationTel": "02-89699596#521", "WebUrl": "http://www.rhbd.ntpc.gov.tw/cht/index.php?", "Lat": 25.022676659996598, "Lng": 121.48582004942, "PassEasyEle": 0.0, "PassEasyParking": 7.0, "PassEasyShower": 0.0, "PassEasyToilet": 0.0, "PassEasyWay": 0.0, "WheelchairAuditorium": 0.0 }, "geometry": { "type": "Point", "coordinates": [ 121.485820049419999, 25.022676659996598 ] } },
{ "type": "Feature", "properties": { "GymType": "球類運動設施/籃球場館", "Name": "新北市板橋區萬板大橋北側籃球場(新店溪左岸自行車道0.8KM)", "Addr": " 新北市板橋區萬板大橋北側籃球場(新店溪左岸自行車道0.8KM)", "OperationTel": "02-89699596", "WebUrl": "http://www.rhbd.ntpc.gov.tw/cht/index.php?", "Lat": 25.0282804088978, "Lng": 121.48394644260399, "PassEasyEle": 0.0, "PassEasyParking": 0.0, "PassEasyShower": 0.0, "PassEasyToilet": 0.0, "PassEasyWay": 0.0, "WheelchairAuditorium": 0.0 }, "geometry": { "type": "Point", "coordinates": [ 121.483946442603994, 25.0282804088978 ] } },
{ "type": "Feature", "properties": { "GymType": "競速運動設施/滑輪場/溜冰場", "Name": "新北市板橋區萬板大橋北側溜冰場(新店溪左岸自行車道0.6KM)", "Addr": " 新北市板橋區萬板大橋北側溜冰場(新店溪左岸自行車道0.6KM)", "OperationTel": "02-89699596#521", "WebUrl": "http://www.rhbd.ntpc.gov.tw/cht/index.php?", "Lat": 25.030423956331301, "Lng": 121.483093500137, "PassEasyEle": 0.0, "PassEasyParking": 0.0, "PassEasyShower": 0.0, "PassEasyToilet": 0.0, "PassEasyWay": 0.0, "WheelchairAuditorium": 0.0 }, "geometry": { "type": "Point", "coordinates": [ 121.483093500137002, 25.030423956331301 ] } },
{ "type": "Feature", "properties": { "GymType": "球類運動設施/籃球場館", "Name": "新海籃球場", "Addr": "新北市板橋區新海橋北面籃球場(大漢溪右岸自行車道2.75KM處)", "OperationTel": "02-89699596#521", "WebUrl": "http://www.rhbd.ntpc.gov.tw/cht/index.php?", "Lat": 25.030292719809498, "Lng": 121.45743012428299, "PassEasyEle": 0.0, "PassEasyParking": 0.0, "PassEasyShower": 0.0, "PassEasyToilet": 0.0, "PassEasyWay": 0.0, "WheelchairAuditorium": 0.0 }, "geometry": { "type": "Point", "coordinates": [ 121.457430124282993, 25.030292719809498 ] } },
{ "type": "Feature", "properties": { "GymType": "球類運動設施/籃球場館", "Name": "野柳國小操場", "Addr": "新北市萬里區野柳里港東路167號", "OperationTel": "02-24922512#15", "WebUrl": "http://www.ylps.ntpc.edu.tw", "Lat": 25.203951379332299, "Lng": 121.68831283226601, "PassEasyEle": 0.0, "PassEasyParking": 0.0, "PassEasyShower": 0.0, "PassEasyToilet": 0.0, "PassEasyWay": 0.0, "WheelchairAuditorium": 0.0 }, "geometry": { "type": "Point", "coordinates": [ 121.688312832266007, 25.203951379332299 ] } },
{ "type": "Feature", "properties": { "GymType": "球類運動設施/曲棍球場", "Name": "新北市板橋區華江橋南側曲棍球場(新店溪左岸自行車道0.4KM)", "Addr": " 新北市板橋區華江橋南側溜冰曲棍球場(新店溪左岸自行車道0.4KM)", "OperationTel": "02-89699596", "WebUrl": "http://www.rhbd.ntpc.gov.tw/cht/index.php?", "Lat": 25.031930735968999, "Lng": 121.48240685463, "PassEasyEle": 0.0, "PassEasyParking": 0.0, "PassEasyShower": 0.0, "PassEasyToilet": 0.0, "PassEasyWay": 0.0, "WheelchairAuditorium": 0.0 }, "geometry": { "type": "Point", "coordinates": [ 121.48240685463, 25.031930735968999 ] } },
{ "type": "Feature", "properties": { "GymType": "陸上/射擊運動設施/田徑場", "Name": "育英國小田徑場", "Addr": "新北市淡水區埤島里14號", "OperationTel": "02-26214390#102", "WebUrl": "http://www.yies.ntpc.edu.tw", "Lat": 25.197441514349599, "Lng": 121.445023200758, "PassEasyEle": 0.0, "PassEasyParking": 0.0, "PassEasyShower": 0.0, "PassEasyToilet": 0.0, "PassEasyWay": 0.0, "WheelchairAuditorium": 0.0 }, "geometry": { "type": "Point", "coordinates": [ 121.445023200758001, 25.197441514349599 ] } },
{ "type": "Feature", "properties": { "GymType": "競速運動設施/滑輪場/溜冰場", "Name": "新北市板橋區華江橋南側溜冰場(新店溪左岸自行車道0.2KM)", "Addr": " 新北市板橋區華江橋南側溜冰場(新店溪左岸自行車道0.2KM)", "OperationTel": "02-89699596#521", "WebUrl": "http://www.rhbd.ntpc.gov.tw/cht/index.php?", "Lat": 25.033593032681701, "Lng": 121.48198306560499, "PassEasyEle": 0.0, "PassEasyParking": 8.0, "PassEasyShower": 0.0, "PassEasyToilet": 0.0, "PassEasyWay": 0.0, "WheelchairAuditorium": 0.0 }, "geometry": { "type": "Point", "coordinates": [ 121.481983065604993, 25.033593032681701 ] } },
{ "type": "Feature", "properties": { "GymType": "球類運動設施/籃球場館", "Name": "新北市三重區中興橋北側籃球場(二重環狀自行車道17.6KM)", "Addr": "緯度: 25.0503362564309, 經度: 121.492958664894", "OperationTel": "02-89699596#521", "WebUrl": "http://www.rhbd.ntpc.gov.tw/cht/index.php?", "Lat": 25.050336256430899, "Lng": 121.492958664894, "PassEasyEle": 0.0, "PassEasyParking": 0.0, "PassEasyShower": 0.0, "PassEasyToilet": 0.0, "PassEasyWay": 0.0, "WheelchairAuditorium": 0.0 }, "geometry": { "type": "Point", "coordinates": [ 121.492958664894005, 25.050336256430899 ] } },
{ "type": "Feature", "properties": { "GymType": "球類運動設施/籃球場館", "Name": "新北市三重區台北橋南側籃球場(二重環狀自行車道16KM)", "Addr": "新北市三重區台北橋南側籃球場(二重環狀自行車道16KM)", "OperationTel": "02-89699596#521", "WebUrl": "http://www.rhbd.ntpc.gov.tw/cht/index.php?", "Lat": 25.061090566800701, "Lng": 121.50363385677301, "PassEasyEle": 0.0, "PassEasyParking": 0.0, "PassEasyShower": 0.0, "PassEasyToilet": 0.0, "PassEasyWay": 0.0, "WheelchairAuditorium": 0.0 }, "geometry": { "type": "Point", "coordinates": [ 121.503633856773007, 25.061090566800701 ] } },
{ "type": "Feature", "properties": { "GymType": "競速運動設施/滑輪場/溜冰場", "Name": "新北市三重區國道一號橋南側堤外溜冰場", "Addr": "新北市三重區位於龍門停車場南側", "OperationTel": "02-89699596#521", "WebUrl": "http://www.rhbd.ntpc.gov.tw/cht/index.php?", "Lat": 25.071003329138499, "Lng": 121.504755020142, "PassEasyEle": 0.0, "PassEasyParking": 0.0, "PassEasyShower": 0.0, "PassEasyToilet": 0.0, "PassEasyWay": 0.0, "WheelchairAuditorium": 0.0 }, "geometry": { "type": "Point", "coordinates": [ 121.504755020141999, 25.071003329138499 ] } },
{ "type": "Feature", "properties": { "GymType": "球類運動設施/籃球場館", "Name": "新北市三重區龍濱里旁堤外籃球場", "Addr": "新北市三重區龍門寵物公園南側、龍門越堤道南側。", "OperationTel": "02-89699596#521", "WebUrl": "http://www.rhbd.ntpc.gov.tw/cht/index.php?", "Lat": 25.073296755954601, "Lng": 121.504068374634, "PassEasyEle": 0.0, "PassEasyParking": 0.0, "PassEasyShower": 0.0, "PassEasyToilet": 0.0, "PassEasyWay": 0.0, "WheelchairAuditorium": 0.0 }, "geometry": { "type": "Point", "coordinates": [ 121.504068374634002, 25.073296755954601 ] } },
{ "type": "Feature", "properties": { "GymType": "球類運動設施/籃球場館", "Name": "新北市板橋區江子翠河濱公園籃球場(大漢溪右岸自行車道1.5km處)", "Addr": " 新北市板橋區江子翠河濱公園籃球場(大漢溪右岸自行車道1.5km處)", "OperationTel": "02-89699596#521", "WebUrl": "http://www.rhbd.ntpc.gov.tw/cht/index.php?", "Lat": 25.035887159573399, "Lng": 121.468808054924, "PassEasyEle": 0.0, "PassEasyParking": 0.0, "PassEasyShower": 0.0, "PassEasyToilet": 0.0, "PassEasyWay": 0.0, "WheelchairAuditorium": 0.0 }, "geometry": { "type": "Point", "coordinates": [ 121.468808054923997, 25.035887159573399 ] } },
{ "type": "Feature", "properties": { "GymType": "球類運動設施/籃球場館", "Name": "二重環狀自行車道14.2KM籃球場", "Addr": "新北市三重區國道一號橋下南側籃球場", "OperationTel": "02-89699596#521", "WebUrl": "http://www.rhbd.ntpc.gov.tw/cht/index.php?", "Lat": 25.075910821430199, "Lng": 121.503403186798, "PassEasyEle": 0.0, "PassEasyParking": 0.0, "PassEasyShower": 0.0, "PassEasyToilet": 0.0, "PassEasyWay": 0.0, "WheelchairAuditorium": 0.0 }, "geometry": { "type": "Point", "coordinates": [ 121.503403186797996, 25.075910821430199 ] } },
{ "type": "Feature", "properties": { "GymType": "球類運動設施/籃球場館", "Name": "新北市三重區重陽大橋南側籃球場", "Addr": "新北市三重區重陽橋南側河堤外", "OperationTel": "02-89699596#508", "WebUrl": "http://www.rhbd.ntpc.gov.tw/cht/index.php?", "Lat": 25.082353428543001, "Lng": 121.50007724762, "PassEasyEle": 0.0, "PassEasyParking": 0.0, "PassEasyShower": 0.0, "PassEasyToilet": 0.0, "PassEasyWay": 0.0, "WheelchairAuditorium": 0.0 }, "geometry": { "type": "Point", "coordinates": [ 121.500077247619998, 25.082353428543001 ] } },
{ "type": "Feature", "properties": { "GymType": "競速運動設施/滑輪場/溜冰場", "Name": "滑輪場/溜冰場", "Addr": "緯度: 25.0842239560861, 經度: 121.498821973801", "OperationTel": "02-89699596#521", "WebUrl": "http://www.rhbd.ntpc.gov.tw/cht/index.php?", "Lat": 25.084223956086099, "Lng": 121.498821973801, "PassEasyEle": 0.0, "PassEasyParking": 0.0, "PassEasyShower": 0.0, "PassEasyToilet": 0.0, "PassEasyWay": 0.0, "WheelchairAuditorium": 0.0 }, "geometry": { "type": "Point", "coordinates": [ 121.498821973801, 25.084223956086099 ] } },
{ "type": "Feature", "properties": { "GymType": "球類運動設施/籃球場館", "Name": "新北市三重區淡水河畔公園堤外籃球場", "Addr": "三重萬姓公廟旁", "OperationTel": "02-89699596#521", "WebUrl": "http://www.rhbd.ntpc.gov.tw/cht/index.php?", "Lat": 25.0889463036312, "Lng": 121.49468064308201, "PassEasyEle": 0.0, "PassEasyParking": 0.0, "PassEasyShower": 0.0, "PassEasyToilet": 0.0, "PassEasyWay": 0.0, "WheelchairAuditorium": 0.0 }, "geometry": { "type": "Point", "coordinates": [ 121.494680643082006, 25.0889463036312 ] } },
{ "type": "Feature", "properties": { "GymType": "球類運動設施/壘球場", "Name": "蘆洲壘球場", "Addr": "新北市蘆洲區二重疏洪道2號越堤道旁", "OperationTel": "02-89699596", "WebUrl": "https://www.hrcm.ntpc.gov.tw/", "Lat": 25.097083666306599, "Lng": 121.459554433823, "PassEasyEle": 0.0, "PassEasyParking": 0.0, "PassEasyShower": 0.0, "PassEasyToilet": 0.0, "PassEasyWay": 0.0, "WheelchairAuditorium": 0.0 }, "geometry": { "type": "Point", "coordinates": [ 121.459554433823001, 25.097083666306599 ] } },
{ "type": "Feature", "properties": { "GymType": "球類運動設施/網球場館", "Name": "微風運河網球場", "Addr": "新北市蘆洲區二重疏洪道微風網球場", "OperationTel": "02-89699596", "WebUrl": "https://www.hrcm.ntpc.gov.tw/", "Lat": 25.094314594682402, "Lng": 121.458111405373, "PassEasyEle": 0.0, "PassEasyParking": 0.0, "PassEasyShower": 0.0, "PassEasyToilet": 0.0, "PassEasyWay": 0.0, "WheelchairAuditorium": 0.0 }, "geometry": { "type": "Point", "coordinates": [ 121.458111405373003, 25.094314594682402 ] } },
{ "type": "Feature", "properties": { "GymType": "球類運動設施/籃球場館", "Name": "微風運河北側籃球場(蘆堤北籃球場)", "Addr": "新北市蘆洲區微風運河北側籃球場(蘆堤北籃球場)", "OperationTel": "02-89699596", "WebUrl": "https://www.hrcm.ntpc.gov.tw/", "Lat": 25.093323543292499, "Lng": 121.45747840404501, "PassEasyEle": 0.0, "PassEasyParking": 0.0, "PassEasyShower": 0.0, "PassEasyToilet": 0.0, "PassEasyWay": 0.0, "WheelchairAuditorium": 0.0 }, "geometry": { "type": "Point", "coordinates": [ 121.457478404045006, 25.093323543292499 ] } },
{ "type": "Feature", "properties": { "GymType": "球類運動設施/籃球場館", "Name": "新店高中活動中心", "Addr": "新北市新店區中央路93號", "OperationTel": "02-22193700#301", "WebUrl": "http://www.htsh.ntpc.edu.tw", "Lat": 24.975070918492101, "Lng": 121.532263755798, "PassEasyEle": null, "PassEasyParking": null, "PassEasyShower": null, "PassEasyToilet": null, "PassEasyWay": null, "WheelchairAuditorium": null }, "geometry": { "type": "Point", "coordinates": [ 121.532263755797999, 24.975070918492101 ] } },
{ "type": "Feature", "properties": { "GymType": "球類運動設施/足球場館", "Name": "微風運河足球場", "Addr": "新北市三重區二重疏洪道微風運河足球場", "OperationTel": "02-89699596", "WebUrl": "https://www.hrcm.ntpc.gov.tw/", "Lat": 25.091098506517401, "Lng": 121.45590662956199, "PassEasyEle": 0.0, "PassEasyParking": 0.0, "PassEasyShower": 0.0, "PassEasyToilet": 0.0, "PassEasyWay": 0.0, "WheelchairAuditorium": 0.0 }, "geometry": { "type": "Point", "coordinates": [ 121.455906629561994, 25.091098506517401 ] } },
{ "type": "Feature", "properties": { "GymType": "球類運動設施/籃球場館", "Name": "微風運河南側籃球場(蘆堤南籃球場)", "Addr": " 新北市三重區二重疏洪道微風運河南側籃球場", "OperationTel": "02-89699596", "WebUrl": "https://www.hrcm.ntpc.gov.tw/", "Lat": 25.089641036916799, "Lng": 121.45523071289099, "PassEasyEle": 0.0, "PassEasyParking": 0.0, "PassEasyShower": 0.0, "PassEasyToilet": 0.0, "PassEasyWay": 0.0, "WheelchairAuditorium": 0.0 }, "geometry": { "type": "Point", "coordinates": [ 121.455230712890994, 25.089641036916799 ] } },
{ "type": "Feature", "properties": { "GymType": "球類運動設施/排球場館", "Name": "新北市蘆洲區微風運河右側排球場", "Addr": "新北市蘆洲區二重疏洪道微風運河排球場", "OperationTel": "02-89699596", "WebUrl": "https://www.hrcm.ntpc.gov.tw/", "Lat": 25.089300958178899, "Lng": 121.455139517784, "PassEasyEle": 0.0, "PassEasyParking": 0.0, "PassEasyShower": 0.0, "PassEasyToilet": 0.0, "PassEasyWay": 0.0, "WheelchairAuditorium": 0.0 }, "geometry": { "type": "Point", "coordinates": [ 121.455139517784005, 25.089300958178899 ] } },
{ "type": "Feature", "properties": { "GymType": "球類運動設施/棒球場", "Name": "新北市板橋區大漢橋北面棒球場(大漢溪右岸自行車道1.95KM處)", "Addr": "新北市板橋區大漢橋北面棒球場(大漢溪右岸自行車道1.95KM處)", "OperationTel": "02-89699596#521", "WebUrl": "http://www.rhbd.ntpc.gov.tw/cht/index.php?", "Lat": 25.0339770102991, "Lng": 121.464318037033, "PassEasyEle": 0.0, "PassEasyParking": 0.0, "PassEasyShower": 0.0, "PassEasyToilet": 0.0, "PassEasyWay": 0.0, "WheelchairAuditorium": 0.0 }, "geometry": { "type": "Point", "coordinates": [ 121.464318037032996, 25.0339770102991 ] } },
{ "type": "Feature", "properties": { "GymType": "球類運動設施/網球場館", "Name": "新月網球場", "Addr": "新北市板橋區新月橋與特二橋間網球場(大漢溪右岸自行車道3.75K", "OperationTel": "02-89699596#501", "WebUrl": "http://www.rhbd.ntpc.gov.tw/cht/index.php?", "Lat": 25.024216801242801, "Lng": 121.449501514435, "PassEasyEle": 0.0, "PassEasyParking": 0.0, "PassEasyShower": 0.0, "PassEasyToilet": 0.0, "PassEasyWay": 0.0, "WheelchairAuditorium": 0.0 }, "geometry": { "type": "Point", "coordinates": [ 121.449501514434999, 25.024216801242801 ] } },
{ "type": "Feature", "properties": { "GymType": "球類運動設施/籃球場館", "Name": "新月籃球場", "Addr": "新北市板橋區新月橋與特二橋間籃球場(大漢溪右岸自行車道3.8KM", "OperationTel": "02-89699596#521", "WebUrl": "http://www.rhbd.ntpc.gov.tw/cht/index.php?", "Lat": 25.024284853196399, "Lng": 121.449624896049, "PassEasyEle": 0.0, "PassEasyParking": 0.0, "PassEasyShower": 0.0, "PassEasyToilet": 0.0, "PassEasyWay": 0.0, "WheelchairAuditorium": 0.0 }, "geometry": { "type": "Point", "coordinates": [ 121.449624896049002, 25.024284853196399 ] } },
{ "type": "Feature", "properties": { "GymType": "競速運動設施/滑輪場/溜冰場", "Name": "新北市板橋區特二橋南面溜冰場(大漢溪右岸自行車道4.4KM處)", "Addr": "新北市板橋區特二橋南面溜冰場(大漢溪右岸自行車道4.4KM處)", "OperationTel": "02-89699596#521", "WebUrl": "http://www.rhbd.ntpc.gov.tw/cht/index.php?", "Lat": 25.020094726835801, "Lng": 121.445714235306, "PassEasyEle": 0.0, "PassEasyParking": 8.0, "PassEasyShower": 0.0, "PassEasyToilet": 0.0, "PassEasyWay": 0.0, "WheelchairAuditorium": 0.0 }, "geometry": { "type": "Point", "coordinates": [ 121.445714235305999, 25.020094726835801 ] } },
{ "type": "Feature", "properties": { "GymType": "球類運動設施/手球場", "Name": "微風運河手球場", "Addr": "二重疏洪道微風運河手球場", "OperationTel": "02-89699596", "WebUrl": "https://www.hrcm.ntpc.gov.tw/", "Lat": 25.088832765316202, "Lng": 121.45506725923001, "PassEasyEle": 0.0, "PassEasyParking": 0.0, "PassEasyShower": 0.0, "PassEasyToilet": 0.0, "PassEasyWay": 0.0, "WheelchairAuditorium": 0.0 }, "geometry": { "type": "Point", "coordinates": [ 121.455067259230006, 25.088832765316202 ] } },
{ "type": "Feature", "properties": { "GymType": "球類運動設施/高爾夫球練習場", "Name": "二重疏洪道高爾夫球練習場", "Addr": "二重疏洪道疏洪八路旁", "OperationTel": "02-89699596", "WebUrl": "https://www.hrcm.ntpc.gov.tw/", "Lat": 25.073617443569798, "Lng": 121.45975828170801, "PassEasyEle": 0.0, "PassEasyParking": 0.0, "PassEasyShower": 0.0, "PassEasyToilet": 0.0, "PassEasyWay": 0.0, "WheelchairAuditorium": 0.0 }, "geometry": { "type": "Point", "coordinates": [ 121.459758281708005, 25.073617443569798 ] } },
{ "type": "Feature", "properties": { "GymType": "競速運動設施/滑輪場/溜冰場", "Name": "新北市五股區微風運河右側溜冰場", "Addr": "微風運河寵物公園旁溜冰場", "OperationTel": "02-89699596", "WebUrl": "https://www.hrcm.ntpc.gov.tw/", "Lat": 25.0876446154093, "Lng": 121.45484055887199, "PassEasyEle": 0.0, "PassEasyParking": 0.0, "PassEasyShower": 0.0, "PassEasyToilet": 0.0, "PassEasyWay": 0.0, "WheelchairAuditorium": 0.0 }, "geometry": { "type": "Point", "coordinates": [ 121.454840558871993, 25.0876446154093 ] } },
{ "type": "Feature", "properties": { "GymType": "球類運動設施/棒球場", "Name": "微風棒球場", "Addr": "新北市五股區二重疏洪道微風運河棒球場", "OperationTel": "02-89699596", "WebUrl": "https://www.hrcm.ntpc.gov.tw/", "Lat": 25.084442587309699, "Lng": 121.454544067383, "PassEasyEle": 0.0, "PassEasyParking": 0.0, "PassEasyShower": 0.0, "PassEasyToilet": 0.0, "PassEasyWay": 0.0, "WheelchairAuditorium": 0.0 }, "geometry": { "type": "Point", "coordinates": [ 121.454544067382997, 25.084442587309699 ] } },
{ "type": "Feature", "properties": { "GymType": "球類運動設施/籃球場館", "Name": "追風籃球場", "Addr": "位於河川地無詳細地址", "OperationTel": "02-89699596", "WebUrl": "https://www.hrcm.ntpc.gov.tw/", "Lat": 25.080118475039701, "Lng": 121.45584225654601, "PassEasyEle": 0.0, "PassEasyParking": 0.0, "PassEasyShower": 0.0, "PassEasyToilet": 0.0, "PassEasyWay": 0.0, "WheelchairAuditorium": 0.0 }, "geometry": { "type": "Point", "coordinates": [ 121.455842256546006, 25.080118475039701 ] } },
{ "type": "Feature", "properties": { "GymType": "陸上/射擊運動設施/田徑場", "Name": "烏來田徑場", "Addr": "新北市烏來區烏來里14鄰西羅岸49號", "OperationTel": "02-26616442#135", "WebUrl": "http://WWW.wulai.ntpc.gov.tw", "Lat": 24.863105256378201, "Lng": 121.546618938446, "PassEasyEle": null, "PassEasyParking": null, "PassEasyShower": null, "PassEasyToilet": null, "PassEasyWay": null, "WheelchairAuditorium": null }, "geometry": { "type": "Point", "coordinates": [ 121.546618938446002, 24.863105256378201 ] } },
{ "type": "Feature", "properties": { "GymType": "球類運動設施/曲棍球場", "Name": "追風曲棍球場", "Addr": "新北市 蘆洲區 疏洪一路", "OperationTel": "02-89699596", "WebUrl": "https://www.hrcm.ntpc.gov.tw/", "Lat": 25.079370242359001, "Lng": 121.456056833267, "PassEasyEle": 0.0, "PassEasyParking": 0.0, "PassEasyShower": 0.0, "PassEasyToilet": 0.0, "PassEasyWay": 0.0, "WheelchairAuditorium": 0.0 }, "geometry": { "type": "Point", "coordinates": [ 121.456056833266999, 25.079370242359001 ] } },
{ "type": "Feature", "properties": { "GymType": "球類運動設施/籃球場館", "Name": "忠治籃球場", "Addr": "新北市烏來區忠治里4段58號(士官長美食40公尺旁)", "OperationTel": "02-26616442#135", "WebUrl": "https://www.wulai.ntpc.gov.tw/", "Lat": 24.884217439055401, "Lng": 121.54582500457801, "PassEasyEle": null, "PassEasyParking": null, "PassEasyShower": null, "PassEasyToilet": null, "PassEasyWay": null, "WheelchairAuditorium": null }, "geometry": { "type": "Point", "coordinates": [ 121.545825004578006, 24.884217439055401 ] } },
{ "type": "Feature", "properties": { "GymType": "球類運動設施/籃球場館", "Name": "堰堤籃球場", "Addr": "新北市烏來區忠治里20新烏路五段112號旁", "OperationTel": "02-26616442#135", "WebUrl": "https://www.wulai.ntpc.gov.tw/", "Lat": 24.871330578886202, "Lng": 121.547412872314, "PassEasyEle": null, "PassEasyParking": null, "PassEasyShower": null, "PassEasyToilet": null, "PassEasyWay": null, "WheelchairAuditorium": null }, "geometry": { "type": "Point", "coordinates": [ 121.547412872313998, 24.871330578886202 ] } },
{ "type": "Feature", "properties": { "GymType": "競速運動設施/滑輪場/溜冰場", "Name": "追風溜冰場", "Addr": "新北市 三重區 二重疏洪道追風溜冰場", "OperationTel": "02-89699596", "WebUrl": "https://www.hrcm.ntpc.gov.tw/", "Lat": 25.078651157291802, "Lng": 121.45630359649699, "PassEasyEle": 0.0, "PassEasyParking": 0.0, "PassEasyShower": 0.0, "PassEasyToilet": 0.0, "PassEasyWay": 0.0, "WheelchairAuditorium": 0.0 }, "geometry": { "type": "Point", "coordinates": [ 121.456303596496994, 25.078651157291802 ] } },
{ "type": "Feature", "properties": { "GymType": "球類運動設施/籃球場館", "Name": "烏來風雨操場", "Addr": "新北市烏來區烏來里13鄰環山路82巷3號(烏來˙基督長老教會旁)", "OperationTel": "02-26616442#135", "WebUrl": "https://www.wulai.ntpc.gov.tw/", "Lat": 24.862589330336501, "Lng": 121.548507213593, "PassEasyEle": null, "PassEasyParking": null, "PassEasyShower": null, "PassEasyToilet": null, "PassEasyWay": null, "WheelchairAuditorium": null }, "geometry": { "type": "Point", "coordinates": [ 121.548507213592998, 24.862589330336501 ] } },
{ "type": "Feature", "properties": { "GymType": "球類運動設施/籃球場館", "Name": "信賢風雨操場", "Addr": "新北市烏來區信賢里6鄰信福路40號(信賢基督長老教會旁)", "OperationTel": "02-26616442#135", "WebUrl": "https://www.wulai.ntpc.gov.tw/", "Lat": 24.836098990405699, "Lng": 121.525955200195, "PassEasyEle": null, "PassEasyParking": null, "PassEasyShower": null, "PassEasyToilet": null, "PassEasyWay": null, "WheelchairAuditorium": null }, "geometry": { "type": "Point", "coordinates": [ 121.525955200195, 24.836098990405699 ] } },
{ "type": "Feature", "properties": { "GymType": "球類運動設施/籃球場館", "Name": "柑園國中林長壽紀念館", "Addr": "新北市樹林區柑園街二段125號", "OperationTel": "02-26801958#109", "WebUrl": "http://www.gyjh.ntpc.edu.tw", "Lat": 24.953941552524199, "Lng": 121.384811997414, "PassEasyEle": 0.0, "PassEasyParking": 0.0, "PassEasyShower": 0.0, "PassEasyToilet": 0.0, "PassEasyWay": 1.0, "WheelchairAuditorium": 0.0 }, "geometry": { "type": "Point", "coordinates": [ 121.384811997414005, 24.953941552524199 ] } },
{ "type": "Feature", "properties": { "GymType": "球類運動設施/籃球場館", "Name": "康橋高中體育館", "Addr": "新北市新店區華城路800號", "OperationTel": "02-81952175", "WebUrl": "http://www.kcbs.ntpc.edu.tw", "Lat": 24.9111394833261, "Lng": 121.496799588203, "PassEasyEle": 1.0, "PassEasyParking": 0.0, "PassEasyShower": 0.0, "PassEasyToilet": 1.0, "PassEasyWay": 1.0, "WheelchairAuditorium": 0.0 }, "geometry": { "type": "Point", "coordinates": [ 121.496799588203004, 24.9111394833261 ] } },
{ "type": "Feature", "properties": { "GymType": "陸上/射擊運動設施/田徑場", "Name": "柑園國中田徑場", "Addr": "新北市樹林區柑園街二段125號", "OperationTel": "02-26801958#109", "WebUrl": "http://www.gyjh.ntpc.edu.tw", "Lat": 24.953464023650099, "Lng": 121.384270191193, "PassEasyEle": 0.0, "PassEasyParking": 0.0, "PassEasyShower": 0.0, "PassEasyToilet": 0.0, "PassEasyWay": 0.0, "WheelchairAuditorium": 0.0 }, "geometry": { "type": "Point", "coordinates": [ 121.384270191192996, 24.953464023650099 ] } },
{ "type": "Feature", "properties": { "GymType": "球類運動設施/籃球場館", "Name": "柑園國中籃球場", "Addr": "新北市樹林區柑園街二段125號", "OperationTel": "02-26801958#109", "WebUrl": "http://www.gyjh.ntpc.edu.tw", "Lat": 24.953542895987599, "Lng": 121.385021209717, "PassEasyEle": 0.0, "PassEasyParking": 0.0, "PassEasyShower": 0.0, "PassEasyToilet": 0.0, "PassEasyWay": 0.0, "WheelchairAuditorium": 0.0 }, "geometry": { "type": "Point", "coordinates": [ 121.385021209716996, 24.953542895987599 ] } },
{ "type": "Feature", "properties": { "GymType": "球類運動設施/排球場館", "Name": "柑園國中排球場", "Addr": "新北市樹林區柑園街二段125號", "OperationTel": "02-26801958#109", "WebUrl": "http://www.gyjh.ntpc.edu.tw", "Lat": 24.954109084351298, "Lng": 121.384799927473, "PassEasyEle": 0.0, "PassEasyParking": 0.0, "PassEasyShower": 0.0, "PassEasyToilet": 0.0, "PassEasyWay": 0.0, "WheelchairAuditorium": 0.0 }, "geometry": { "type": "Point", "coordinates": [ 121.384799927472997, 24.954109084351298 ] } },
{ "type": "Feature", "properties": { "GymType": "球類運動設施/籃球場館", "Name": "高速公路橋下籃球場", "Addr": "新北市 三重區 二重疏洪道橋下籃球場", "OperationTel": "02-89699596", "WebUrl": "https://www.hrcm.ntpc.gov.tw/", "Lat": 25.0747447024618, "Lng": 121.458781957626, "PassEasyEle": 0.0, "PassEasyParking": 0.0, "PassEasyShower": 0.0, "PassEasyToilet": 0.0, "PassEasyWay": 0.0, "WheelchairAuditorium": 0.0 }, "geometry": { "type": "Point", "coordinates": [ 121.458781957626002, 25.0747447024618 ] } },
{ "type": "Feature", "properties": { "GymType": "球類運動設施/棒球場", "Name": "五股壘球場", "Addr": "位於河川地無詳細地址", "OperationTel": "02-89699596", "WebUrl": "https://www.hrcm.ntpc.gov.tw/", "Lat": 25.070371657429799, "Lng": 121.45942568779, "PassEasyEle": 0.0, "PassEasyParking": 0.0, "PassEasyShower": 0.0, "PassEasyToilet": 0.0, "PassEasyWay": 0.0, "WheelchairAuditorium": 0.0 }, "geometry": { "type": "Point", "coordinates": [ 121.459425687790002, 25.070371657429799 ] } },
{ "type": "Feature", "properties": { "GymType": "球類運動設施/槌球場", "Name": "二重疏洪道木球場", "Addr": "位於河川地無詳細地址", "OperationTel": "02-89699596", "WebUrl": "https://www.hrcm.ntpc.gov.tw/", "Lat": 25.072372393463599, "Lng": 121.461254096175, "PassEasyEle": 0.0, "PassEasyParking": 0.0, "PassEasyShower": 0.0, "PassEasyToilet": 0.0, "PassEasyWay": 0.0, "WheelchairAuditorium": 0.0 }, "geometry": { "type": "Point", "coordinates": [ 121.461254096174997, 25.072372393463599 ] } },
{ "type": "Feature", "properties": { "GymType": "球類運動設施/籃球場館", "Name": "二重疏洪道-中央籃球場", "Addr": "位於河川地無詳細地址", "OperationTel": "02-89699596", "WebUrl": "https://www.hrcm.ntpc.gov.tw/", "Lat": 25.0707603788669, "Lng": 121.46177530288701, "PassEasyEle": 0.0, "PassEasyParking": 0.0, "PassEasyShower": 0.0, "PassEasyToilet": 0.0, "PassEasyWay": 0.0, "WheelchairAuditorium": 0.0 }, "geometry": { "type": "Point", "coordinates": [ 121.461775302887006, 25.0707603788669 ] } },
{ "type": "Feature", "properties": { "GymType": "舞蹈運動設施/多功能舞蹈運動教室（含舞蹈教室/韻律教室/瑜珈教室等類型空間）", "Name": "聖約翰科技大學百齡韻律教室", "Addr": "新北市淡水區淡金路四段499號", "OperationTel": "02-28013131#6244", "WebUrl": "http://www.sju.edu.tw/", "Lat": 25.226310002002201, "Lng": 121.450590491295, "PassEasyEle": 0.0, "PassEasyParking": 0.0, "PassEasyShower": 0.0, "PassEasyToilet": 0.0, "PassEasyWay": 0.0, "WheelchairAuditorium": 0.0 }, "geometry": { "type": "Point", "coordinates": [ 121.450590491295003, 25.226310002002201 ] } },
{ "type": "Feature", "properties": { "GymType": "球類運動設施/籃球場館", "Name": "新北市板橋區特二橋南面籃球場(大漢溪右岸自行車道4.5KM處)", "Addr": "新北市板橋區特二橋南面籃球場(大漢溪右岸自行車道4.5KM處)", "OperationTel": "02-89699596#521", "WebUrl": "http://www.rhbd.ntpc.gov.tw/cht/index.php?", "Lat": 25.019754455074899, "Lng": 121.44547283649401, "PassEasyEle": 0.0, "PassEasyParking": 0.0, "PassEasyShower": 0.0, "PassEasyToilet": 0.0, "PassEasyWay": 0.0, "WheelchairAuditorium": 0.0 }, "geometry": { "type": "Point", "coordinates": [ 121.445472836494005, 25.019754455074899 ] } },
{ "type": "Feature", "properties": { "GymType": "球類運動設施/籃球場館", "Name": "新北市板橋區特二橋南面籃球場(大漢溪右岸自行車道4.7KM處)", "Addr": "新北市板橋區特二橋南面籃球場(大漢溪右岸自行車道4.7KM處)", "OperationTel": "02-89699596#521", "WebUrl": "http://www.rhbd.ntpc.gov.tw/cht/index.php?", "Lat": 25.0179388462372, "Lng": 121.44448310136799, "PassEasyEle": 0.0, "PassEasyParking": 0.0, "PassEasyShower": 0.0, "PassEasyToilet": 0.0, "PassEasyWay": 0.0, "WheelchairAuditorium": 0.0 }, "geometry": { "type": "Point", "coordinates": [ 121.444483101367993, 25.0179388462372 ] } },
{ "type": "Feature", "properties": { "GymType": "球類運動設施/籃球場館", "Name": "鐵路橋籃球場", "Addr": "新北市板橋區鐵路橋旁(大漢溪右岸自行車道6.2KM處)", "OperationTel": "02-89699596#521", "WebUrl": "http://www.rhbd.ntpc.gov.tw/cht/index.php?", "Lat": 25.005014921742401, "Lng": 121.440652906894, "PassEasyEle": 0.0, "PassEasyParking": 0.0, "PassEasyShower": 0.0, "PassEasyToilet": 0.0, "PassEasyWay": 0.0, "WheelchairAuditorium": 0.0 }, "geometry": { "type": "Point", "coordinates": [ 121.440652906894002, 25.005014921742401 ] } },
{ "type": "Feature", "properties": { "GymType": "球類運動設施/籃球場館", "Name": "浮洲籃球場", "Addr": "新北市板橋區浮洲橋與鐵路橋間", "OperationTel": "02-89699596#521", "WebUrl": "http://www.rhbd.ntpc.gov.tw/cht/index.php?", "Lat": 24.999389903972499, "Lng": 121.440521478653, "PassEasyEle": 0.0, "PassEasyParking": 5.0, "PassEasyShower": 0.0, "PassEasyToilet": 0.0, "PassEasyWay": 0.0, "WheelchairAuditorium": 0.0 }, "geometry": { "type": "Point", "coordinates": [ 121.440521478652997, 24.999389903972499 ] } },
{ "type": "Feature", "properties": { "GymType": "球類運動設施/棒球場", "Name": "浮洲橋棒球場", "Addr": "位於河川地無詳細地址", "OperationTel": "02-89699596#521", "WebUrl": "http://www.rhbd.ntpc.gov.tw/cht/index.php?", "Lat": 24.990939739056799, "Lng": 121.439083814621, "PassEasyEle": 0.0, "PassEasyParking": 0.0, "PassEasyShower": 0.0, "PassEasyToilet": 0.0, "PassEasyWay": 0.0, "WheelchairAuditorium": 0.0 }, "geometry": { "type": "Point", "coordinates": [ 121.439083814621, 24.990939739056799 ] } },
{ "type": "Feature", "properties": { "GymType": "球類運動設施/足球場館", "Name": "新北市五股區陽光運河左側足球場(二重環狀自行車道3.0KM)", "Addr": "新北市五股區疏洪十路北側足球場(二重環狀自行車道3.0KM足球場)", "OperationTel": "02-89699596#501", "WebUrl": "https://www.hrcm.ntpc.gov.tw/", "Lat": 25.067548530977898, "Lng": 121.46436631679499, "PassEasyEle": 0.0, "PassEasyParking": 0.0, "PassEasyShower": 0.0, "PassEasyToilet": 0.0, "PassEasyWay": 0.0, "WheelchairAuditorium": 0.0 }, "geometry": { "type": "Point", "coordinates": [ 121.464366316794994, 25.067548530977898 ] } },
{ "type": "Feature", "properties": { "GymType": "球類運動設施/足球場館", "Name": "新北市土城區溪州河濱運動公園足球場(大漢溪右岸自行車道9KM處)", "Addr": "新北市土城區溪州河濱運動公園足球場(大漢溪右岸自行車道9KM處)", "OperationTel": "02-89699596#501", "WebUrl": "http://www.rhbd.ntpc.gov.tw/cht/index.php?", "Lat": 24.980077166332599, "Lng": 121.437206268311, "PassEasyEle": 0.0, "PassEasyParking": 0.0, "PassEasyShower": 0.0, "PassEasyToilet": 0.0, "PassEasyWay": 0.0, "WheelchairAuditorium": 0.0 }, "geometry": { "type": "Point", "coordinates": [ 121.437206268311002, 24.980077166332599 ] } },
{ "type": "Feature", "properties": { "GymType": "競速運動設施/滑輪場/溜冰場", "Name": "新北市土城區溪州河濱運動公園溜冰場(大漢溪右岸自行車道9.1KM處)", "Addr": "新北市土城區溪州河濱運動公園溜冰場(大漢溪右岸自行車道9.1KM處)", "OperationTel": "02-89699596#521", "WebUrl": "http://www.rhbd.ntpc.gov.tw/cht/index.php?", "Lat": 24.979483927475801, "Lng": 121.436921954155, "PassEasyEle": 0.0, "PassEasyParking": 0.0, "PassEasyShower": 0.0, "PassEasyToilet": 0.0, "PassEasyWay": 0.0, "WheelchairAuditorium": 0.0 }, "geometry": { "type": "Point", "coordinates": [ 121.436921954154997, 24.979483927475801 ] } },
{ "type": "Feature", "properties": { "GymType": "球類運動設施/籃球場館", "Name": "新北市土城區溪州河濱運動公園籃球場(大漢溪右岸自行車道9.2KM處)", "Addr": "新北市土城區溪州河濱運動公園籃球場(大漢溪右岸自行車道9.2KM處)", "OperationTel": "02-89699596#521", "WebUrl": "http://www.rhbd.ntpc.gov.tw/cht/index.php?", "Lat": 24.9784287332571, "Lng": 121.436643004418, "PassEasyEle": 0.0, "PassEasyParking": 0.0, "PassEasyShower": 0.0, "PassEasyToilet": 0.0, "PassEasyWay": 0.0, "WheelchairAuditorium": 0.0 }, "geometry": { "type": "Point", "coordinates": [ 121.436643004418002, 24.9784287332571 ] } },
{ "type": "Feature", "properties": { "GymType": "球類運動設施/網球場館", "Name": "八里左岸觀海大道旁網球場", "Addr": "緯度: 25.162308732802, 經度: 121.424669623375", "OperationTel": "02-89699596", "WebUrl": "https://www.hrcm.ntpc.gov.tw/", "Lat": 25.162308732802, "Lng": 121.424669623375, "PassEasyEle": 0.0, "PassEasyParking": 0.0, "PassEasyShower": 0.0, "PassEasyToilet": 0.0, "PassEasyWay": 0.0, "WheelchairAuditorium": 0.0 }, "geometry": { "type": "Point", "coordinates": [ 121.424669623374996, 25.162308732802 ] } },
{ "type": "Feature", "properties": { "GymType": "球類運動設施/籃球場館", "Name": "大親水籃球場", "Addr": "二重疏洪道-親水公園內", "OperationTel": "02-89699596", "WebUrl": "https://www.hrcm.ntpc.gov.tw/", "Lat": 25.066785643988201, "Lng": 121.468904614449, "PassEasyEle": 0.0, "PassEasyParking": 0.0, "PassEasyShower": 0.0, "PassEasyToilet": 0.0, "PassEasyWay": 0.0, "WheelchairAuditorium": 0.0 }, "geometry": { "type": "Point", "coordinates": [ 121.468904614449002, 25.066785643988201 ] } },
{ "type": "Feature", "properties": { "GymType": "球類運動設施/籃球場館", "Name": "八里左岸公園籃球場", "Addr": "緯度: 25.1605462200168, 經度: 121.432185173035", "OperationTel": "02-89699596", "WebUrl": "https://www.hrcm.ntpc.gov.tw/", "Lat": 25.160546220016801, "Lng": 121.43218517303499, "PassEasyEle": 0.0, "PassEasyParking": 0.0, "PassEasyShower": 0.0, "PassEasyToilet": 0.0, "PassEasyWay": 0.0, "WheelchairAuditorium": 0.0 }, "geometry": { "type": "Point", "coordinates": [ 121.432185173034995, 25.160546220016801 ] } },
{ "type": "Feature", "properties": { "GymType": "球類運動設施/棒球場", "Name": "大都會棒球場", "Addr": "位於河川地無詳細地址", "OperationTel": "02-89699596", "WebUrl": "https://www.hrcm.ntpc.gov.tw/", "Lat": 25.0644629396973, "Lng": 121.469897031784, "PassEasyEle": 0.0, "PassEasyParking": 0.0, "PassEasyShower": 0.0, "PassEasyToilet": 0.0, "PassEasyWay": 0.0, "WheelchairAuditorium": 0.0 }, "geometry": { "type": "Point", "coordinates": [ 121.469897031784001, 25.0644629396973 ] } },
{ "type": "Feature", "properties": { "GymType": "球類運動設施/籃球場館", "Name": "新北市三重區疏洪十二路旁籃球場(二重環狀自行車道2.0KM處)", "Addr": "新北市三重區疏洪十二路旁籃球場(二重環狀自行車道2.0KM處)", "OperationTel": "02-89699596#521", "WebUrl": "http://www.rhbd.ntpc.gov.tw/cht/index.php?", "Lat": 25.064375472984899, "Lng": 121.471334695816, "PassEasyEle": 0.0, "PassEasyParking": 0.0, "PassEasyShower": 0.0, "PassEasyToilet": 0.0, "PassEasyWay": 0.0, "WheelchairAuditorium": 0.0 }, "geometry": { "type": "Point", "coordinates": [ 121.471334695815997, 25.064375472984899 ] } },
{ "type": "Feature", "properties": { "GymType": "球類運動設施/籃球場館", "Name": "荷花公園籃球場", "Addr": "新北市 三重區 荷花公園旁", "OperationTel": "02-89699596", "WebUrl": "https://www.hrcm.ntpc.gov.tw/", "Lat": 25.063481365232398, "Lng": 121.474741101265, "PassEasyEle": 0.0, "PassEasyParking": 0.0, "PassEasyShower": 0.0, "PassEasyToilet": 0.0, "PassEasyWay": 0.0, "WheelchairAuditorium": 0.0 }, "geometry": { "type": "Point", "coordinates": [ 121.474741101264996, 25.063481365232398 ] } },
{ "type": "Feature", "properties": { "GymType": "球類運動設施/棒球場", "Name": "新北市三重區中山棒球場", "Addr": "新北市三重區台一線橋北面棒球場(二重環狀自行車道1.7KM處)", "OperationTel": "02-89699596#521", "WebUrl": "http://www.rhbd.ntpc.gov.tw/cht/index.php?", "Lat": 25.0627816241789, "Lng": 121.47327661514301, "PassEasyEle": 0.0, "PassEasyParking": 0.0, "PassEasyShower": 0.0, "PassEasyToilet": 0.0, "PassEasyWay": 0.0, "WheelchairAuditorium": 0.0 }, "geometry": { "type": "Point", "coordinates": [ 121.473276615143007, 25.0627816241789 ] } },
{ "type": "Feature", "properties": { "GymType": "球類運動設施/壘球場", "Name": "萬善同壘球場", "Addr": "疏洪五路一段", "OperationTel": "02-89699596", "WebUrl": "https://www.hrcm.ntpc.gov.tw/", "Lat": 25.062043004286799, "Lng": 121.47608757019, "PassEasyEle": 0.0, "PassEasyParking": 0.0, "PassEasyShower": 0.0, "PassEasyToilet": 0.0, "PassEasyWay": 0.0, "WheelchairAuditorium": 0.0 }, "geometry": { "type": "Point", "coordinates": [ 121.476087570190003, 25.062043004286799 ] } },
{ "type": "Feature", "properties": { "GymType": "球類運動設施/籃球場館", "Name": "大漢溪左岸鶯歌籃球場", "Addr": "位於河川地無詳細地址", "OperationTel": "02-89699596#508", "WebUrl": "http://www.rhbd.ntpc.gov.tw/cht/index.php?", "Lat": 24.936101664306399, "Lng": 121.346343755722, "PassEasyEle": 0.0, "PassEasyParking": 0.0, "PassEasyShower": 0.0, "PassEasyToilet": 0.0, "PassEasyWay": 0.0, "WheelchairAuditorium": 0.0 }, "geometry": { "type": "Point", "coordinates": [ 121.346343755722003, 24.936101664306399 ] } },
{ "type": "Feature", "properties": { "GymType": "球類運動設施/槌球場", "Name": "新北市鶯歌區國道三號北面槌球場(大漢溪左岸自行車道21.2KM處)", "Addr": "新北市鶯歌區國道三號北面槌球場(大漢溪左岸自行車道21.2KM處)", "OperationTel": "02-89699596#508", "WebUrl": "http://www.rhbd.ntpc.gov.tw/cht/index.php?", "Lat": 24.9363448810245, "Lng": 121.346461772919, "PassEasyEle": 0.0, "PassEasyParking": 0.0, "PassEasyShower": 0.0, "PassEasyToilet": 0.0, "PassEasyWay": 0.0, "WheelchairAuditorium": 0.0 }, "geometry": { "type": "Point", "coordinates": [ 121.346461772919, 24.9363448810245 ] } },
{ "type": "Feature", "properties": { "GymType": "球類運動設施/棒球場", "Name": "新北市樹林區樹林河濱公園", "Addr": "新北市樹林區館前路邊", "OperationTel": "02-89699596#521", "WebUrl": "http://www.rhbd.ntpc.gov.tw/cht/index.php?", "Lat": 24.967287858613101, "Lng": 121.38726353645301, "PassEasyEle": 0.0, "PassEasyParking": 0.0, "PassEasyShower": 0.0, "PassEasyToilet": 0.0, "PassEasyWay": 0.0, "WheelchairAuditorium": 0.0 }, "geometry": { "type": "Point", "coordinates": [ 121.387263536453005, 24.967287858613101 ] } },
{ "type": "Feature", "properties": { "GymType": "球類運動設施/籃球場館", "Name": "新北市樹林區樹林河濱公園籃球場(大漢溪左岸自行車道15.5KM處)", "Addr": "新北市樹林區樹林河濱公園籃球場(大漢溪左岸自行車道15.5KM處)", "OperationTel": "02-89699596#521", "WebUrl": "http://www.rhbd.ntpc.gov.tw/cht/index.php?", "Lat": 24.967589370902999, "Lng": 121.387553215027, "PassEasyEle": 0.0, "PassEasyParking": 0.0, "PassEasyShower": 0.0, "PassEasyToilet": 0.0, "PassEasyWay": 0.0, "WheelchairAuditorium": 0.0 }, "geometry": { "type": "Point", "coordinates": [ 121.387553215026998, 24.967589370902999 ] } },
{ "type": "Feature", "properties": { "GymType": "球類運動設施/壘球場", "Name": "原住民主題部落公園壘球場", "Addr": "位於河川地無詳細地址", "OperationTel": "02-89699596#521", "WebUrl": "http://www.rhbd.ntpc.gov.tw/cht/index.php?", "Lat": 24.969661032142898, "Lng": 121.41021251678499, "PassEasyEle": 0.0, "PassEasyParking": 0.0, "PassEasyShower": 0.0, "PassEasyToilet": 0.0, "PassEasyWay": 0.0, "WheelchairAuditorium": 0.0 }, "geometry": { "type": "Point", "coordinates": [ 121.410212516784995, 24.969661032142898 ] } },
{ "type": "Feature", "properties": { "GymType": "球類運動設施/籃球場館", "Name": "新北市樹林區柑園二橋北面籃球場(大漢溪左岸自行車道12.7KM處)", "Addr": "新北市樹林區柑園二橋北面籃球場(大漢溪左岸自行車道12.7KM處)", "OperationTel": "02-89699596#521", "WebUrl": "http://www.rhbd.ntpc.gov.tw/cht/index.php?", "Lat": 24.970254318373598, "Lng": 121.413506269455, "PassEasyEle": 0.0, "PassEasyParking": 0.0, "PassEasyShower": 0.0, "PassEasyToilet": 0.0, "PassEasyWay": 0.0, "WheelchairAuditorium": 0.0 }, "geometry": { "type": "Point", "coordinates": [ 121.413506269454999, 24.970254318373598 ] } },
{ "type": "Feature", "properties": { "GymType": "球類運動設施/壘球場", "Name": "鹿角溪人工溼地旁壘球場", "Addr": "大漢溪左岸自行車道12.2KM處", "OperationTel": "02-89699596#521", "WebUrl": "http://www.rhbd.ntpc.gov.tw/cht/index.php?", "Lat": 24.971265816170298, "Lng": 121.41750812530501, "PassEasyEle": 0.0, "PassEasyParking": 5.0, "PassEasyShower": 0.0, "PassEasyToilet": 0.0, "PassEasyWay": 0.0, "WheelchairAuditorium": 0.0 }, "geometry": { "type": "Point", "coordinates": [ 121.417508125305005, 24.971265816170298 ] } },
{ "type": "Feature", "properties": { "GymType": "球類運動設施/棒球場", "Name": "新北市新莊區17號越堤道圓環南面棒球場(大漢溪左岸自行車道6.5KM處)", "Addr": "新北市新莊區17號越堤道圓環南面棒球場(大漢溪左岸自行車道6.5KM處)", "OperationTel": "02-89699596#521", "WebUrl": "http://www.rhbd.ntpc.gov.tw/cht/index.php?", "Lat": 25.0143111939466, "Lng": 121.438370347023, "PassEasyEle": 0.0, "PassEasyParking": 0.0, "PassEasyShower": 0.0, "PassEasyToilet": 0.0, "PassEasyWay": 0.0, "WheelchairAuditorium": 0.0 }, "geometry": { "type": "Point", "coordinates": [ 121.438370347022996, 25.0143111939466 ] } },
{ "type": "Feature", "properties": { "GymType": "競速運動設施/滑輪場/溜冰場", "Name": "新北市新莊區西盛環保河濱公園溜冰場(大漢溪左岸自行車道5.6KM處)", "Addr": "新北市新莊區西盛環保河濱公園溜冰場(大漢溪左岸自行車道5.6KM處)", "OperationTel": "02-89699596#521", "WebUrl": "http://www.rhbd.ntpc.gov.tw/cht/index.php?", "Lat": 25.0223745233038, "Lng": 121.442211270332, "PassEasyEle": 0.0, "PassEasyParking": 0.0, "PassEasyShower": 0.0, "PassEasyToilet": 0.0, "PassEasyWay": 0.0, "WheelchairAuditorium": 0.0 }, "geometry": { "type": "Point", "coordinates": [ 121.442211270331995, 25.0223745233038 ] } },
{ "type": "Feature", "properties": { "GymType": "競速運動設施/滑輪場/溜冰場", "Name": "新北市新莊區西盛環保河濱公園溜冰場(大漢溪左岸自行車道5.55KM處)", "Addr": "新北市新莊區西盛環保河濱公園溜冰場(大漢溪左岸自行車道5.55KM處)", "OperationTel": "02-89699596#521", "WebUrl": "http://www.rhbd.ntpc.gov.tw/cht/index.php?", "Lat": 25.022418271649201, "Lng": 121.442227363586, "PassEasyEle": 0.0, "PassEasyParking": 0.0, "PassEasyShower": 0.0, "PassEasyToilet": 0.0, "PassEasyWay": 0.0, "WheelchairAuditorium": 0.0 }, "geometry": { "type": "Point", "coordinates": [ 121.442227363585999, 25.022418271649201 ] } },
{ "type": "Feature", "properties": { "GymType": "球類運動設施/籃球場館", "Name": "新北市新莊區西盛環保河濱公園籃球場(大漢溪左岸自行車道5.1KM處)", "Addr": "新北市新莊區西盛環保河濱公園籃球場(大漢溪左岸自行車道5.1KM處)", "OperationTel": "02-89699596#521", "WebUrl": "http://www.rhbd.ntpc.gov.tw/cht/index.php?", "Lat": 25.025747961073201, "Lng": 121.44517242908501, "PassEasyEle": 0.0, "PassEasyParking": 0.0, "PassEasyShower": 0.0, "PassEasyToilet": 0.0, "PassEasyWay": 0.0, "WheelchairAuditorium": 0.0 }, "geometry": { "type": "Point", "coordinates": [ 121.445172429085005, 25.025747961073201 ] } },
{ "type": "Feature", "properties": { "GymType": "球類運動設施/槌球場", "Name": "新北市新莊區西盛環保河濱公園槌球場(大漢溪左岸自行車道5.0KM處)", "Addr": "新北市新莊區西盛環保河濱公園槌球場(大漢溪左岸自行車道5.0KM處)", "OperationTel": "02-89699596#521", "WebUrl": "http://www.rhbd.ntpc.gov.tw/cht/index.php?", "Lat": 25.025835455343699, "Lng": 121.445623040199, "PassEasyEle": 0.0, "PassEasyParking": 0.0, "PassEasyShower": 0.0, "PassEasyToilet": 0.0, "PassEasyWay": 0.0, "WheelchairAuditorium": 0.0 }, "geometry": { "type": "Point", "coordinates": [ 121.445623040198996, 25.025835455343699 ] } },
{ "type": "Feature", "properties": { "GymType": "球類運動設施/籃球場館", "Name": "新北市新莊區西盛環保河濱公園籃球場(大漢溪左岸自行車道4.9KM處)", "Addr": "新北市新莊區西盛環保河濱公園籃球場(大漢溪左岸自行車道4.9KM處)", "OperationTel": "02-89699596#521", "WebUrl": "http://www.rhbd.ntpc.gov.tw/cht/index.php?", "Lat": 25.0262340395644, "Lng": 121.44598245620701, "PassEasyEle": 0.0, "PassEasyParking": 0.0, "PassEasyShower": 0.0, "PassEasyToilet": 0.0, "PassEasyWay": 0.0, "WheelchairAuditorium": 0.0 }, "geometry": { "type": "Point", "coordinates": [ 121.445982456207005, 25.0262340395644 ] } },
{ "type": "Feature", "properties": { "GymType": "球類運動設施/籃球場館", "Name": "新北市三重區新北環快南面籃球場(大漢溪左岸自行車道1.4KM處)", "Addr": "新北市三重區新北環快南面籃球場(大漢溪左岸自行車道1.4KM處)", "OperationTel": "02-89699596#521", "WebUrl": "http://www.rhbd.ntpc.gov.tw/cht/index.php?", "Lat": 25.0433913766235, "Lng": 121.474338769913, "PassEasyEle": 0.0, "PassEasyParking": 5.0, "PassEasyShower": 0.0, "PassEasyToilet": 0.0, "PassEasyWay": 0.0, "WheelchairAuditorium": 0.0 }, "geometry": { "type": "Point", "coordinates": [ 121.474338769913004, 25.0433913766235 ] } },
{ "type": "Feature", "properties": { "GymType": "競速運動設施/滑輪場/溜冰場", "Name": "新北市三重區新北環快南面溜冰場(大漢溪左岸自行車道1.3KM處)", "Addr": "新北市三重區新北環快南面溜冰場(大漢溪左岸自行車道1.3KM處)", "OperationTel": "02-89699596#521", "WebUrl": "http://www.rhbd.ntpc.gov.tw/cht/index.php?", "Lat": 25.0435080188604, "Lng": 121.474703550339, "PassEasyEle": 0.0, "PassEasyParking": 0.0, "PassEasyShower": 0.0, "PassEasyToilet": 0.0, "PassEasyWay": 0.0, "WheelchairAuditorium": 0.0 }, "geometry": { "type": "Point", "coordinates": [ 121.474703550339001, 25.0435080188604 ] } },
{ "type": "Feature", "properties": { "GymType": "球類運動設施/棒球場", "Name": "重新棒球場", "Addr": "位於河川地無詳細地址", "OperationTel": "02-89699596", "WebUrl": "https://www.hrcm.ntpc.gov.tw/", "Lat": 25.049436262922999, "Lng": 121.481999480711, "PassEasyEle": 0.0, "PassEasyParking": 0.0, "PassEasyShower": 0.0, "PassEasyToilet": 0.0, "PassEasyWay": 0.0, "WheelchairAuditorium": 0.0 }, "geometry": { "type": "Point", "coordinates": [ 121.481999480710996, 25.049436262922999 ] } },
{ "type": "Feature", "properties": { "GymType": "球類運動設施/壘球場", "Name": "媽祖田棒壘球場", "Addr": "新北市土城區土城環保公園(大漢溪右岸自行車道12KM)", "OperationTel": "02-89699596#521", "WebUrl": "http://www.rhbd.ntpc.gov.tw/cht/index.php?", "Lat": 24.964194883433301, "Lng": 121.412068605423, "PassEasyEle": 0.0, "PassEasyParking": 0.0, "PassEasyShower": 0.0, "PassEasyToilet": 0.0, "PassEasyWay": 0.0, "WheelchairAuditorium": 0.0 }, "geometry": { "type": "Point", "coordinates": [ 121.412068605423002, 24.964194883433301 ] } },
{ "type": "Feature", "properties": { "GymType": "競速運動設施/滑輪場/溜冰場", "Name": "媽祖田運動公園溜冰場", "Addr": "新北市土城區土城媽祖田運動公園溜冰場(大漢溪右岸自行車道11.6KM)", "OperationTel": "02-89699596#521", "WebUrl": "http://www.rhbd.ntpc.gov.tw/cht/index.php?", "Lat": 24.965712201725701, "Lng": 121.417883634567, "PassEasyEle": 0.0, "PassEasyParking": 0.0, "PassEasyShower": 0.0, "PassEasyToilet": 0.0, "PassEasyWay": 0.0, "WheelchairAuditorium": 0.0 }, "geometry": { "type": "Point", "coordinates": [ 121.417883634567005, 24.965712201725701 ] } },
{ "type": "Feature", "properties": { "GymType": "球類運動設施/足球場館", "Name": "新北市土城區土城媽祖田運動公園足球場(大漢溪右岸自行車道11.2KM)", "Addr": "新北市土城區土城媽祖田運動公園足球場(大漢溪右岸自行車道11.2KM)", "OperationTel": "02-89699596#501", "WebUrl": "http://www.rhbd.ntpc.gov.tw/cht/index.php?", "Lat": 24.966966893105599, "Lng": 121.421456336975, "PassEasyEle": 0.0, "PassEasyParking": 0.0, "PassEasyShower": 0.0, "PassEasyToilet": 0.0, "PassEasyWay": 0.0, "WheelchairAuditorium": 0.0 }, "geometry": { "type": "Point", "coordinates": [ 121.421456336974998, 24.966966893105599 ] } },
{ "type": "Feature", "properties": { "GymType": "球類運動設施/籃球場館", "Name": "媽祖田運動公園籃球場", "Addr": "位於河川地無詳細地址", "OperationTel": "02-89699596#521", "WebUrl": "http://www.rhbd.ntpc.gov.tw/cht/index.php?", "Lat": 24.966655653026201, "Lng": 121.420657038689, "PassEasyEle": 0.0, "PassEasyParking": 0.0, "PassEasyShower": 0.0, "PassEasyToilet": 0.0, "PassEasyWay": 0.0, "WheelchairAuditorium": 0.0 }, "geometry": { "type": "Point", "coordinates": [ 121.420657038689001, 24.966655653026201 ] } },
{ "type": "Feature", "properties": { "GymType": "球類運動設施/籃球場館", "Name": "新北市土城區土城媽祖田運動公園南面籃球場(大漢溪右岸自行車道11.5KM)", "Addr": "新北市土城區土城媽祖田運動公園南面籃球場(大漢溪右岸自行車道11.5KM)", "OperationTel": "02-89699596#521", "WebUrl": "http://www.rhbd.ntpc.gov.tw/cht/index.php?", "Lat": 24.966149886218101, "Lng": 121.41907453537, "PassEasyEle": 0.0, "PassEasyParking": 0.0, "PassEasyShower": 0.0, "PassEasyToilet": 0.0, "PassEasyWay": 0.0, "WheelchairAuditorium": 0.0 }, "geometry": { "type": "Point", "coordinates": [ 121.419074535370001, 24.966149886218101 ] } },
{ "type": "Feature", "properties": { "GymType": "球類運動設施/網球場館", "Name": "媽祖田運動公園網球", "Addr": "位於河川地無詳細地址", "OperationTel": "02-89699596#501", "WebUrl": "http://www.rhbd.ntpc.gov.tw/cht/index.php?", "Lat": 24.966500032691201, "Lng": 121.42013669014, "PassEasyEle": 0.0, "PassEasyParking": 0.0, "PassEasyShower": 0.0, "PassEasyToilet": 0.0, "PassEasyWay": 0.0, "WheelchairAuditorium": 0.0 }, "geometry": { "type": "Point", "coordinates": [ 121.420136690139998, 24.966500032691201 ] } },
{ "type": "Feature", "properties": { "GymType": "球類運動設施/排球場館", "Name": "聖約翰科技大學自強排球場", "Addr": "新北市淡水區淡金路四段499號", "OperationTel": "02-28013131#6217", "WebUrl": "http://www.sju.edu.tw/", "Lat": 25.226300296359401, "Lng": 121.450622677803, "PassEasyEle": 0.0, "PassEasyParking": 0.0, "PassEasyShower": 0.0, "PassEasyToilet": 0.0, "PassEasyWay": 0.0, "WheelchairAuditorium": 0.0 }, "geometry": { "type": "Point", "coordinates": [ 121.450622677802997, 25.226300296359401 ] } },
{ "type": "Feature", "properties": { "GymType": "球類運動設施/排球場館", "Name": "聖約翰科技大學自強排球場", "Addr": "新北市淡水區淡金路四段499號", "OperationTel": "02-28013131#6217", "WebUrl": "http://www.sju.edu.tw/", "Lat": 25.226300296359401, "Lng": 121.450622677803, "PassEasyEle": 0.0, "PassEasyParking": 0.0, "PassEasyShower": 0.0, "PassEasyToilet": 0.0, "PassEasyWay": 0.0, "WheelchairAuditorium": 0.0 }, "geometry": { "type": "Point", "coordinates": [ 121.450622677802997, 25.226300296359401 ] } },
{ "type": "Feature", "properties": { "GymType": "水上/冰上運動設施/游泳池", "Name": "八里區東海運休中心", "Addr": "新北市八里區忠孝路81號", "OperationTel": "02-26102621", "WebUrl": "https://www.bali.ntpc.gov.tw/news/index.php?mode=data&id=694&parent_id=10003&type_id=10083", "Lat": 25.160521296336999, "Lng": 121.425252542203, "PassEasyEle": 0.0, "PassEasyParking": 0.0, "PassEasyShower": 0.0, "PassEasyToilet": 0.0, "PassEasyWay": 0.0, "WheelchairAuditorium": 0.0 }, "geometry": { "type": "Point", "coordinates": [ 121.425252542202998, 25.160521296336999 ] } },
{ "type": "Feature", "properties": { "GymType": "球類運動設施/網球場館", "Name": "聖約翰科技大學網球場", "Addr": "新北市淡水區淡金路四段499號", "OperationTel": "02-28013131#6217", "WebUrl": "http://www.sju.edu.tw/", "Lat": 25.226727343910301, "Lng": 121.450880169868, "PassEasyEle": 0.0, "PassEasyParking": 0.0, "PassEasyShower": 0.0, "PassEasyToilet": 0.0, "PassEasyWay": 0.0, "WheelchairAuditorium": 0.0 }, "geometry": { "type": "Point", "coordinates": [ 121.450880169868, 25.226727343910301 ] } },
{ "type": "Feature", "properties": { "GymType": "球類運動設施/網球場館", "Name": "聖約翰科技大學網球場", "Addr": "新北市淡水區淡金路四段499號", "OperationTel": "02-28013131#6217", "WebUrl": "http://www.sju.edu.tw/", "Lat": 25.2274212929822, "Lng": 121.451534628868, "PassEasyEle": 0.0, "PassEasyParking": 0.0, "PassEasyShower": 0.0, "PassEasyToilet": 0.0, "PassEasyWay": 0.0, "WheelchairAuditorium": 0.0 }, "geometry": { "type": "Point", "coordinates": [ 121.451534628868004, 25.2274212929822 ] } },
{ "type": "Feature", "properties": { "GymType": "陸上/射擊運動設施/田徑場", "Name": "聖約翰科技大學自強運動場", "Addr": "新北市淡水區淡金路四段499號", "OperationTel": "02-28013131#6237", "WebUrl": "http://www.sju.edu.tw/", "Lat": 25.227217476183025, "Lng": 121.45135760307312, "PassEasyEle": 0.0, "PassEasyParking": 0.0, "PassEasyShower": 0.0, "PassEasyToilet": 0.0, "PassEasyWay": 0.0, "WheelchairAuditorium": 0.0 }, "geometry": { "type": "Point", "coordinates": [ 121.45135760307312, 25.227217476183025 ] } },
{ "type": "Feature", "properties": { "GymType": "阻力運動設施/多功能健身房/體適能中心（此空間中具有兩種以上之阻力運動器材設備）", "Name": "聖約翰科技大學百齡堂體適能中心", "Addr": "新北市淡水區淡金路四段499號", "OperationTel": "02-28013131#6217", "WebUrl": "http://www.sju.edu.tw", "Lat": 25.227421292982228, "Lng": 121.45149707794189, "PassEasyEle": 0.0, "PassEasyParking": 0.0, "PassEasyShower": 0.0, "PassEasyToilet": 0.0, "PassEasyWay": 0.0, "WheelchairAuditorium": 0.0 }, "geometry": { "type": "Point", "coordinates": [ 121.451497077941895, 25.227421292982228 ] } },
{ "type": "Feature", "properties": { "GymType": "球類運動設施/籃球場館", "Name": "聖約翰科技大學降臨籃球場", "Addr": "新北市淡水區淡金路四段499號", "OperationTel": "02-28013131#6341", "WebUrl": "http://www.sju.edu.tw/", "Lat": 25.226115888998802, "Lng": 121.451346874237, "PassEasyEle": 0.0, "PassEasyParking": 0.0, "PassEasyShower": 0.0, "PassEasyToilet": 0.0, "PassEasyWay": 0.0, "WheelchairAuditorium": 0.0 }, "geometry": { "type": "Point", "coordinates": [ 121.451346874237004, 25.226115888998802 ] } },
{ "type": "Feature", "properties": { "GymType": "球類運動設施/籃球場館", "Name": "聖約翰科技大學學生活動中心", "Addr": "新北市淡水區淡金路四段499號", "OperationTel": "02-28013131#6237", "WebUrl": "http://www.sju.edu.tw/", "Lat": 25.225921775685698, "Lng": 121.449136734009, "PassEasyEle": 0.0, "PassEasyParking": 0.0, "PassEasyShower": 0.0, "PassEasyToilet": 0.0, "PassEasyWay": 0.0, "WheelchairAuditorium": 0.0 }, "geometry": { "type": "Point", "coordinates": [ 121.449136734009002, 25.225921775685698 ] } },
{ "type": "Feature", "properties": { "GymType": "水上/冰上運動設施/游泳池", "Name": "聖約翰科技大學游泳池", "Addr": "新北市淡水區淡金路四段499號", "OperationTel": "02-28013131#6217", "WebUrl": "http://www.sju.edu.tw/", "Lat": 25.2274212929822, "Lng": 121.451518535614, "PassEasyEle": 0.0, "PassEasyParking": 0.0, "PassEasyShower": 0.0, "PassEasyToilet": 0.0, "PassEasyWay": 0.0, "WheelchairAuditorium": 0.0 }, "geometry": { "type": "Point", "coordinates": [ 121.451518535613999, 25.2274212929822 ] } },
{ "type": "Feature", "properties": { "GymType": "球類運動設施/羽球場館", "Name": "聖約翰科技大學學生活動中心", "Addr": "新北市淡水區淡金路四段499號", "OperationTel": "02-28013131#6217", "WebUrl": "http://www.sju.edu.tw/", "Lat": 25.2274212929822, "Lng": 121.451534628868, "PassEasyEle": 0.0, "PassEasyParking": 0.0, "PassEasyShower": 0.0, "PassEasyToilet": 0.0, "PassEasyWay": 0.0, "WheelchairAuditorium": 0.0 }, "geometry": { "type": "Point", "coordinates": [ 121.451534628868004, 25.2274212929822 ] } },
{ "type": "Feature", "properties": { "GymType": "水上/冰上運動設施/游泳池", "Name": "新北市新店區建國游泳池", "Addr": "新北市新店區建國路58號", "OperationTel": "02-89115816", "WebUrl": null, "Lat": 24.975440588070601, "Lng": 121.54077708721201, "PassEasyEle": 0.0, "PassEasyParking": 1.0, "PassEasyShower": 1.0, "PassEasyToilet": 1.0, "PassEasyWay": 0.0, "WheelchairAuditorium": 0.0 }, "geometry": { "type": "Point", "coordinates": [ 121.540777087212007, 24.975440588070601 ] } },
{ "type": "Feature", "properties": { "GymType": "球類運動設施/籃球場館", "Name": "文中8籃球場", "Addr": "新北市淡水區中山北路一段212巷旁", "OperationTel": "02-26221020#7511", "WebUrl": "https://www.tamsui.ntpc.gov.tw/", "Lat": 25.1801305304861, "Lng": 121.44494175910999, "PassEasyEle": 0.0, "PassEasyParking": 0.0, "PassEasyShower": 0.0, "PassEasyToilet": 0.0, "PassEasyWay": 1.0, "WheelchairAuditorium": 0.0 }, "geometry": { "type": "Point", "coordinates": [ 121.444941759109994, 25.1801305304861 ] } },
{ "type": "Feature", "properties": { "GymType": "球類運動設施/籃球場館", "Name": "文中4公園", "Addr": "新北市淡水區沙崙路181巷旁", "OperationTel": "02-26221020#7511", "WebUrl": "https://www.tamsui.ntpc.gov.tw/", "Lat": 25.185225468413901, "Lng": 121.423003428876, "PassEasyEle": 0.0, "PassEasyParking": 0.0, "PassEasyShower": 0.0, "PassEasyToilet": 0.0, "PassEasyWay": 1.0, "WheelchairAuditorium": 0.0 }, "geometry": { "type": "Point", "coordinates": [ 121.423003428876001, 25.185225468413901 ] } },
{ "type": "Feature", "properties": { "GymType": "球類運動設施/羽球場館", "Name": "蘆洲國民運動中心", "Addr": "新北巿蘆洲區長樂路235-1號", "OperationTel": "02-22810338", "WebUrl": "https://lzcsc.cyc.org.tw", "Lat": 25.0911179393282, "Lng": 121.46239757537801, "PassEasyEle": 2.0, "PassEasyParking": 4.0, "PassEasyShower": 6.0, "PassEasyToilet": 6.0, "PassEasyWay": 1.0, "WheelchairAuditorium": 0.0 }, "geometry": { "type": "Point", "coordinates": [ 121.462397575378006, 25.0911179393282 ] } },
{ "type": "Feature", "properties": { "GymType": "技擊運動設施/武術場", "Name": "三重國民運動中心", "Addr": "新北市三重區集美街55號", "OperationTel": "02-89720079", "WebUrl": "http://www.scsports.com.tw/", "Lat": 25.054488902481101, "Lng": 121.488358676434, "PassEasyEle": 3.0, "PassEasyParking": 2.0, "PassEasyShower": 0.0, "PassEasyToilet": 7.0, "PassEasyWay": 2.0, "WheelchairAuditorium": 0.0 }, "geometry": { "type": "Point", "coordinates": [ 121.488358676434004, 25.054488902481101 ] } },
{ "type": "Feature", "properties": { "GymType": "水上/冰上運動設施/游泳池", "Name": "中和國民運動中心", "Addr": "新北市中和區錦和路350-1、2號", "OperationTel": "02-22429222", "WebUrl": "http://www.changjia.com.tw/", "Lat": 24.9933885950316, "Lng": 121.48914337154601, "PassEasyEle": 0.0, "PassEasyParking": 9.0, "PassEasyShower": 7.0, "PassEasyToilet": 7.0, "PassEasyWay": 2.0, "WheelchairAuditorium": 0.0 }, "geometry": { "type": "Point", "coordinates": [ 121.489143371546007, 24.9933885950316 ] } },
{ "type": "Feature", "properties": { "GymType": "水上/冰上運動設施/游泳池", "Name": "土城國民運動中心", "Addr": "新北市土城區金城路二段247-1號", "OperationTel": "02-22615999", "WebUrl": "https://tccsc.cyc.org.tw/", "Lat": 24.985425912047099, "Lng": 121.457215547562, "PassEasyEle": 2.0, "PassEasyParking": 2.0, "PassEasyShower": 4.0, "PassEasyToilet": 5.0, "PassEasyWay": 0.0, "WheelchairAuditorium": 0.0 }, "geometry": { "type": "Point", "coordinates": [ 121.457215547562001, 24.985425912047099 ] } },
{ "type": "Feature", "properties": { "GymType": "水上/冰上運動設施/游泳池", "Name": "淡水國民運動中心", "Addr": "新北市淡水區中山北路二段381巷2號", "OperationTel": "02-26261891", "WebUrl": "http://tssc.tw", "Lat": 25.187405691888902, "Lng": 121.44316494493999, "PassEasyEle": 2.0, "PassEasyParking": 2.0, "PassEasyShower": 5.0, "PassEasyToilet": 5.0, "PassEasyWay": 0.0, "WheelchairAuditorium": 0.0 }, "geometry": { "type": "Point", "coordinates": [ 121.443164944939994, 25.187405691888902 ] } },
{ "type": "Feature", "properties": { "GymType": "水上/冰上運動設施/游泳池", "Name": "新北市八里垃圾焚化廠溫水游泳池", "Addr": "24941新北市八里區下罟里中山路三段413號", "OperationTel": "02-26195111#205", "WebUrl": "https://baliplant.epd.ntpc.net.tw/tw/", "Lat": 25.135630402491099, "Lng": 121.368691921234, "PassEasyEle": 1.0, "PassEasyParking": 0.0, "PassEasyShower": 1.0, "PassEasyToilet": 3.0, "PassEasyWay": 0.0, "WheelchairAuditorium": 0.0 }, "geometry": { "type": "Point", "coordinates": [ 121.368691921234003, 25.135630402491099 ] } },
{ "type": "Feature", "properties": { "GymType": "球類運動設施/網球場館", "Name": "新北市板橋區民生公園活動中心", "Addr": "新北市板橋區民生路1段30號", "OperationTel": "02-29686911#279", "WebUrl": "http://www.banqiao.ntpc.gov.tw/content/?parent_id=10057", "Lat": 25.013537037856, "Lng": 121.47649526596101, "PassEasyEle": 0.0, "PassEasyParking": 0.0, "PassEasyShower": 0.0, "PassEasyToilet": 3.0, "PassEasyWay": 1.0, "WheelchairAuditorium": 0.0 }, "geometry": { "type": "Point", "coordinates": [ 121.476495265961006, 25.013537037856 ] } },
{ "type": "Feature", "properties": { "GymType": "球類運動設施/籃球場館", "Name": "新北市中和區華中橋左側籃球場(新店溪左岸自行車道3.2KM)", "Addr": "光復橫移門進入後騎自行車沿自行車道前行約2.5公里", "OperationTel": "02-89699596#521", "WebUrl": "http://www.rhbd.ntpc.gov.tw/cht/index.php?", "Lat": 25.009220147065001, "Lng": 121.491027474403, "PassEasyEle": 0.0, "PassEasyParking": 0.0, "PassEasyShower": 0.0, "PassEasyToilet": 0.0, "PassEasyWay": 0.0, "WheelchairAuditorium": 0.0 }, "geometry": { "type": "Point", "coordinates": [ 121.491027474402998, 25.009220147065001 ] } },
{ "type": "Feature", "properties": { "GymType": "球類運動設施/籃球場館", "Name": "新北市中和區華中橋左側籃球場(新店溪左岸自行車道3.5KM)", "Addr": "光復橫移門進入後騎自行車沿自行車道前行約2.8公里", "OperationTel": "02-89699596#521", "WebUrl": "http://www.rhbd.ntpc.gov.tw/cht/index.php?", "Lat": 25.008053393776599, "Lng": 121.493940353394, "PassEasyEle": 0.0, "PassEasyParking": 0.0, "PassEasyShower": 0.0, "PassEasyToilet": 0.0, "PassEasyWay": 0.0, "WheelchairAuditorium": 0.0 }, "geometry": { "type": "Point", "coordinates": [ 121.493940353393995, 25.008053393776599 ] } },
{ "type": "Feature", "properties": { "GymType": "球類運動設施/籃球場館", "Name": "新北市中和區華中橋右側籃球場(新店溪左岸自行車道4.1KM)", "Addr": " 新北市永和區 永和橫移門進入後左轉騎自行車前行約200公尺", "OperationTel": "02-89699596#521", "WebUrl": "http://www.rhbd.ntpc.gov.tw/cht/index.php?", "Lat": 25.009365990446799, "Lng": 121.49921894073501, "PassEasyEle": 0.0, "PassEasyParking": 0.0, "PassEasyShower": 0.0, "PassEasyToilet": 0.0, "PassEasyWay": 0.0, "WheelchairAuditorium": 0.0 }, "geometry": { "type": "Point", "coordinates": [ 121.499218940735005, 25.009365990446799 ] } },
{ "type": "Feature", "properties": { "GymType": "球類運動設施/排球場館", "Name": "新北市永和區綠寶石公園排球場(新店溪左岸自行車道5.5KM)", "Addr": "新北市永和區綠寶石公園排球場(新店溪左岸自行車道5.5KM)", "OperationTel": "02-89699596#521", "WebUrl": "http://www.rhbd.ntpc.gov.tw/cht/index.php?", "Lat": 25.017989887816299, "Lng": 121.509025096893, "PassEasyEle": 0.0, "PassEasyParking": 0.0, "PassEasyShower": 0.0, "PassEasyToilet": 0.0, "PassEasyWay": 0.0, "WheelchairAuditorium": 0.0 }, "geometry": { "type": "Point", "coordinates": [ 121.509025096892998, 25.017989887816299 ] } },
{ "type": "Feature", "properties": { "GymType": "球類運動設施/網球場館", "Name": "新北市永和區綠寶石公園網球場(新店溪左岸自行車道5.5KM)", "Addr": " 新北市永和區綠寶石公園網球場(新店溪左岸自行車道5.5KM)", "OperationTel": "02-89699596#501", "WebUrl": "http://www.rhbd.ntpc.gov.tw/cht/index.php?", "Lat": 25.018155165164899, "Lng": 121.509411334991, "PassEasyEle": 0.0, "PassEasyParking": 0.0, "PassEasyShower": 0.0, "PassEasyToilet": 0.0, "PassEasyWay": 0.0, "WheelchairAuditorium": 0.0 }, "geometry": { "type": "Point", "coordinates": [ 121.509411334991, 25.018155165164899 ] } },
{ "type": "Feature", "properties": { "GymType": "球類運動設施/籃球場館", "Name": "新北市永和區綠寶石公園籃球場(新店溪左岸自行車道5.6KM)", "Addr": "新北市永和區綠寶石公園棒球場(新店溪左岸自行車道5.9KM)", "OperationTel": "02-89699596#521", "WebUrl": "http://www.rhbd.ntpc.gov.tw/cht/index.php?", "Lat": 25.018495441358699, "Lng": 121.510055065155, "PassEasyEle": 0.0, "PassEasyParking": 0.0, "PassEasyShower": 0.0, "PassEasyToilet": 0.0, "PassEasyWay": 0.0, "WheelchairAuditorium": 0.0 }, "geometry": { "type": "Point", "coordinates": [ 121.510055065155001, 25.018495441358699 ] } },
{ "type": "Feature", "properties": { "GymType": "球類運動設施/棒球場", "Name": "新北市永和區綠寶石公園棒球場(新店溪左岸自行車道5.9KM)", "Addr": "新北市永和區綠寶石公園棒球場(新店溪左岸自行車道5.9KM)", "OperationTel": "02-89699596#521", "WebUrl": "http://www.rhbd.ntpc.gov.tw/cht/index.php?", "Lat": 25.019409321325298, "Lng": 121.51114940643301, "PassEasyEle": 0.0, "PassEasyParking": 0.0, "PassEasyShower": 0.0, "PassEasyToilet": 0.0, "PassEasyWay": 0.0, "WheelchairAuditorium": 0.0 }, "geometry": { "type": "Point", "coordinates": [ 121.511149406433006, 25.019409321325298 ] } },
{ "type": "Feature", "properties": { "GymType": "球類運動設施/排球場館", "Name": "新北市永和區中正橋左側排球場(新店溪左岸自行車道6.0KM)", "Addr": " 新北市 永和區 新店溪左岸自行車道6.0KM", "OperationTel": "02-89699596#521", "WebUrl": "http://www.rhbd.ntpc.gov.tw/cht/index.php?", "Lat": 25.019448209683599, "Lng": 121.51230812072799, "PassEasyEle": 0.0, "PassEasyParking": 0.0, "PassEasyShower": 0.0, "PassEasyToilet": 0.0, "PassEasyWay": 0.0, "WheelchairAuditorium": 0.0 }, "geometry": { "type": "Point", "coordinates": [ 121.512308120727994, 25.019448209683599 ] } },
{ "type": "Feature", "properties": { "GymType": "球類運動設施/籃球場館", "Name": "新北市永和區秀朗橋北側籃球場(新店溪左岸自行車道9.8KM)", "Addr": "新北市永和區秀朗橋北側籃球場(新店溪左岸自行車道9.8KM)", "OperationTel": "02-89699596#521", "WebUrl": "http://www.rhbd.ntpc.gov.tw/cht/index.php?", "Lat": 24.9968131028287, "Lng": 121.52923822403, "PassEasyEle": 0.0, "PassEasyParking": 8.0, "PassEasyShower": 0.0, "PassEasyToilet": 0.0, "PassEasyWay": 0.0, "WheelchairAuditorium": 0.0 }, "geometry": { "type": "Point", "coordinates": [ 121.529238224029996, 24.9968131028287 ] } },
{ "type": "Feature", "properties": { "GymType": "球類運動設施/壘球場", "Name": "新北市永和區秀朗橋北側壘球場(新店溪左岸自行車道9.8KM)", "Addr": "新北市永和區秀朗橋北側壘球場(新店溪左岸自行車道9.8KM)", "OperationTel": "02-89699596#521", "WebUrl": "http://www.rhbd.ntpc.gov.tw/cht/index.php?", "Lat": 24.993963973005702, "Lng": 121.5296459198, "PassEasyEle": 0.0, "PassEasyParking": 4.0, "PassEasyShower": 0.0, "PassEasyToilet": 0.0, "PassEasyWay": 0.0, "WheelchairAuditorium": 0.0 }, "geometry": { "type": "Point", "coordinates": [ 121.529645919800004, 24.993963973005702 ] } },
{ "type": "Feature", "properties": { "GymType": "球類運動設施/籃球場館", "Name": "新北市永和區秀朗橋北側籃球場(新店溪左岸自行車道10.4KM)", "Addr": "新北市永和區秀朗橋北側籃球場(新店溪左岸自行車道10.4KM)", "OperationTel": "02-89699596#521", "WebUrl": "http://www.rhbd.ntpc.gov.tw/cht/index.php?", "Lat": 24.9919705152566, "Lng": 121.52845501899699, "PassEasyEle": 0.0, "PassEasyParking": 5.0, "PassEasyShower": 0.0, "PassEasyToilet": 0.0, "PassEasyWay": 0.0, "WheelchairAuditorium": 0.0 }, "geometry": { "type": "Point", "coordinates": [ 121.528455018996993, 24.9919705152566 ] } },
{ "type": "Feature", "properties": { "GymType": "競速運動設施/滑輪場/溜冰場", "Name": "新北市新店區陽光運動園區溜冰場(新店溪左岸自行車道12.7KM)", "Addr": "新北市新店區陽光運動園區溜冰場(新店溪左岸自行車道12.7KM)", "OperationTel": "02-89699596#521", "WebUrl": "http://www.rhbd.ntpc.gov.tw/cht/index.php?", "Lat": 24.9771352570259, "Lng": 121.51988804340399, "PassEasyEle": 0.0, "PassEasyParking": 5.0, "PassEasyShower": 0.0, "PassEasyToilet": 0.0, "PassEasyWay": 0.0, "WheelchairAuditorium": 0.0 }, "geometry": { "type": "Point", "coordinates": [ 121.519888043403995, 24.9771352570259 ] } },
{ "type": "Feature", "properties": { "GymType": "球類運動設施/沙灘排球場", "Name": "新北市新店區陽光運動園區", "Addr": "新北市新店區安業街", "OperationTel": "02-89699596#521", "WebUrl": "http://www.rhbd.ntpc.gov.tw/cht/index.php?", "Lat": 24.9760119640002, "Lng": 121.520762443542, "PassEasyEle": 0.0, "PassEasyParking": 0.0, "PassEasyShower": 0.0, "PassEasyToilet": 0.0, "PassEasyWay": 0.0, "WheelchairAuditorium": 0.0 }, "geometry": { "type": "Point", "coordinates": [ 121.520762443541997, 24.9760119640002 ] } },
{ "type": "Feature", "properties": { "GymType": "球類運動設施/棒球場", "Name": "新北市新店區秀朗清溪河濱公園", "Addr": "新北市新店區秀朗清溪河濱公園", "OperationTel": "02-89699596#521", "WebUrl": "http://www.rhbd.ntpc.gov.tw/cht/index.php?", "Lat": 24.983480940524402, "Lng": 121.524131298065, "PassEasyEle": 0.0, "PassEasyParking": 0.0, "PassEasyShower": 0.0, "PassEasyToilet": 0.0, "PassEasyWay": 0.0, "WheelchairAuditorium": 0.0 }, "geometry": { "type": "Point", "coordinates": [ 121.524131298065001, 24.983480940524402 ] } },
{ "type": "Feature", "properties": { "GymType": "競速運動設施/滑輪場/溜冰場", "Name": "新北市新店區小碧潭公園", "Addr": "小碧潭河濱公園", "OperationTel": "02-89699596#521", "WebUrl": "http://www.rhbd.ntpc.gov.tw/cht/index.php?", "Lat": 24.974280808342002, "Lng": 121.52580499649, "PassEasyEle": 0.0, "PassEasyParking": 0.0, "PassEasyShower": 0.0, "PassEasyToilet": 0.0, "PassEasyWay": 0.0, "WheelchairAuditorium": 0.0 }, "geometry": { "type": "Point", "coordinates": [ 121.525804996489995, 24.974280808342002 ] } },
{ "type": "Feature", "properties": { "GymType": "球類運動設施/籃球場館", "Name": "新北市新店區小碧潭公園籃球場(新店溪右岸自行車道2.2KM)", "Addr": "新北市新店區小碧潭公園籃球場(新店溪右岸自行車道2.2KM)", "OperationTel": "02-89699596#521", "WebUrl": "http://www.rhbd.ntpc.gov.tw/cht/index.php?", "Lat": 24.973813975679199, "Lng": 121.52598202228501, "PassEasyEle": 0.0, "PassEasyParking": 0.0, "PassEasyShower": 0.0, "PassEasyToilet": 0.0, "PassEasyWay": 0.0, "WheelchairAuditorium": 0.0 }, "geometry": { "type": "Point", "coordinates": [ 121.525982022285007, 24.973813975679199 ] } },
{ "type": "Feature", "properties": { "GymType": "球類運動設施/網球場館", "Name": "新北市新店區小碧潭公園網球場(新店溪右岸自行車道2.3KM)", "Addr": "新北市新店區小碧潭公園網球場(新店溪右岸自行車道2.3KM)", "OperationTel": "02-89699596#501", "WebUrl": "http://www.rhbd.ntpc.gov.tw/cht/index.php?", "Lat": 24.972744144145299, "Lng": 121.527280211449, "PassEasyEle": 0.0, "PassEasyParking": 0.0, "PassEasyShower": 0.0, "PassEasyToilet": 0.0, "PassEasyWay": 0.0, "WheelchairAuditorium": 0.0 }, "geometry": { "type": "Point", "coordinates": [ 121.527280211448996, 24.972744144145299 ] } },
{ "type": "Feature", "properties": { "GymType": "球類運動設施/籃球場館", "Name": "新北市新店區小碧潭捷運站旁籃球場(新店溪右岸自行車道2.4KM)", "Addr": "新北市新店區小碧潭捷運站旁籃球場(新店溪右岸自行車道2.4KM)", "OperationTel": "02-89699596#521", "WebUrl": "http://www.rhbd.ntpc.gov.tw/cht/index.php?", "Lat": 24.972491273514201, "Lng": 121.527580618858, "PassEasyEle": 0.0, "PassEasyParking": 0.0, "PassEasyShower": 0.0, "PassEasyToilet": 0.0, "PassEasyWay": 0.0, "WheelchairAuditorium": 0.0 }, "geometry": { "type": "Point", "coordinates": [ 121.527580618857996, 24.972491273514201 ] } },
{ "type": "Feature", "properties": { "GymType": "競速運動設施/滑輪場/溜冰場", "Name": "新北市新店區親情河濱公園溜冰場(新店溪右岸自行車道3.6KM)", "Addr": "新北市新店區親情河濱公園溜冰場(新店溪右岸自行車道3.6KM)", "OperationTel": "02-89699596#521", "WebUrl": "http://www.rhbd.ntpc.gov.tw/cht/index.php?", "Lat": 24.965007040102499, "Lng": 121.53549849987, "PassEasyEle": 0.0, "PassEasyParking": 0.0, "PassEasyShower": 0.0, "PassEasyToilet": 0.0, "PassEasyWay": 0.0, "WheelchairAuditorium": 0.0 }, "geometry": { "type": "Point", "coordinates": [ 121.535498499870002, 24.965007040102499 ] } },
{ "type": "Feature", "properties": { "GymType": "球類運動設施/籃球場館", "Name": "新北市新店區親情河濱公園籃球場(新店溪右岸自行車道3.7KM)", "Addr": "新北市新店區親情河濱公園籃球場(新店溪右岸自行車道3.7KM)", "OperationTel": "02-89699596#521", "WebUrl": "http://www.rhbd.ntpc.gov.tw/cht/index.php?", "Lat": 24.964151114358799, "Lng": 121.536415815353, "PassEasyEle": 0.0, "PassEasyParking": 6.0, "PassEasyShower": 0.0, "PassEasyToilet": 0.0, "PassEasyWay": 0.0, "WheelchairAuditorium": 0.0 }, "geometry": { "type": "Point", "coordinates": [ 121.536415815352996, 24.964151114358799 ] } },
{ "type": "Feature", "properties": { "GymType": "水上/冰上運動設施/游泳池", "Name": "板橋國民運動中心", "Addr": "新北市板橋區智樂路6號", "OperationTel": "02-22588886", "WebUrl": "http://www.bqsports.com.tw/", "Lat": 25.022580269129399, "Lng": 121.457584500276, "PassEasyEle": 2.0, "PassEasyParking": 5.0, "PassEasyShower": 5.0, "PassEasyToilet": 7.0, "PassEasyWay": 1.0, "WheelchairAuditorium": 0.0 }, "geometry": { "type": "Point", "coordinates": [ 121.457584500275999, 25.022580269129399 ] } },
{ "type": "Feature", "properties": { "GymType": "水上/冰上運動設施/游泳池", "Name": "泰山國民運動中心", "Addr": "新北市泰山區全興路167號", "OperationTel": "02-22968860", "WebUrl": "http://www.xwtsc.com/", "Lat": 25.056831765611101, "Lng": 121.43342439551, "PassEasyEle": 2.0, "PassEasyParking": 5.0, "PassEasyShower": 1.0, "PassEasyToilet": 1.0, "PassEasyWay": 1.0, "WheelchairAuditorium": 0.0 }, "geometry": { "type": "Point", "coordinates": [ 121.433424395510002, 25.056831765611101 ] } },
{ "type": "Feature", "properties": { "GymType": "水上/冰上運動設施/游泳池", "Name": "新莊國民運動中心", "Addr": "新北市新莊區公園路11號", "OperationTel": "02-77288898", "WebUrl": "https://www.xzsports.com.tw/", "Lat": 25.0395761423, "Lng": 121.448348164558, "PassEasyEle": 1.0, "PassEasyParking": 8.0, "PassEasyShower": 1.0, "PassEasyToilet": 5.0, "PassEasyWay": 0.0, "WheelchairAuditorium": 0.0 }, "geometry": { "type": "Point", "coordinates": [ 121.448348164557999, 25.0395761423 ] } },
{ "type": "Feature", "properties": { "GymType": "球類運動設施/籃球場館", "Name": "籃球場", "Addr": "新北市石門區茂林里茂林社區74號", "OperationTel": "02-26381269#301", "WebUrl": "http://cwes.ntpc.edu.tw", "Lat": 25.268813282924398, "Lng": 121.591830253601, "PassEasyEle": 0.0, "PassEasyParking": 0.0, "PassEasyShower": 0.0, "PassEasyToilet": 0.0, "PassEasyWay": 0.0, "WheelchairAuditorium": 0.0 }, "geometry": { "type": "Point", "coordinates": [ 121.591830253601003, 25.268813282924398 ] } },
{ "type": "Feature", "properties": { "GymType": "陸上/射擊運動設施/田徑場", "Name": "明德高中田徑場", "Addr": "新北市三峽區中正路二段399號", "OperationTel": "02-26723302#237", "WebUrl": "http://www.mdhs.ntpc.edu.tw", "Lat": 24.906941367016199, "Lng": 121.363960504532, "PassEasyEle": 0.0, "PassEasyParking": 0.0, "PassEasyShower": 0.0, "PassEasyToilet": 0.0, "PassEasyWay": 0.0, "WheelchairAuditorium": 0.0 }, "geometry": { "type": "Point", "coordinates": [ 121.363960504532002, 24.906941367016199 ] } },
{ "type": "Feature", "properties": { "GymType": "陸上/射擊運動設施/田徑場", "Name": "新北市立平溪國中田徑場", "Addr": "新北市平溪區靜安路二段295號", "OperationTel": "02-24951010#160", "WebUrl": "http://www.phjh.ntpc.edu.tw", "Lat": 25.023988340836699, "Lng": 121.733429431915, "PassEasyEle": 0.0, "PassEasyParking": 2.0, "PassEasyShower": 0.0, "PassEasyToilet": 1.0, "PassEasyWay": 2.0, "WheelchairAuditorium": 0.0 }, "geometry": { "type": "Point", "coordinates": [ 121.733429431914999, 25.023988340836699 ] } },
{ "type": "Feature", "properties": { "GymType": "陸上/射擊運動設施/田徑場", "Name": "大崁國小田徑場", "Addr": "新北市 八里區 忠八街 2號", "OperationTel": "02-86305678#152", "WebUrl": "http://www.tkes.ntpc.edu.tw", "Lat": 25.160159531915799, "Lng": 121.420201063156, "PassEasyEle": 1.0, "PassEasyParking": 4.0, "PassEasyShower": 0.0, "PassEasyToilet": 2.0, "PassEasyWay": 2.0, "WheelchairAuditorium": 0.0 }, "geometry": { "type": "Point", "coordinates": [ 121.420201063156, 25.160159531915799 ] } },
{ "type": "Feature", "properties": { "GymType": "陸上/射擊運動設施/田徑場", "Name": "新北高工田徑場", "Addr": "新北市土城區學府路一段241號", "OperationTel": "02-22612483#92", "WebUrl": "http://www.ntvs.ntpc.edu.tw", "Lat": 24.984696551331499, "Lng": 121.44966781139399, "PassEasyEle": 0.0, "PassEasyParking": 0.0, "PassEasyShower": 0.0, "PassEasyToilet": 0.0, "PassEasyWay": 0.0, "WheelchairAuditorium": 0.0 }, "geometry": { "type": "Point", "coordinates": [ 121.449667811393994, 24.984696551331499 ] } },
{ "type": "Feature", "properties": { "GymType": "陸上/射擊運動設施/田徑場", "Name": "三峽國中田徑場", "Addr": "新北市三峽區復興路238號", "OperationTel": "02-26711043", "WebUrl": "http://www.shjhs.ntpc.edu.tw", "Lat": 24.9402654682793, "Lng": 121.369609236717, "PassEasyEle": null, "PassEasyParking": null, "PassEasyShower": null, "PassEasyToilet": null, "PassEasyWay": null, "WheelchairAuditorium": null }, "geometry": { "type": "Point", "coordinates": [ 121.369609236716997, 24.9402654682793 ] } },
{ "type": "Feature", "properties": { "GymType": "陸上/射擊運動設施/田徑場", "Name": "白雲國小田徑場", "Addr": "新北市汐止區福山里民權街二段90號", "OperationTel": "02-26403909", "WebUrl": "http://www.pyps.ntpc.edu.tw", "Lat": 25.047631959827321, "Lng": 121.61816547009316, "PassEasyEle": 0.0, "PassEasyParking": 0.0, "PassEasyShower": 0.0, "PassEasyToilet": 0.0, "PassEasyWay": 0.0, "WheelchairAuditorium": 0.0 }, "geometry": { "type": "Point", "coordinates": [ 121.61816547009316, 25.047631959827321 ] } },
{ "type": "Feature", "properties": { "GymType": "球類運動設施/籃球場館", "Name": "秀峰國小風雨操場", "Addr": "新北市汐止區仁愛路90號", "OperationTel": "02-26480611#821", "WebUrl": "http://www.sfps.ntpc.edu.tw/", "Lat": 25.062767046197798, "Lng": 121.66143357753801, "PassEasyEle": 0.0, "PassEasyParking": 0.0, "PassEasyShower": 0.0, "PassEasyToilet": 0.0, "PassEasyWay": 0.0, "WheelchairAuditorium": 0.0 }, "geometry": { "type": "Point", "coordinates": [ 121.661433577538006, 25.062767046197798 ] } },
{ "type": "Feature", "properties": { "GymType": "陸上/射擊運動設施/田徑場", "Name": "新莊高中田徑場", "Addr": "新北市新莊區中平路135號", "OperationTel": "02-29912391#202", "WebUrl": "http://www.hcsh.ntpc.edu.tw", "Lat": 25.048460351468499, "Lng": 121.442865729332, "PassEasyEle": 0.0, "PassEasyParking": 0.0, "PassEasyShower": 0.0, "PassEasyToilet": 0.0, "PassEasyWay": 0.0, "WheelchairAuditorium": 0.0 }, "geometry": { "type": "Point", "coordinates": [ 121.442865729331999, 25.048460351468499 ] } },
{ "type": "Feature", "properties": { "GymType": "球類運動設施/籃球場館", "Name": "鄧公露天籃球場", "Addr": "新北市淡水區學府里學府路99號", "OperationTel": "02-26297121#151", "WebUrl": "http://www.dkes.ntpc.edu.tw", "Lat": 25.171542329717401, "Lng": 121.44946138836499, "PassEasyEle": 0.0, "PassEasyParking": 0.0, "PassEasyShower": 0.0, "PassEasyToilet": 0.0, "PassEasyWay": 0.0, "WheelchairAuditorium": 0.0 }, "geometry": { "type": "Point", "coordinates": [ 121.449461388364995, 25.171542329717401 ] } },
{ "type": "Feature", "properties": { "GymType": "陸上/射擊運動設施/田徑場", "Name": "PU田徑場", "Addr": "新北市淡水區學府里學府路99號", "OperationTel": "02-26297121#151", "WebUrl": "http://www.dkes.ntpc.edu.tw", "Lat": 25.171631832197399, "Lng": 121.44946555967201, "PassEasyEle": 0.0, "PassEasyParking": 0.0, "PassEasyShower": 0.0, "PassEasyToilet": 0.0, "PassEasyWay": 0.0, "WheelchairAuditorium": 0.0 }, "geometry": { "type": "Point", "coordinates": [ 121.449465559672007, 25.171631832197399 ] } },
{ "type": "Feature", "properties": { "GymType": "球類運動設施/籃球場館", "Name": "頭湖國小籃球場", "Addr": "新北市林口區民權路101號", "OperationTel": "02-26080766#824", "WebUrl": "http://web.thes.ntpc.edu.tw/", "Lat": 25.0823418603857, "Lng": 121.372524066464, "PassEasyEle": 0.0, "PassEasyParking": 0.0, "PassEasyShower": 0.0, "PassEasyToilet": 0.0, "PassEasyWay": 2.0, "WheelchairAuditorium": 0.0 }, "geometry": { "type": "Point", "coordinates": [ 121.372524066463995, 25.0823418603857 ] } },
{ "type": "Feature", "properties": { "GymType": "陸上/射擊運動設施/田徑場", "Name": "頭湖國小田徑場", "Addr": "新北市林口區民權路101號", "OperationTel": "02-26080766#824", "WebUrl": "http://www.jles.ntpc.edu.tw/", "Lat": 25.08269327030408, "Lng": 121.37223753110491, "PassEasyEle": 0.0, "PassEasyParking": 0.0, "PassEasyShower": 0.0, "PassEasyToilet": 0.0, "PassEasyWay": 2.0, "WheelchairAuditorium": 0.0 }, "geometry": { "type": "Point", "coordinates": [ 121.372237531104915, 25.08269327030408 ] } },
{ "type": "Feature", "properties": { "GymType": "水上/冰上運動設施/游泳池", "Name": "樹林國民運動中心", "Addr": "新北市樹林區中正路188-6號", "OperationTel": "02-26819966", "WebUrl": "https://www.ntcslsports.com.tw/", "Lat": 25.004203029305401, "Lng": 121.423352122274, "PassEasyEle": 2.0, "PassEasyParking": 2.0, "PassEasyShower": 4.0, "PassEasyToilet": 4.0, "PassEasyWay": 1.0, "WheelchairAuditorium": 0.0 }, "geometry": { "type": "Point", "coordinates": [ 121.423352122273997, 25.004203029305401 ] } },
{ "type": "Feature", "properties": { "GymType": "陸上/射擊運動設施/田徑場", "Name": "新北市三重區綜合運動場", "Addr": "新北市三重區中正北路特2號", "OperationTel": "02-29867046", "WebUrl": "HTTP://WWW.sanchong.ntpc.gov.tw", "Lat": 25.062545946604899, "Lng": 121.49282991886101, "PassEasyEle": 0.0, "PassEasyParking": 0.0, "PassEasyShower": 0.0, "PassEasyToilet": 2.0, "PassEasyWay": 5.0, "WheelchairAuditorium": 0.0 }, "geometry": { "type": "Point", "coordinates": [ 121.492829918861005, 25.062545946604899 ] } },
{ "type": "Feature", "properties": { "GymType": "陸上/射擊運動設施/田徑場", "Name": "新埔國小操場", "Addr": "新北市板橋區新翠里陽明街206號", "OperationTel": "02-22571830#613", "WebUrl": "http://www.spes.ntpc.edu.tw", "Lat": 25.026677746493299, "Lng": 121.46241903305, "PassEasyEle": 0.0, "PassEasyParking": 0.0, "PassEasyShower": 0.0, "PassEasyToilet": 0.0, "PassEasyWay": 0.0, "WheelchairAuditorium": 0.0 }, "geometry": { "type": "Point", "coordinates": [ 121.462419033049997, 25.026677746493299 ] } },
{ "type": "Feature", "properties": { "GymType": "球類運動設施/羽球場館", "Name": "和平羽球館", "Addr": "新北市板橋區重慶路355號", "OperationTel": "02-29686911#279", "WebUrl": "http://www.banqiao.ntpc.gov.tw/content/?parent_id=10057", "Lat": 24.9977526691276, "Lng": 121.46439447999001, "PassEasyEle": 1.0, "PassEasyParking": 0.0, "PassEasyShower": 0.0, "PassEasyToilet": 1.0, "PassEasyWay": 1.0, "WheelchairAuditorium": 0.0 }, "geometry": { "type": "Point", "coordinates": [ 121.464394479990005, 24.9977526691276 ] } },
{ "type": "Feature", "properties": { "GymType": "球類運動設施/網球場館", "Name": "民生公園網球場", "Addr": "新北市板橋區民生路1段30號", "OperationTel": "02-29686911#279", "WebUrl": "http://www.banqiao.ntpc.gov.tw/content/?parent_id=10057", "Lat": 25.013362031721201, "Lng": 121.475894451141, "PassEasyEle": 0.0, "PassEasyParking": 0.0, "PassEasyShower": 0.0, "PassEasyToilet": 1.0, "PassEasyWay": 1.0, "WheelchairAuditorium": 0.0 }, "geometry": { "type": "Point", "coordinates": [ 121.475894451141002, 25.013362031721201 ] } },
{ "type": "Feature", "properties": { "GymType": "球類運動設施/籃球場館", "Name": "板樹體育館", "Addr": "板橋區溪城路90號", "OperationTel": "02-26871368", "WebUrl": "https://www.facebook.com/shulinsports/", "Lat": 24.981230813211301, "Lng": 121.42755232751399, "PassEasyEle": 1.0, "PassEasyParking": 0.0, "PassEasyShower": 0.0, "PassEasyToilet": 2.0, "PassEasyWay": 1.0, "WheelchairAuditorium": 0.0 }, "geometry": { "type": "Point", "coordinates": [ 121.427552327513993, 24.981230813211301 ] } },
{ "type": "Feature", "properties": { "GymType": "球類運動設施/籃球場館", "Name": "泰山體育館", "Addr": "新北市泰山區公園路54號", "OperationTel": "0222969000", "WebUrl": "https://reurl.cc/O1go89", "Lat": 25.055234857345301, "Lng": 121.426633000374, "PassEasyEle": 1.0, "PassEasyParking": 2.0, "PassEasyShower": 0.0, "PassEasyToilet": 1.0, "PassEasyWay": 1.0, "WheelchairAuditorium": 3.0 }, "geometry": { "type": "Point", "coordinates": [ 121.426633000373997, 25.055234857345301 ] } },
{ "type": "Feature", "properties": { "GymType": "陸上/射擊運動設施/田徑場", "Name": "北大國小田徑場", "Addr": "新北市三峽區國光街100號", "OperationTel": "02-86716836#823", "WebUrl": "http://www.bdes.ntpc.edu.tw/", "Lat": 24.9392318268008, "Lng": 121.373184621334, "PassEasyEle": 0.0, "PassEasyParking": 0.0, "PassEasyShower": 0.0, "PassEasyToilet": 0.0, "PassEasyWay": 0.0, "WheelchairAuditorium": 0.0 }, "geometry": { "type": "Point", "coordinates": [ 121.373184621334005, 24.9392318268008 ] } },
{ "type": "Feature", "properties": { "GymType": "綜合性場館/活動中心", "Name": "私立裕德高級中學活動中心", "Addr": "新北市土城區擺接堡路1號(無完備保全系統，周邊無設置停車場，故不對外開放。)", "OperationTel": "02-82617889#222", "WebUrl": "http://60.250.89.127", "Lat": 24.982610555803799, "Lng": 121.43980264663701, "PassEasyEle": 0.0, "PassEasyParking": 0.0, "PassEasyShower": 0.0, "PassEasyToilet": 0.0, "PassEasyWay": 0.0, "WheelchairAuditorium": 0.0 }, "geometry": { "type": "Point", "coordinates": [ 121.439802646637006, 24.982610555803799 ] } },
{ "type": "Feature", "properties": { "GymType": "球類運動設施/籃球場館", "Name": "桃子腳風雨操場", "Addr": "新北市樹林區學勤路555號", "OperationTel": "02-89703225#8230", "WebUrl": "http://www.tykjh.ntpc.edu.tw", "Lat": 24.948957441978699, "Lng": 121.38291567564001, "PassEasyEle": 0.0, "PassEasyParking": 0.0, "PassEasyShower": 0.0, "PassEasyToilet": 0.0, "PassEasyWay": 0.0, "WheelchairAuditorium": 0.0 }, "geometry": { "type": "Point", "coordinates": [ 121.382915675640007, 24.948957441978699 ] } },
{ "type": "Feature", "properties": { "GymType": "陸上/射擊運動設施/環形或直線慢跑場（非田徑場）", "Name": "崇光女中操場", "Addr": "新北市新店區三民路18號", "OperationTel": "02-29112543#215", "WebUrl": "http://www.ckgsh.ntpc.edu.tw", "Lat": 24.971545435488299, "Lng": 121.538612544537, "PassEasyEle": 0.0, "PassEasyParking": 0.0, "PassEasyShower": 0.0, "PassEasyToilet": 0.0, "PassEasyWay": 0.0, "WheelchairAuditorium": 0.0 }, "geometry": { "type": "Point", "coordinates": [ 121.538612544537003, 24.971545435488299 ] } },
{ "type": "Feature", "properties": { "GymType": "球類運動設施/籃球場館", "Name": "北大高中籃球場", "Addr": "新北市三峽區大義路277號", "OperationTel": "02-26742666#302", "WebUrl": "http://www.bdsh.ntpc.edu.tw", "Lat": 24.948840709965602, "Lng": 121.37598216533701, "PassEasyEle": 1.0, "PassEasyParking": 2.0, "PassEasyShower": 0.0, "PassEasyToilet": 14.0, "PassEasyWay": 2.0, "WheelchairAuditorium": 0.0 }, "geometry": { "type": "Point", "coordinates": [ 121.375982165337007, 24.948840709965602 ] } },
{ "type": "Feature", "properties": { "GymType": "球類運動設施/網球場館", "Name": "揚生館", "Addr": "新北市金山區法鼓路700號", "OperationTel": "02-24980707#5575", "WebUrl": "http://www.dila.edu.tw/", "Lat": 25.243351915690202, "Lng": 121.614789962769, "PassEasyEle": 1.0, "PassEasyParking": 0.0, "PassEasyShower": 2.0, "PassEasyToilet": 2.0, "PassEasyWay": 1.0, "WheelchairAuditorium": 0.0 }, "geometry": { "type": "Point", "coordinates": [ 121.614789962768995, 25.243351915690202 ] } },
{ "type": "Feature", "properties": { "GymType": "球類運動設施/籃球場館", "Name": "海山國小體育館", "Addr": "新北市板橋區漢生東路280號", "OperationTel": "02-29545725#528", "WebUrl": "http://www.hsps.ntpc.edu.tw", "Lat": 25.010328552422699, "Lng": 121.470476388931, "PassEasyEle": 1.0, "PassEasyParking": 1.0, "PassEasyShower": 1.0, "PassEasyToilet": 1.0, "PassEasyWay": 1.0, "WheelchairAuditorium": 0.0 }, "geometry": { "type": "Point", "coordinates": [ 121.470476388931004, 25.010328552422699 ] } },
{ "type": "Feature", "properties": { "GymType": "球類運動設施/籃球場館", "Name": "南勢國小風雨球場", "Addr": "新北市林口區南勢街 南勢二街 交叉口", "OperationTel": "02-26091020#831", "WebUrl": "http://www.nses.ntpc.edu.tw", "Lat": 25.07503038539507, "Lng": 121.35900228535962, "PassEasyEle": 1.0, "PassEasyParking": 1.0, "PassEasyShower": 0.0, "PassEasyToilet": 4.0, "PassEasyWay": 1.0, "WheelchairAuditorium": 0.0 }, "geometry": { "type": "Point", "coordinates": [ 121.359002285359622, 25.07503038539507 ] } },
{ "type": "Feature", "properties": { "GymType": "球類運動設施/籃球場館", "Name": "永和國民運動中心", "Addr": "新北市永和區永利路250號", "OperationTel": "02-22318989", "WebUrl": "https://yhcsc.cyc.org.tw/", "Lat": 25.0031042920392, "Lng": 121.524176895618, "PassEasyEle": 0.0, "PassEasyParking": 5.0, "PassEasyShower": 7.0, "PassEasyToilet": 7.0, "PassEasyWay": 1.0, "WheelchairAuditorium": 0.0 }, "geometry": { "type": "Point", "coordinates": [ 121.524176895617998, 25.0031042920392 ] } },
{ "type": "Feature", "properties": { "GymType": "水上/冰上運動設施/游泳池", "Name": "汐止國民運動中心", "Addr": "新北市汐止區汐科路321號(主館)", "OperationTel": "02-86915691", "WebUrl": "https://xzcsc.cyc.org.tw/", "Lat": 25.065410491745101, "Lng": 121.65770530700701, "PassEasyEle": 0.0, "PassEasyParking": 2.0, "PassEasyShower": 6.0, "PassEasyToilet": 6.0, "PassEasyWay": 1.0, "WheelchairAuditorium": 0.0 }, "geometry": { "type": "Point", "coordinates": [ 121.657705307007006, 25.065410491745101 ] } },
{ "type": "Feature", "properties": { "GymType": "球類運動設施/籃球場館", "Name": "二橋國小風雨操場(樂活廣場)", "Addr": "新北市鶯歌區二橋里中正三路106號", "OperationTel": "02-26792364", "WebUrl": "http://www.tbes.ntpc.edu.tw", "Lat": 24.941063190362101, "Lng": 121.33645176887499, "PassEasyEle": 0.0, "PassEasyParking": 0.0, "PassEasyShower": 0.0, "PassEasyToilet": 0.0, "PassEasyWay": 0.0, "WheelchairAuditorium": 0.0 }, "geometry": { "type": "Point", "coordinates": [ 121.336451768874994, 24.941063190362101 ] } },
{ "type": "Feature", "properties": { "GymType": "阻力運動設施/多功能健身房/體適能中心（此空間中具有兩種以上之阻力運動器材設備）", "Name": "體適能健身中心", "Addr": "新北市中和區民安街66號", "OperationTel": "02-22234747#831", "WebUrl": "http://www.gsjh.ntpc.edu.tw", "Lat": 24.999360732941099, "Lng": 121.479821205139, "PassEasyEle": 0.0, "PassEasyParking": 0.0, "PassEasyShower": 0.0, "PassEasyToilet": 0.0, "PassEasyWay": 0.0, "WheelchairAuditorium": 0.0 }, "geometry": { "type": "Point", "coordinates": [ 121.479821205139004, 24.999360732941099 ] } },
{ "type": "Feature", "properties": { "GymType": "陸上/射擊運動設施/田徑場", "Name": "大同國小大操場", "Addr": "新北市樹林區大同里大同街43號", "OperationTel": "02-86865486#833", "WebUrl": "http://www.ttps.ntpc.edu.tw", "Lat": 24.981898197244199, "Lng": 121.418178677559, "PassEasyEle": 0.0, "PassEasyParking": 0.0, "PassEasyShower": 0.0, "PassEasyToilet": 0.0, "PassEasyWay": 0.0, "WheelchairAuditorium": 0.0 }, "geometry": { "type": "Point", "coordinates": [ 121.418178677558998, 24.981898197244199 ] } },
{ "type": "Feature", "properties": { "GymType": "球類運動設施/籃球場館", "Name": "大同國小中庭操場", "Addr": "新北市樹林區大同里大同街43號", "OperationTel": "02-86865486#833", "WebUrl": "http://www.ttps.ntpc.edu.tw", "Lat": 24.981506762968301, "Lng": 121.41720771789601, "PassEasyEle": 0.0, "PassEasyParking": 0.0, "PassEasyShower": 0.0, "PassEasyToilet": 0.0, "PassEasyWay": 0.0, "WheelchairAuditorium": 0.0 }, "geometry": { "type": "Point", "coordinates": [ 121.417207717896005, 24.981506762968301 ] } },
{ "type": "Feature", "properties": { "GymType": "陸上/射擊運動設施/田徑場", "Name": "泰山高中田徑場", "Addr": "新北市泰山區辭修路7號", "OperationTel": "02-22963625", "WebUrl": null, "Lat": 25.057756977298599, "Lng": 121.42988920211801, "PassEasyEle": 0.0, "PassEasyParking": 0.0, "PassEasyShower": 0.0, "PassEasyToilet": 0.0, "PassEasyWay": 0.0, "WheelchairAuditorium": 0.0 }, "geometry": { "type": "Point", "coordinates": [ 121.429889202118005, 25.057756977298599 ] } },
{ "type": "Feature", "properties": { "GymType": "陸上/射擊運動設施/環形或直線慢跑場（非田徑場）", "Name": "文山國中山下操場", "Addr": "新北市新店區文中路38號", "OperationTel": "02-29134300#623", "WebUrl": "http://www.wsjh.ntpc.edu.tw", "Lat": 24.9566128749154, "Lng": 121.53906047344201, "PassEasyEle": 0.0, "PassEasyParking": 0.0, "PassEasyShower": 0.0, "PassEasyToilet": 0.0, "PassEasyWay": 0.0, "WheelchairAuditorium": 0.0 }, "geometry": { "type": "Point", "coordinates": [ 121.539060473442007, 24.9566128749154 ] } },
{ "type": "Feature", "properties": { "GymType": "球類運動設施/籃球場館", "Name": "永平國小活動中心", "Addr": "新北市永和區保生路25號", "OperationTel": "02-29259879", "WebUrl": "http://www.ypes.ntpc.edu.tw", "Lat": 25.007737396187, "Lng": 121.50586545467399, "PassEasyEle": 0.0, "PassEasyParking": 0.0, "PassEasyShower": 0.0, "PassEasyToilet": 0.0, "PassEasyWay": 1.0, "WheelchairAuditorium": 0.0 }, "geometry": { "type": "Point", "coordinates": [ 121.505865454673994, 25.007737396187 ] } },
{ "type": "Feature", "properties": { "GymType": "陸上/射擊運動設施/環形或直線慢跑場（非田徑場）", "Name": "十分國小田徑場", "Addr": "新北市平溪區十分里十分街157號", "OperationTel": "02-24958305", "WebUrl": "http://www.tsfes.ntpc.edu.tw", "Lat": 25.043640861322199, "Lng": 121.777871847098, "PassEasyEle": 0.0, "PassEasyParking": 1.0, "PassEasyShower": 1.0, "PassEasyToilet": 1.0, "PassEasyWay": 0.0, "WheelchairAuditorium": 0.0 }, "geometry": { "type": "Point", "coordinates": [ 121.777871847097998, 25.043640861322199 ] } },
{ "type": "Feature", "properties": { "GymType": "球類運動設施/手球場", "Name": "新莊國小手球場", "Addr": "新北市新莊區立人里中正路86號", "OperationTel": "02-29931201#834", "WebUrl": "http://www.scps.ntpc.edu.tw/", "Lat": 25.0380111328749, "Lng": 121.455772519112, "PassEasyEle": 0.0, "PassEasyParking": 0.0, "PassEasyShower": 0.0, "PassEasyToilet": 0.0, "PassEasyWay": 0.0, "WheelchairAuditorium": 0.0 }, "geometry": { "type": "Point", "coordinates": [ 121.455772519112003, 25.0380111328749 ] } },
{ "type": "Feature", "properties": { "GymType": "球類運動設施/籃球場館", "Name": "大成國小籃球場", "Addr": "新北市三峽區成福路251巷2號", "OperationTel": "02-26726521#115", "WebUrl": null, "Lat": 24.924219943210101, "Lng": 121.427410840988, "PassEasyEle": 1.0, "PassEasyParking": 0.0, "PassEasyShower": 1.0, "PassEasyToilet": 1.0, "PassEasyWay": 1.0, "WheelchairAuditorium": 0.0 }, "geometry": { "type": "Point", "coordinates": [ 121.427410840988003, 24.924219943210101 ] } },
{ "type": "Feature", "properties": { "GymType": "球類運動設施/籃球場館", "Name": "風雨球場", "Addr": "新北市鶯歌區尖山埔路108號", "OperationTel": "02-26701461#230", "WebUrl": "http://www.ykjhs.ntpc.edu.tw", "Lat": 24.951817341737499, "Lng": 121.34480416774799, "PassEasyEle": 0.0, "PassEasyParking": 0.0, "PassEasyShower": 0.0, "PassEasyToilet": 0.0, "PassEasyWay": 0.0, "WheelchairAuditorium": 0.0 }, "geometry": { "type": "Point", "coordinates": [ 121.344804167747995, 24.951817341737499 ] } },
{ "type": "Feature", "properties": { "GymType": "陸上/射擊運動設施/田徑場", "Name": "中正國小操場", "Addr": "新北市新店區三民路36號", "OperationTel": "02-29125432#832", "WebUrl": "http://www.ccps.ntpc.edu.tw", "Lat": 24.9718201912426, "Lng": 121.536812782288, "PassEasyEle": 0.0, "PassEasyParking": 0.0, "PassEasyShower": 0.0, "PassEasyToilet": 0.0, "PassEasyWay": 0.0, "WheelchairAuditorium": 0.0 }, "geometry": { "type": "Point", "coordinates": [ 121.536812782287996, 24.9718201912426 ] } },
{ "type": "Feature", "properties": { "GymType": "陸上/射擊運動設施/環形或直線慢跑場（非田徑場）", "Name": "介壽國小操場", "Addr": "新北市三峽區大同路1號", "OperationTel": "02-26712392#34", "WebUrl": "http://www.jses.ntpc.edu.tw/", "Lat": 24.930303235619501, "Lng": 121.37866973877, "PassEasyEle": 0.0, "PassEasyParking": 0.0, "PassEasyShower": 0.0, "PassEasyToilet": 0.0, "PassEasyWay": 2.0, "WheelchairAuditorium": 0.0 }, "geometry": { "type": "Point", "coordinates": [ 121.37866973877, 24.930303235619501 ] } },
{ "type": "Feature", "properties": { "GymType": "球類運動設施/躲避球場", "Name": "介壽國小躲避球場", "Addr": "新北市三峽區大同路1號", "OperationTel": "02-26712392#34", "WebUrl": "http://www.jses.ntpc.edu.tw/", "Lat": 24.929772996564498, "Lng": 121.37848198413801, "PassEasyEle": 0.0, "PassEasyParking": 0.0, "PassEasyShower": 0.0, "PassEasyToilet": 0.0, "PassEasyWay": 0.0, "WheelchairAuditorium": 0.0 }, "geometry": { "type": "Point", "coordinates": [ 121.378481984138006, 24.929772996564498 ] } },
{ "type": "Feature", "properties": { "GymType": "陸上/射擊運動設施/田徑場", "Name": "三民高中操場", "Addr": "新北市蘆洲區三民路96號", "OperationTel": "02-22894675#231", "WebUrl": null, "Lat": 25.086648311588, "Lng": 121.47371649742099, "PassEasyEle": 0.0, "PassEasyParking": 0.0, "PassEasyShower": 0.0, "PassEasyToilet": 0.0, "PassEasyWay": 1.0, "WheelchairAuditorium": 0.0 }, "geometry": { "type": "Point", "coordinates": [ 121.473716497420995, 25.086648311588 ] } },
{ "type": "Feature", "properties": { "GymType": "球類運動設施/籃球場館", "Name": "三民高中半戶外籃球場", "Addr": "新北市蘆洲區三民路96號", "OperationTel": "02-22894675#231", "WebUrl": "http://www.smsh.ntpc.edu.tw", "Lat": 25.086745479144302, "Lng": 121.47352337837199, "PassEasyEle": 0.0, "PassEasyParking": 0.0, "PassEasyShower": 0.0, "PassEasyToilet": 0.0, "PassEasyWay": 0.0, "WheelchairAuditorium": 0.0 }, "geometry": { "type": "Point", "coordinates": [ 121.473523378371993, 25.086745479144302 ] } },
{ "type": "Feature", "properties": { "GymType": "球類運動設施/籃球場館", "Name": "三民高中半場籃球場", "Addr": "新北市蘆洲區三民路96號", "OperationTel": "02-22894675#231", "WebUrl": "http://www.smsh.ntpc.edu.tw", "Lat": 25.086803779640999, "Lng": 121.47389888763399, "PassEasyEle": 0.0, "PassEasyParking": 0.0, "PassEasyShower": 0.0, "PassEasyToilet": 0.0, "PassEasyWay": 0.0, "WheelchairAuditorium": 0.0 }, "geometry": { "type": "Point", "coordinates": [ 121.473898887633993, 25.086803779640999 ] } },
{ "type": "Feature", "properties": { "GymType": "球類運動設施/網球場館", "Name": "三民高中網球場", "Addr": "新北市蘆洲區三民路96號", "OperationTel": "02-22894675#231", "WebUrl": "http://www.smsh.ntpc.edu.tw", "Lat": 25.086813496387801, "Lng": 121.473426818848, "PassEasyEle": 0.0, "PassEasyParking": 0.0, "PassEasyShower": 0.0, "PassEasyToilet": 0.0, "PassEasyWay": 0.0, "WheelchairAuditorium": 0.0 }, "geometry": { "type": "Point", "coordinates": [ 121.473426818847997, 25.086813496387801 ] } },
{ "type": "Feature", "properties": { "GymType": "陸上/射擊運動設施/田徑場", "Name": "田徑場", "Addr": "新北市樹林區三福街52號", "OperationTel": "02-26880698#133", "WebUrl": "http://www.sdes.ntpc.edu.tw", "Lat": 25.016410019578299, "Lng": 121.406009495258, "PassEasyEle": 0.0, "PassEasyParking": 0.0, "PassEasyShower": 0.0, "PassEasyToilet": 0.0, "PassEasyWay": 0.0, "WheelchairAuditorium": 0.0 }, "geometry": { "type": "Point", "coordinates": [ 121.406009495258004, 25.016410019578299 ] } },
{ "type": "Feature", "properties": { "GymType": "技擊運動設施/角力場", "Name": "明德高中角力館", "Addr": "新北市三峽區中正路二段399號", "OperationTel": "02-26723302#237", "WebUrl": null, "Lat": 24.9035318548801, "Lng": 121.366108222501, "PassEasyEle": 0.0, "PassEasyParking": 0.0, "PassEasyShower": 0.0, "PassEasyToilet": 0.0, "PassEasyWay": 0.0, "WheelchairAuditorium": 0.0 }, "geometry": { "type": "Point", "coordinates": [ 121.366108222500998, 24.9035318548801 ] } },
{ "type": "Feature", "properties": { "GymType": "技擊運動設施/拳擊場", "Name": "明德高中拳擊館", "Addr": "新北市三峽區中正路二段399號", "OperationTel": "02-26723302#237", "WebUrl": "https://www.mdhs.ntpc.edu.tw/", "Lat": 24.906227299041699, "Lng": 121.364039508226, "PassEasyEle": 0.0, "PassEasyParking": 0.0, "PassEasyShower": 0.0, "PassEasyToilet": 0.0, "PassEasyWay": 0.0, "WheelchairAuditorium": 0.0 }, "geometry": { "type": "Point", "coordinates": [ 121.364039508226, 24.906227299041699 ] } },
{ "type": "Feature", "properties": { "GymType": "技擊運動設施/柔道場", "Name": "明德高中柔道館", "Addr": "新北市三峽區中正路二段399號", "OperationTel": "02-26723302#237", "WebUrl": null, "Lat": 24.906368923345902, "Lng": 121.363973184125, "PassEasyEle": 0.0, "PassEasyParking": 0.0, "PassEasyShower": 0.0, "PassEasyToilet": 0.0, "PassEasyWay": 0.0, "WheelchairAuditorium": 0.0 }, "geometry": { "type": "Point", "coordinates": [ 121.363973184125001, 24.906368923345902 ] } },
{ "type": "Feature", "properties": { "GymType": "陸上/射擊運動設施/射箭場", "Name": "明德高中射箭場", "Addr": "新北市三峽區中正路二段399號", "OperationTel": "02-26723302#237", "WebUrl": "https://www.mdhs.ntpc.edu.tw/", "Lat": 24.906027453766601, "Lng": 121.365378661649, "PassEasyEle": 0.0, "PassEasyParking": 0.0, "PassEasyShower": 0.0, "PassEasyToilet": 0.0, "PassEasyWay": 0.0, "WheelchairAuditorium": 0.0 }, "geometry": { "type": "Point", "coordinates": [ 121.365378661649004, 24.906027453766601 ] } },
{ "type": "Feature", "properties": { "GymType": "水上/冰上運動設施/游泳池", "Name": "明德高中游泳池", "Addr": "新北市三峽區中正路二段399號", "OperationTel": "02-26723302#237", "WebUrl": null, "Lat": 24.906559923964402, "Lng": 121.363524523767, "PassEasyEle": 0.0, "PassEasyParking": 0.0, "PassEasyShower": 0.0, "PassEasyToilet": 0.0, "PassEasyWay": 0.0, "WheelchairAuditorium": 0.0 }, "geometry": { "type": "Point", "coordinates": [ 121.363524523766998, 24.906559923964402 ] } },
{ "type": "Feature", "properties": { "GymType": "球類運動設施/躲避球場", "Name": "躲避球場", "Addr": "新北市三峽區嘉添里白雞路40號", "OperationTel": "02-26711895#830", "WebUrl": "http://www.myes.ntpc.edu.tw/default.asp", "Lat": 24.911899201307801, "Lng": 121.375542283058, "PassEasyEle": 0.0, "PassEasyParking": 0.0, "PassEasyShower": 0.0, "PassEasyToilet": 0.0, "PassEasyWay": 0.0, "WheelchairAuditorium": 0.0 }, "geometry": { "type": "Point", "coordinates": [ 121.375542283057996, 24.911899201307801 ] } },
{ "type": "Feature", "properties": { "GymType": "球類運動設施/壘球場", "Name": "秀峰高中壘球場", "Addr": "新北市汐止區忠孝東路201號", "OperationTel": "02-26412134", "WebUrl": "http://www.sfhs.ntpc.edu.tw", "Lat": 25.0658040881336, "Lng": 121.6608273983, "PassEasyEle": 0.0, "PassEasyParking": 0.0, "PassEasyShower": 0.0, "PassEasyToilet": 3.0, "PassEasyWay": 2.0, "WheelchairAuditorium": 0.0 }, "geometry": { "type": "Point", "coordinates": [ 121.6608273983, 25.0658040881336 ] } },
{ "type": "Feature", "properties": { "GymType": "球類運動設施/籃球場館", "Name": "林口國中籃球場", "Addr": "新北市林口區民治路25號", "OperationTel": "02-26011014#21", "WebUrl": "http://www.lkjh.ntpc.edu.tw", "Lat": 25.076197490642599, "Lng": 121.377827525139, "PassEasyEle": 0.0, "PassEasyParking": 0.0, "PassEasyShower": 0.0, "PassEasyToilet": 0.0, "PassEasyWay": 0.0, "WheelchairAuditorium": 0.0 }, "geometry": { "type": "Point", "coordinates": [ 121.377827525138997, 25.076197490642599 ] } },
{ "type": "Feature", "properties": { "GymType": "陸上/射擊運動設施/田徑場", "Name": "秀峰高中田徑場", "Addr": "新北市汐止區忠孝東路201號", "OperationTel": "02-26412134", "WebUrl": "http://www.sfhs.ntpc.edu.tw", "Lat": 25.0658040881336, "Lng": 121.6608273983, "PassEasyEle": 0.0, "PassEasyParking": 0.0, "PassEasyShower": 0.0, "PassEasyToilet": 3.0, "PassEasyWay": 2.0, "WheelchairAuditorium": 0.0 }, "geometry": { "type": "Point", "coordinates": [ 121.6608273983, 25.0658040881336 ] } },
{ "type": "Feature", "properties": { "GymType": "球類運動設施/籃球場館", "Name": "南山社區籃球場", "Addr": "新北市平溪區南山坪橋115號", "OperationTel": "02-24951510#131", "WebUrl": null, "Lat": 25.043721862673099, "Lng": 121.782808899879, "PassEasyEle": 0.0, "PassEasyParking": 0.0, "PassEasyShower": 0.0, "PassEasyToilet": 0.0, "PassEasyWay": 0.0, "WheelchairAuditorium": 0.0 }, "geometry": { "type": "Point", "coordinates": [ 121.782808899879001, 25.043721862673099 ] } },
{ "type": "Feature", "properties": { "GymType": "球類運動設施/籃球場館", "Name": "林口扶輪公園", "Addr": "新北市林口區文化二路一段309巷1號", "OperationTel": "02-26033111#205", "WebUrl": "http://www.linkou.ntpc.gov.tw/", "Lat": 25.073022480334402, "Lng": 121.369802411591, "PassEasyEle": 0.0, "PassEasyParking": 0.0, "PassEasyShower": 0.0, "PassEasyToilet": 0.0, "PassEasyWay": 2.0, "WheelchairAuditorium": 0.0 }, "geometry": { "type": "Point", "coordinates": [ 121.369802411590996, 25.073022480334402 ] } },
{ "type": "Feature", "properties": { "GymType": "球類運動設施/籃球場館", "Name": "過圳公園簡易籃球場", "Addr": "新北市三重區過圳街19號", "OperationTel": "02-29862345#353", "WebUrl": "http://www.sanchong.ntpc.gov.tw/", "Lat": 25.0602353105044, "Lng": 121.48842573165901, "PassEasyEle": 0.0, "PassEasyParking": 0.0, "PassEasyShower": 0.0, "PassEasyToilet": 1.0, "PassEasyWay": 2.0, "WheelchairAuditorium": 0.0 }, "geometry": { "type": "Point", "coordinates": [ 121.488425731659007, 25.0602353105044 ] } },
{ "type": "Feature", "properties": { "GymType": "球類運動設施/籃球場館", "Name": "開元公園籃球場", "Addr": "長元街65巷16弄16號對面", "OperationTel": "02-29862345#111", "WebUrl": null, "Lat": 25.065541690681801, "Lng": 121.50413274765, "PassEasyEle": 0.0, "PassEasyParking": 0.0, "PassEasyShower": 0.0, "PassEasyToilet": 0.0, "PassEasyWay": 2.0, "WheelchairAuditorium": 0.0 }, "geometry": { "type": "Point", "coordinates": [ 121.504132747650004, 25.065541690681801 ] } },
{ "type": "Feature", "properties": { "GymType": "球類運動設施/籃球場館", "Name": "三德公園籃球場", "Addr": "仁昌街109號", "OperationTel": "02-29862345#111", "WebUrl": null, "Lat": 25.0752232984653, "Lng": 121.501096487045, "PassEasyEle": 0.0, "PassEasyParking": 0.0, "PassEasyShower": 0.0, "PassEasyToilet": 1.0, "PassEasyWay": 1.0, "WheelchairAuditorium": 0.0 }, "geometry": { "type": "Point", "coordinates": [ 121.501096487045004, 25.0752232984653 ] } },
{ "type": "Feature", "properties": { "GymType": "球類運動設施/籃球場館", "Name": "永福公園籃球場", "Addr": "\u0013\u0014\u0005新北市三重區力行路162巷55號", "OperationTel": "02-29862345", "WebUrl": null, "Lat": 25.076833991070899, "Lng": 121.481119394302, "PassEasyEle": 0.0, "PassEasyParking": 0.0, "PassEasyShower": 0.0, "PassEasyToilet": 0.0, "PassEasyWay": 1.0, "WheelchairAuditorium": 0.0 }, "geometry": { "type": "Point", "coordinates": [ 121.481119394301999, 25.076833991070899 ] } },
{ "type": "Feature", "properties": { "GymType": "陸上/射擊運動設施/環形或直線慢跑場（非田徑場）", "Name": "國泰國小操場", "Addr": "新北市新莊區中正路386號", "OperationTel": "02-2904369#303", "WebUrl": "http://www.gtps.ntpc.edu.tw", "Lat": 25.034164624234801, "Lng": 121.44190013408701, "PassEasyEle": 1.0, "PassEasyParking": 1.0, "PassEasyShower": 0.0, "PassEasyToilet": 3.0, "PassEasyWay": 3.0, "WheelchairAuditorium": 0.0 }, "geometry": { "type": "Point", "coordinates": [ 121.441900134087007, 25.034164624234801 ] } },
{ "type": "Feature", "properties": { "GymType": "球類運動設施/籃球場館", "Name": " 積穗國中籃球場", "Addr": "新北市中和區民安街66號", "OperationTel": "02-22234747#831", "WebUrl": null, "Lat": 25.0003525441203, "Lng": 121.479740738869, "PassEasyEle": 0.0, "PassEasyParking": 0.0, "PassEasyShower": 0.0, "PassEasyToilet": 0.0, "PassEasyWay": 0.0, "WheelchairAuditorium": 0.0 }, "geometry": { "type": "Point", "coordinates": [ 121.479740738868998, 25.0003525441203 ] } },
{ "type": "Feature", "properties": { "GymType": "陸上/射擊運動設施/田徑場", "Name": "積穗國中田徑場", "Addr": "新北市中和區民安街66號", "OperationTel": "02-22234747#831", "WebUrl": null, "Lat": 25.0003525441203, "Lng": 121.479735374451, "PassEasyEle": 0.0, "PassEasyParking": 0.0, "PassEasyShower": 0.0, "PassEasyToilet": 0.0, "PassEasyWay": 0.0, "WheelchairAuditorium": 0.0 }, "geometry": { "type": "Point", "coordinates": [ 121.479735374450996, 25.0003525441203 ] } },
{ "type": "Feature", "properties": { "GymType": "球類運動設施/籃球場館", "Name": "成功國小籃球場", "Addr": "新北市蘆洲區長安街311號", "OperationTel": "02-22858998#848", "WebUrl": "http://www.tces.ntpc.edu.tw", "Lat": 25.0857300743723, "Lng": 121.456418931484, "PassEasyEle": 0.0, "PassEasyParking": 0.0, "PassEasyShower": 0.0, "PassEasyToilet": 0.0, "PassEasyWay": 0.0, "WheelchairAuditorium": 0.0 }, "geometry": { "type": "Point", "coordinates": [ 121.456418931483995, 25.0857300743723 ] } },
{ "type": "Feature", "properties": { "GymType": "陸上/射擊運動設施/田徑場", "Name": "山佳國小操場", "Addr": "新北市樹林區中山路三段5號", "OperationTel": "02-26806673#823", "WebUrl": "https://www.sjes.ntpc.edu.tw/index.php", "Lat": 24.975399254389799, "Lng": 121.40216588974, "PassEasyEle": 0.0, "PassEasyParking": 0.0, "PassEasyShower": 0.0, "PassEasyToilet": 0.0, "PassEasyWay": 0.0, "WheelchairAuditorium": 0.0 }, "geometry": { "type": "Point", "coordinates": [ 121.402165889740004, 24.975399254389799 ] } },
{ "type": "Feature", "properties": { "GymType": "球類運動設施/籃球場館", "Name": "中信國小室外籃球場", "Addr": "新北市新莊區中信街168號", "OperationTel": "02-85211131#302", "WebUrl": "http://www.ches.ntpc.edu.tw", "Lat": 25.0557289190204, "Lng": 121.449403613806, "PassEasyEle": 0.0, "PassEasyParking": 0.0, "PassEasyShower": 0.0, "PassEasyToilet": 1.0, "PassEasyWay": 1.0, "WheelchairAuditorium": 0.0 }, "geometry": { "type": "Point", "coordinates": [ 121.449403613805998, 25.0557289190204 ] } },
{ "type": "Feature", "properties": { "GymType": "球類運動設施/籃球場館", "Name": "籃球場", "Addr": "新北市新店區直潭路92號", "OperationTel": "02-26667278#830", "WebUrl": "http://www.jtes.ntpc.edu.tw", "Lat": 24.9381446698189, "Lng": 121.531282067299, "PassEasyEle": 0.0, "PassEasyParking": 0.0, "PassEasyShower": 0.0, "PassEasyToilet": 0.0, "PassEasyWay": 0.0, "WheelchairAuditorium": 0.0 }, "geometry": { "type": "Point", "coordinates": [ 121.531282067299003, 24.9381446698189 ] } },
{ "type": "Feature", "properties": { "GymType": "球類運動設施/籃球場館", "Name": "武林國小附設籃球場", "Addr": "新北市樹林區保安街二段151號", "OperationTel": "02-26812475#831", "WebUrl": "http://www.wles.ntpc.edu.tw", "Lat": 25.0018037828149, "Lng": 121.414847373962, "PassEasyEle": 0.0, "PassEasyParking": 0.0, "PassEasyShower": 0.0, "PassEasyToilet": 0.0, "PassEasyWay": 0.0, "WheelchairAuditorium": 0.0 }, "geometry": { "type": "Point", "coordinates": [ 121.414847373962004, 25.0018037828149 ] } },
{ "type": "Feature", "properties": { "GymType": "陸上/射擊運動設施/田徑場", "Name": "永吉國小田徑場", "Addr": "新北市鶯歌區德昌二街2號", "OperationTel": "02-26704177#203", "WebUrl": "http://www.yces.ntpc.edu.tw", "Lat": 24.958670130576799, "Lng": 121.33311510086099, "PassEasyEle": 1.0, "PassEasyParking": 1.0, "PassEasyShower": 0.0, "PassEasyToilet": 1.0, "PassEasyWay": 1.0, "WheelchairAuditorium": 0.0 }, "geometry": { "type": "Point", "coordinates": [ 121.333115100860994, 24.958670130576799 ] } },
{ "type": "Feature", "properties": { "GymType": "陸上/射擊運動設施/田徑場", "Name": "雙溪高中田徑場", "Addr": "新北市雙溪區梅竹蹊3號", "OperationTel": "02-24931028#221", "WebUrl": "http://www.sxhs.ntpc.edu.tw", "Lat": 25.036446103481602, "Lng": 121.862030625343, "PassEasyEle": 0.0, "PassEasyParking": 0.0, "PassEasyShower": 0.0, "PassEasyToilet": 0.0, "PassEasyWay": 0.0, "WheelchairAuditorium": 0.0 }, "geometry": { "type": "Point", "coordinates": [ 121.862030625342996, 25.036446103481602 ] } },
{ "type": "Feature", "properties": { "GymType": "球類運動設施/籃球場館", "Name": "瑞柑國小籃球場", "Addr": "新北市瑞芳區明燈路一段18巷13號", "OperationTel": "02-24971009#15", "WebUrl": "http://www.rges.ntpc.edu.tw", "Lat": 25.1103958070046, "Lng": 121.823442864261, "PassEasyEle": 0.0, "PassEasyParking": 0.0, "PassEasyShower": 0.0, "PassEasyToilet": 0.0, "PassEasyWay": 0.0, "WheelchairAuditorium": 0.0 }, "geometry": { "type": "Point", "coordinates": [ 121.823442864260997, 25.1103958070046 ] } },
{ "type": "Feature", "properties": { "GymType": "陸上/射擊運動設施/田徑場", "Name": "操場", "Addr": "新北市貢寮區福隆里東興街35號", "OperationTel": "02-24991449", "WebUrl": "http://www.flps.ntpc.edu.tw", "Lat": 25.0173725263402, "Lng": 121.948505043983, "PassEasyEle": 0.0, "PassEasyParking": 0.0, "PassEasyShower": 0.0, "PassEasyToilet": 1.0, "PassEasyWay": 0.0, "WheelchairAuditorium": 0.0 }, "geometry": { "type": "Point", "coordinates": [ 121.948505043983005, 25.0173725263402 ] } },
{ "type": "Feature", "properties": { "GymType": "球類運動設施/籃球場館", "Name": "籃球場", "Addr": "新北市樹林區千歲街59號", "OperationTel": "02-26812625#833", "WebUrl": "http://www.twles.ntpc.edu.tw/default_page.asp", "Lat": 24.997678525088201, "Lng": 121.424267292023, "PassEasyEle": 0.0, "PassEasyParking": 0.0, "PassEasyShower": 0.0, "PassEasyToilet": 1.0, "PassEasyWay": 1.0, "WheelchairAuditorium": 0.0 }, "geometry": { "type": "Point", "coordinates": [ 121.424267292023004, 24.997678525088201 ] } },
{ "type": "Feature", "properties": { "GymType": "陸上/射擊運動設施/田徑場", "Name": "學校操場", "Addr": "新北市板橋區新翠里英士路179號", "OperationTel": "02-22577193#52", "WebUrl": "http://www.wdps.ntpc.edu.tw/", "Lat": 25.023317539740201, "Lng": 121.45880877971599, "PassEasyEle": 0.0, "PassEasyParking": 0.0, "PassEasyShower": 0.0, "PassEasyToilet": 0.0, "PassEasyWay": 0.0, "WheelchairAuditorium": 0.0 }, "geometry": { "type": "Point", "coordinates": [ 121.458808779715994, 25.023317539740201 ] } },
{ "type": "Feature", "properties": { "GymType": "陸上/射擊運動設施/田徑場", "Name": "石門國中田徑場", "Addr": "新北市石門區中央路1之9號", "OperationTel": "02-26381273#134", "WebUrl": "http://www.smjh.ntpc.edu.tw/default.asp", "Lat": 25.291357611316499, "Lng": 121.56302654730101, "PassEasyEle": 0.0, "PassEasyParking": 0.0, "PassEasyShower": 0.0, "PassEasyToilet": 0.0, "PassEasyWay": 0.0, "WheelchairAuditorium": 0.0 }, "geometry": { "type": "Point", "coordinates": [ 121.563026547301007, 25.291357611316499 ] } },
{ "type": "Feature", "properties": { "GymType": "球類運動設施/籃球場館", "Name": "文德國小籃球場", "Addr": "新北市板橋區新翠里英士路179號", "OperationTel": "02-22577193#52", "WebUrl": "http://www.wdps.ntpc.edu.tw/", "Lat": 25.023317539740201, "Lng": 121.45880877971599, "PassEasyEle": 0.0, "PassEasyParking": 0.0, "PassEasyShower": 0.0, "PassEasyToilet": 0.0, "PassEasyWay": 0.0, "WheelchairAuditorium": 0.0 }, "geometry": { "type": "Point", "coordinates": [ 121.458808779715994, 25.023317539740201 ] } },
{ "type": "Feature", "properties": { "GymType": "球類運動設施/籃球場館", "Name": "三和國中籃球場", "Addr": "新北市三重區三和路四段216號", "OperationTel": "02-22879890#205", "WebUrl": null, "Lat": 25.076346898483099, "Lng": 121.486788243055, "PassEasyEle": 0.0, "PassEasyParking": 0.0, "PassEasyShower": 0.0, "PassEasyToilet": 0.0, "PassEasyWay": 0.0, "WheelchairAuditorium": 0.0 }, "geometry": { "type": "Point", "coordinates": [ 121.486788243055003, 25.076346898483099 ] } },
{ "type": "Feature", "properties": { "GymType": "陸上/射擊運動設施/田徑場", "Name": "景新國小操場", "Addr": "新北市中和區景新街467巷37號", "OperationTel": "02-29448021#823", "WebUrl": "http://www.jsps.ntpc.edu.tw", "Lat": 24.9891528777597, "Lng": 121.515149921179, "PassEasyEle": 0.0, "PassEasyParking": 0.0, "PassEasyShower": 0.0, "PassEasyToilet": 0.0, "PassEasyWay": 0.0, "WheelchairAuditorium": 0.0 }, "geometry": { "type": "Point", "coordinates": [ 121.515149921179002, 24.9891528777597 ] } },
{ "type": "Feature", "properties": { "GymType": "陸上/射擊運動設施/田徑場", "Name": "屯山國小操場", "Addr": "新北市淡水區淡金路五段111號", "OperationTel": "02-28012591#830", "WebUrl": "http://www.ttses.ntpc.edu.tw", "Lat": 25.237568026024199, "Lng": 121.456201672554, "PassEasyEle": 0.0, "PassEasyParking": 0.0, "PassEasyShower": 0.0, "PassEasyToilet": 0.0, "PassEasyWay": 0.0, "WheelchairAuditorium": 0.0 }, "geometry": { "type": "Point", "coordinates": [ 121.456201672554002, 25.237568026024199 ] } },
{ "type": "Feature", "properties": { "GymType": "陸上/射擊運動設施/田徑場", "Name": "田徑場", "Addr": "新北市林口區公園路46號", "OperationTel": "02-26008457#166", "WebUrl": "http://www.lles.ntpc.edu.tw", "Lat": 25.068437749943801, "Lng": 121.368627548218, "PassEasyEle": 0.0, "PassEasyParking": 1.0, "PassEasyShower": 0.0, "PassEasyToilet": 0.0, "PassEasyWay": 4.0, "WheelchairAuditorium": 0.0 }, "geometry": { "type": "Point", "coordinates": [ 121.368627548218001, 25.068437749943801 ] } },
{ "type": "Feature", "properties": { "GymType": "球類運動設施/籃球場館", "Name": "義學國中籃球場", "Addr": "新北市泰山區民生路33號", "OperationTel": "02-22961168#290", "WebUrl": "http://www.yhjh.ntpc.edu.tw", "Lat": 25.0514116325811, "Lng": 121.431058645248, "PassEasyEle": 0.0, "PassEasyParking": 0.0, "PassEasyShower": 0.0, "PassEasyToilet": 0.0, "PassEasyWay": 0.0, "WheelchairAuditorium": 0.0 }, "geometry": { "type": "Point", "coordinates": [ 121.431058645248001, 25.0514116325811 ] } },
{ "type": "Feature", "properties": { "GymType": "球類運動設施/排球場館", "Name": "義學國中排球場", "Addr": "新北市泰山區民生路33號", "OperationTel": "02-22961168#290", "WebUrl": "http://www.yhjh.ntpc.edu.tw", "Lat": 25.0505387165407, "Lng": 121.43056511879, "PassEasyEle": 0.0, "PassEasyParking": 0.0, "PassEasyShower": 0.0, "PassEasyToilet": 0.0, "PassEasyWay": 0.0, "WheelchairAuditorium": 0.0 }, "geometry": { "type": "Point", "coordinates": [ 121.43056511879, 25.0505387165407 ] } },
{ "type": "Feature", "properties": { "GymType": "球類運動設施/籃球場館", "Name": "崇德國小籃球場", "Addr": "新北市汐止區茄苳里茄苳路158號", "OperationTel": "02-86482052", "WebUrl": "http://www.cdps.ntpc.edu.tw", "Lat": 25.069578418919701, "Lng": 121.669186502695, "PassEasyEle": 0.0, "PassEasyParking": 0.0, "PassEasyShower": 0.0, "PassEasyToilet": 0.0, "PassEasyWay": 0.0, "WheelchairAuditorium": 0.0 }, "geometry": { "type": "Point", "coordinates": [ 121.669186502694998, 25.069578418919701 ] } },
{ "type": "Feature", "properties": { "GymType": "陸上/射擊運動設施/田徑場", "Name": "萬里國中田徑場", "Addr": "新北市萬里區獅頭路24號", "OperationTel": "02-24922053#32", "WebUrl": "http://www.wljhs.ntpc.edu.tw", "Lat": 25.177888626335498, "Lng": 121.695143580437, "PassEasyEle": 0.0, "PassEasyParking": 0.0, "PassEasyShower": 0.0, "PassEasyToilet": 0.0, "PassEasyWay": 0.0, "WheelchairAuditorium": 0.0 }, "geometry": { "type": "Point", "coordinates": [ 121.695143580437005, 25.177888626335498 ] } },
{ "type": "Feature", "properties": { "GymType": "球類運動設施/籃球場館", "Name": "萬里國中半戶外籃球場", "Addr": "新北市萬里區獅頭路24號", "OperationTel": "02-24922053#32", "WebUrl": "http://www.wljhs.ntpc.edu.tw", "Lat": 25.1779177548419, "Lng": 121.695438623428, "PassEasyEle": 0.0, "PassEasyParking": 0.0, "PassEasyShower": 0.0, "PassEasyToilet": 0.0, "PassEasyWay": 0.0, "WheelchairAuditorium": 0.0 }, "geometry": { "type": "Point", "coordinates": [ 121.695438623428004, 25.1779177548419 ] } },
{ "type": "Feature", "properties": { "GymType": "陸上/射擊運動設施/田徑場", "Name": "樟樹國際實中田徑場", "Addr": "新北市汐止區樟樹二路135號", "OperationTel": "02-26430686#203", "WebUrl": "http://www.ctjhs.ntpc.edu.tw", "Lat": 25.064987738660001, "Lng": 121.638790369034, "PassEasyEle": 0.0, "PassEasyParking": 0.0, "PassEasyShower": 0.0, "PassEasyToilet": 0.0, "PassEasyWay": 0.0, "WheelchairAuditorium": 0.0 }, "geometry": { "type": "Point", "coordinates": [ 121.638790369033998, 25.064987738660001 ] } },
{ "type": "Feature", "properties": { "GymType": "球類運動設施/籃球場館", "Name": "新北市三和國小籃球場", "Addr": "新北市金山區重和里十鄰六股林口38號", "OperationTel": "02-24080417#16", "WebUrl": "http://www.sanho.ntpc.edu.tw", "Lat": 25.2190548179071, "Lng": 121.60239279270201, "PassEasyEle": 0.0, "PassEasyParking": 0.0, "PassEasyShower": 0.0, "PassEasyToilet": 0.0, "PassEasyWay": 0.0, "WheelchairAuditorium": 0.0 }, "geometry": { "type": "Point", "coordinates": [ 121.602392792702005, 25.2190548179071 ] } },
{ "type": "Feature", "properties": { "GymType": "陸上/射擊運動設施/田徑場", "Name": "新北市三和國小田徑場", "Addr": "新北市金山區重和里十鄰六股林口38號", "OperationTel": "02-24080417#16", "WebUrl": "http://www.sanho.ntpc.edu.tw", "Lat": 25.218695687186901, "Lng": 121.60226941108699, "PassEasyEle": 0.0, "PassEasyParking": 0.0, "PassEasyShower": 0.0, "PassEasyToilet": 0.0, "PassEasyWay": 0.0, "WheelchairAuditorium": 0.0 }, "geometry": { "type": "Point", "coordinates": [ 121.602269411086994, 25.218695687186901 ] } },
{ "type": "Feature", "properties": { "GymType": "陸上/射擊運動設施/田徑場", "Name": "自強國小田徑場", "Addr": "新北市中和區莒光路200號", "OperationTel": "02-29557936", "WebUrl": "http://www.jcps.ntpc.edu.tw", "Lat": 24.9986809000122, "Lng": 121.47023654568299, "PassEasyEle": 0.0, "PassEasyParking": 0.0, "PassEasyShower": 0.0, "PassEasyToilet": 0.0, "PassEasyWay": 0.0, "WheelchairAuditorium": 0.0 }, "geometry": { "type": "Point", "coordinates": [ 121.470236545682994, 24.9986809000122 ] } },
{ "type": "Feature", "properties": { "GymType": "球類運動設施/羽球場館", "Name": "中山國中朝陽館", "Addr": "新北市板橋區文化路一段188巷56號", "OperationTel": "02-22508250#232", "WebUrl": "https://www.csjh.ntpc.edu.tw/", "Lat": 25.0183301644681, "Lng": 121.467504501343, "PassEasyEle": 0.0, "PassEasyParking": 0.0, "PassEasyShower": 0.0, "PassEasyToilet": 0.0, "PassEasyWay": 0.0, "WheelchairAuditorium": 0.0 }, "geometry": { "type": "Point", "coordinates": [ 121.467504501343001, 25.0183301644681 ] } },
{ "type": "Feature", "properties": { "GymType": "球類運動設施/桌球場館", "Name": "中山國中朝陽館地下室", "Addr": "新北市板橋區文化路一段188巷56號", "OperationTel": "02-22508250#232", "WebUrl": "https://www.csjh.ntpc.edu.tw/", "Lat": 25.018305859024199, "Lng": 121.467515230179, "PassEasyEle": 0.0, "PassEasyParking": 0.0, "PassEasyShower": 0.0, "PassEasyToilet": 0.0, "PassEasyWay": 0.0, "WheelchairAuditorium": 0.0 }, "geometry": { "type": "Point", "coordinates": [ 121.467515230179004, 25.018305859024199 ] } },
{ "type": "Feature", "properties": { "GymType": "球類運動設施/籃球場館", "Name": "籃球場", "Addr": "新北市八里區米倉里龍米路2段129巷1號", "OperationTel": "02-26182202#224", "WebUrl": "http://www.mtes.ntpc.edu.tw", "Lat": 25.147498949186101, "Lng": 121.44556403160099, "PassEasyEle": 0.0, "PassEasyParking": 1.0, "PassEasyShower": 0.0, "PassEasyToilet": 0.0, "PassEasyWay": 0.0, "WheelchairAuditorium": 0.0 }, "geometry": { "type": "Point", "coordinates": [ 121.445564031600995, 25.147498949186101 ] } },
{ "type": "Feature", "properties": { "GymType": "球類運動設施/籃球場館", "Name": "自強國小籃球場", "Addr": "新北市中和區莒光路200號", "OperationTel": "02-29557936", "WebUrl": "http://www.jcps.ntpc.edu.tw", "Lat": 24.998489925772201, "Lng": 121.47071011666399, "PassEasyEle": 0.0, "PassEasyParking": 0.0, "PassEasyShower": 0.0, "PassEasyToilet": 0.0, "PassEasyWay": 0.0, "WheelchairAuditorium": 0.0 }, "geometry": { "type": "Point", "coordinates": [ 121.470710116663994, 24.998489925772201 ] } },
{ "type": "Feature", "properties": { "GymType": "球類運動設施/籃球場館", "Name": "瑞亭國小籃球場", "Addr": "22445新北市瑞芳區四腳亭埔路23號", "OperationTel": "02-24971726#203", "WebUrl": "http://www.rtes.ntpc.edu.tw", "Lat": 25.102709060898, "Lng": 121.777763664722, "PassEasyEle": 0.0, "PassEasyParking": 0.0, "PassEasyShower": 0.0, "PassEasyToilet": 0.0, "PassEasyWay": 0.0, "WheelchairAuditorium": 0.0 }, "geometry": { "type": "Point", "coordinates": [ 121.777763664722002, 25.102709060898 ] } },
{ "type": "Feature", "properties": { "GymType": "球類運動設施/排球場館", "Name": "泰山高中排球場", "Addr": "新北市泰山區辭修路7號", "OperationTel": "02-22963625#303", "WebUrl": "http://www.tssh.ntpc.edu.tw", "Lat": 25.057644235294099, "Lng": 121.429599523544, "PassEasyEle": 0.0, "PassEasyParking": 0.0, "PassEasyShower": 0.0, "PassEasyToilet": 0.0, "PassEasyWay": 1.0, "WheelchairAuditorium": 0.0 }, "geometry": { "type": "Point", "coordinates": [ 121.429599523543999, 25.057644235294099 ] } },
{ "type": "Feature", "properties": { "GymType": "球類運動設施/足球場館", "Name": "田徑足球場", "Addr": "新北市蘆洲區中正路265號", "OperationTel": "02-22811571#215", "WebUrl": "http://www.lcjh.ntpc.edu.tw", "Lat": 25.0866555991574, "Lng": 121.465208530426, "PassEasyEle": 0.0, "PassEasyParking": 0.0, "PassEasyShower": 0.0, "PassEasyToilet": 0.0, "PassEasyWay": 1.0, "WheelchairAuditorium": 0.0 }, "geometry": { "type": "Point", "coordinates": [ 121.465208530425997, 25.0866555991574 ] } },
{ "type": "Feature", "properties": { "GymType": "球類運動設施/籃球場館", "Name": "戶外籃球場", "Addr": "新北市蘆洲區中正路265號", "OperationTel": "02-22811571#215", "WebUrl": "http://www.lcjh.ntpc.edu.tw", "Lat": 25.085713069914402, "Lng": 121.46561890840501, "PassEasyEle": 0.0, "PassEasyParking": 0.0, "PassEasyShower": 0.0, "PassEasyToilet": 0.0, "PassEasyWay": 0.0, "WheelchairAuditorium": 0.0 }, "geometry": { "type": "Point", "coordinates": [ 121.465618908405006, 25.085713069914402 ] } },
{ "type": "Feature", "properties": { "GymType": "球類運動設施/排球場館", "Name": "蘆洲國中排球場", "Addr": "新北市蘆洲區中正路265號", "OperationTel": "02-22811571#215", "WebUrl": "http://www.lcjh.ntpc.edu.tw", "Lat": 25.086177047845801, "Lng": 121.465600132942, "PassEasyEle": 0.0, "PassEasyParking": 0.0, "PassEasyShower": 0.0, "PassEasyToilet": 0.0, "PassEasyWay": 0.0, "WheelchairAuditorium": 0.0 }, "geometry": { "type": "Point", "coordinates": [ 121.465600132942001, 25.086177047845801 ] } },
{ "type": "Feature", "properties": { "GymType": "陸上/射擊運動設施/田徑場", "Name": "修德國小操場", "Addr": "新北市三重區重陽路三段3號", "OperationTel": "02-29800495#616", "WebUrl": "http://www.sude.ntpc.edu.tw", "Lat": 25.065395914076799, "Lng": 121.48936986923199, "PassEasyEle": 2.0, "PassEasyParking": 1.0, "PassEasyShower": 0.0, "PassEasyToilet": 1.0, "PassEasyWay": 4.0, "WheelchairAuditorium": 0.0 }, "geometry": { "type": "Point", "coordinates": [ 121.489369869231993, 25.065395914076799 ] } },
{ "type": "Feature", "properties": { "GymType": "陸上/射擊運動設施/田徑場", "Name": "沙崙國小外操場", "Addr": "新北市板橋區篤行路二段132號", "OperationTel": "02-26812764#824", "WebUrl": "http://www.sles.ntpc.edu.tw", "Lat": 24.989172618155798, "Lng": 121.429599523544, "PassEasyEle": 0.0, "PassEasyParking": 0.0, "PassEasyShower": 0.0, "PassEasyToilet": 0.0, "PassEasyWay": 0.0, "WheelchairAuditorium": 0.0 }, "geometry": { "type": "Point", "coordinates": [ 121.429599523543999, 24.989172618155798 ] } },
{ "type": "Feature", "properties": { "GymType": "球類運動設施/籃球場館", "Name": "蘆洲國中戶外籃球場", "Addr": "新北市蘆洲區中正路265號", "OperationTel": "02-22811571#215", "WebUrl": "http://www.lcjh.ntpc.edu.tw", "Lat": 25.0863404440775, "Lng": 121.46656733331, "PassEasyEle": 0.0, "PassEasyParking": 0.0, "PassEasyShower": 0.0, "PassEasyToilet": 0.0, "PassEasyWay": 0.0, "WheelchairAuditorium": 0.0 }, "geometry": { "type": "Point", "coordinates": [ 121.466567333309996, 25.0863404440775 ] } },
{ "type": "Feature", "properties": { "GymType": "球類運動設施/高爾夫球練習場", "Name": "高爾夫球練習場", "Addr": "新北市林口區下福里十九鄰10之1號", "OperationTel": "02-26062895#200", "WebUrl": null, "Lat": 25.1119189928731, "Lng": 121.312623023987, "PassEasyEle": 0.0, "PassEasyParking": 0.0, "PassEasyShower": 0.0, "PassEasyToilet": 0.0, "PassEasyWay": 0.0, "WheelchairAuditorium": 0.0 }, "geometry": { "type": "Point", "coordinates": [ 121.312623023987001, 25.1119189928731 ] } },
{ "type": "Feature", "properties": { "GymType": "球類運動設施/籃球場館", "Name": "萬里籃球場", "Addr": "新北市萬里區瑪鋉路54巷20號旁", "OperationTel": "02-24922064#404", "WebUrl": null, "Lat": 25.177213533629899, "Lng": 121.690600422966, "PassEasyEle": 0.0, "PassEasyParking": 0.0, "PassEasyShower": 0.0, "PassEasyToilet": 0.0, "PassEasyWay": 0.0, "WheelchairAuditorium": 1.0 }, "geometry": { "type": "Point", "coordinates": [ 121.690600422966, 25.177213533629899 ] } },
{ "type": "Feature", "properties": { "GymType": "球類運動設施/籃球場館", "Name": "土城國中室外籃球場", "Addr": "新北市土城區永寧路18號", "OperationTel": "02-22675135#401", "WebUrl": "http://www.tcjh.ntpc.edu.tw", "Lat": 24.962872077864098, "Lng": 121.429535150528, "PassEasyEle": 0.0, "PassEasyParking": 0.0, "PassEasyShower": 0.0, "PassEasyToilet": 0.0, "PassEasyWay": 0.0, "WheelchairAuditorium": 0.0 }, "geometry": { "type": "Point", "coordinates": [ 121.429535150527997, 24.962872077864098 ] } },
{ "type": "Feature", "properties": { "GymType": "球類運動設施/籃球場館", "Name": "新北高中籃球場", "Addr": "新北市三重區三信路1號", "OperationTel": "02-28577326#127", "WebUrl": "http://www.scsh.ntpc.edu.tw", "Lat": 25.087454799967901, "Lng": 121.489788293839, "PassEasyEle": 0.0, "PassEasyParking": 1.0, "PassEasyShower": 0.0, "PassEasyToilet": 6.0, "PassEasyWay": 0.0, "WheelchairAuditorium": 0.0 }, "geometry": { "type": "Point", "coordinates": [ 121.489788293838998, 25.087454799967901 ] } },
{ "type": "Feature", "properties": { "GymType": "球類運動設施/排球場館", "Name": "新北高中排球場", "Addr": "新北市三重區三信路1號", "OperationTel": "02-28577326#127", "WebUrl": "http://www.scsh.ntpc.edu.tw", "Lat": 25.088193266594399, "Lng": 121.491687297821, "PassEasyEle": 0.0, "PassEasyParking": 1.0, "PassEasyShower": 0.0, "PassEasyToilet": 6.0, "PassEasyWay": 0.0, "WheelchairAuditorium": 0.0 }, "geometry": { "type": "Point", "coordinates": [ 121.491687297821002, 25.088193266594399 ] } },
{ "type": "Feature", "properties": { "GymType": "球類運動設施/網球場館", "Name": "新北高中網球場", "Addr": "新北市三重區三信路1號", "OperationTel": "02-28577326#127", "WebUrl": "http://www.scsh.ntpc.edu.tw", "Lat": 25.087454799967901, "Lng": 121.489793658257, "PassEasyEle": 0.0, "PassEasyParking": 1.0, "PassEasyShower": 0.0, "PassEasyToilet": 6.0, "PassEasyWay": 0.0, "WheelchairAuditorium": 0.0 }, "geometry": { "type": "Point", "coordinates": [ 121.489793658257, 25.087454799967901 ] } },
{ "type": "Feature", "properties": { "GymType": "球類運動設施/排球場館", "Name": "溪崑國民中學室外排球場", "Addr": "新北市板橋區大觀路三段50巷30號", "OperationTel": "02-26869727", "WebUrl": "http://www.ckjhs.ntpc.edu.tw/", "Lat": 24.996871446093898, "Lng": 121.43148779869099, "PassEasyEle": 0.0, "PassEasyParking": 0.0, "PassEasyShower": 0.0, "PassEasyToilet": 0.0, "PassEasyWay": 0.0, "WheelchairAuditorium": 0.0 }, "geometry": { "type": "Point", "coordinates": [ 121.431487798690995, 24.996871446093898 ] } },
{ "type": "Feature", "properties": { "GymType": "球類運動設施/籃球場館", "Name": "野柳籃球場", "Addr": "新北市萬里區玉田路(野柳市民活動中心旁)", "OperationTel": "02-24922064#404", "WebUrl": null, "Lat": 25.202748667437898, "Lng": 121.685386377878, "PassEasyEle": 0.0, "PassEasyParking": 0.0, "PassEasyShower": 0.0, "PassEasyToilet": 0.0, "PassEasyWay": 0.0, "WheelchairAuditorium": 1.0 }, "geometry": { "type": "Point", "coordinates": [ 121.685386377878004, 25.202748667437898 ] } },
{ "type": "Feature", "properties": { "GymType": "阻力運動設施/多功能健身房/體適能中心（此空間中具有兩種以上之阻力運動器材設備）", "Name": "華梵大學健身房", "Addr": "新北市石碇區華梵路1號", "OperationTel": "02-26632102#2710", "WebUrl": "http://www.hfu.edu.tw", "Lat": 24.981264284385901, "Lng": 121.69139921648799, "PassEasyEle": 0.0, "PassEasyParking": 0.0, "PassEasyShower": 0.0, "PassEasyToilet": 0.0, "PassEasyWay": 0.0, "WheelchairAuditorium": 0.0 }, "geometry": { "type": "Point", "coordinates": [ 121.691399216487994, 24.981264284385901 ] } },
{ "type": "Feature", "properties": { "GymType": "陸上/射擊運動設施/田徑場", "Name": "新北高中運動操場", "Addr": "新北市三重區三信路1號", "OperationTel": "02-28577326#127", "WebUrl": "http://www.scsh.ntpc.edu.tw", "Lat": 25.087454799967901, "Lng": 121.489788293839, "PassEasyEle": 0.0, "PassEasyParking": 1.0, "PassEasyShower": 0.0, "PassEasyToilet": 6.0, "PassEasyWay": 0.0, "WheelchairAuditorium": 0.0 }, "geometry": { "type": "Point", "coordinates": [ 121.489788293838998, 25.087454799967901 ] } },
{ "type": "Feature", "properties": { "GymType": "球類運動設施/籃球場館", "Name": "能仁家商室外籃球場", "Addr": "新北市新店區文中路53巷10號", "OperationTel": "02-29182399", "WebUrl": "http://www.nrvs.ntpc.edu.tw", "Lat": 24.957881641557002, "Lng": 121.540050208569, "PassEasyEle": 0.0, "PassEasyParking": 2.0, "PassEasyShower": 0.0, "PassEasyToilet": 1.0, "PassEasyWay": 0.0, "WheelchairAuditorium": 0.0 }, "geometry": { "type": "Point", "coordinates": [ 121.540050208568999, 24.957881641557002 ] } },
{ "type": "Feature", "properties": { "GymType": "球類運動設施/籃球場館", "Name": "淡江大學五虎崗球場", "Addr": "新北市淡水區英專路151號", "OperationTel": "02-26230985", "WebUrl": "http://www.tku.edu.tw", "Lat": 25.175622601344902, "Lng": 121.45397007465399, "PassEasyEle": 0.0, "PassEasyParking": 0.0, "PassEasyShower": 0.0, "PassEasyToilet": 0.0, "PassEasyWay": 0.0, "WheelchairAuditorium": 0.0 }, "geometry": { "type": "Point", "coordinates": [ 121.453970074653995, 25.175622601344902 ] } },
{ "type": "Feature", "properties": { "GymType": "球類運動設施/棒、壘球打擊練習場", "Name": "大豐國小棒球打擊練習場", "Addr": "新北市新店區民族路108號", "OperationTel": "02-22192619#834", "WebUrl": "http://www.dfes.ntpc.edu.tw", "Lat": 24.978843679896102, "Lng": 121.537633538246, "PassEasyEle": 0.0, "PassEasyParking": 0.0, "PassEasyShower": 0.0, "PassEasyToilet": 0.0, "PassEasyWay": 0.0, "WheelchairAuditorium": 0.0 }, "geometry": { "type": "Point", "coordinates": [ 121.537633538245998, 24.978843679896102 ] } },
{ "type": "Feature", "properties": { "GymType": "球類運動設施/棒球場", "Name": "金龍國小內野紅土棒球練習場", "Addr": "新北市汐止區明峰街201號", "OperationTel": "02-26959941#224", "WebUrl": "http://www.gdps.ntpc.edu.tw/", "Lat": 25.068568945638201, "Lng": 121.6287535429, "PassEasyEle": 2.0, "PassEasyParking": 3.0, "PassEasyShower": 0.0, "PassEasyToilet": 3.0, "PassEasyWay": 3.0, "WheelchairAuditorium": 0.0 }, "geometry": { "type": "Point", "coordinates": [ 121.6287535429, 25.068568945638201 ] } },
{ "type": "Feature", "properties": { "GymType": "陸上/射擊運動設施/田徑場", "Name": "汐止國小田徑場暨簡易棒球場", "Addr": "新北市汐止區大同路二段313號", "OperationTel": "02-26477271#203", "WebUrl": "http://www.hjes.ntpc.edu.tw", "Lat": 25.066756488977099, "Lng": 121.655173301697, "PassEasyEle": 0.0, "PassEasyParking": 0.0, "PassEasyShower": 0.0, "PassEasyToilet": 2.0, "PassEasyWay": 0.0, "WheelchairAuditorium": 0.0 }, "geometry": { "type": "Point", "coordinates": [ 121.655173301697005, 25.066756488977099 ] } },
{ "type": "Feature", "properties": { "GymType": "球類運動設施/籃球場館", "Name": "大崁國小籃球場", "Addr": "新北市八里區忠八街2號", "OperationTel": "02-86305678#151", "WebUrl": null, "Lat": 25.1603374358235, "Lng": 121.419380307198, "PassEasyEle": 0.0, "PassEasyParking": 0.0, "PassEasyShower": 0.0, "PassEasyToilet": 0.0, "PassEasyWay": 0.0, "WheelchairAuditorium": 0.0 }, "geometry": { "type": "Point", "coordinates": [ 121.419380307197997, 25.1603374358235 ] } },
{ "type": "Feature", "properties": { "GymType": "球類運動設施/棒、壘球打擊練習場", "Name": "中華高中棒壘球打擊訓練場", "Addr": "新北市土城區城林路2號", "OperationTel": "02-22693684", "WebUrl": null, "Lat": 24.975676432924899, "Lng": 121.438027024269, "PassEasyEle": 0.0, "PassEasyParking": 0.0, "PassEasyShower": 0.0, "PassEasyToilet": 0.0, "PassEasyWay": 0.0, "WheelchairAuditorium": 0.0 }, "geometry": { "type": "Point", "coordinates": [ 121.438027024269005, 24.975676432924899 ] } },
{ "type": "Feature", "properties": { "GymType": "球類運動設施/棒球場", "Name": "八里國中棒球場", "Addr": "249新北市八里區八里大道7號", "OperationTel": "02-26102016", "WebUrl": "http://www.pljhs.ntpc.edu.tw", "Lat": 25.1511165868375, "Lng": 121.407133340836, "PassEasyEle": 0.0, "PassEasyParking": 0.0, "PassEasyShower": 0.0, "PassEasyToilet": 0.0, "PassEasyWay": 0.0, "WheelchairAuditorium": 0.0 }, "geometry": { "type": "Point", "coordinates": [ 121.407133340835998, 25.1511165868375 ] } },
{ "type": "Feature", "properties": { "GymType": "球類運動設施/棒、壘球打擊練習場", "Name": "崇義高中室內棒球打擊場", "Addr": "新北市汐止區大同路三段68號", "OperationTel": "02-86482078", "WebUrl": null, "Lat": 25.077397607008599, "Lng": 121.66907250881199, "PassEasyEle": 0.0, "PassEasyParking": 2.0, "PassEasyShower": 0.0, "PassEasyToilet": 0.0, "PassEasyWay": 0.0, "WheelchairAuditorium": 0.0 }, "geometry": { "type": "Point", "coordinates": [ 121.669072508811993, 25.077397607008599 ] } },
{ "type": "Feature", "properties": { "GymType": "球類運動設施/棒、壘球打擊練習場", "Name": "瑞芳國中棒球打擊練習場", "Addr": "新北市瑞芳區三爪子坑路1號", "OperationTel": "02-24972145", "WebUrl": "http://www.rfjh.ntpc.edu.tw", "Lat": 25.107289825802599, "Lng": 121.81482642889, "PassEasyEle": 0.0, "PassEasyParking": 0.0, "PassEasyShower": 0.0, "PassEasyToilet": 0.0, "PassEasyWay": 0.0, "WheelchairAuditorium": 0.0 }, "geometry": { "type": "Point", "coordinates": [ 121.814826428890001, 25.107289825802599 ] } },
{ "type": "Feature", "properties": { "GymType": "球類運動設施/棒、壘球打擊練習場", "Name": "汐止國中棒球打擊場 ", "Addr": "新北市汐止區禮門里大同路二段394號", "OperationTel": "02-26412065#1206", "WebUrl": null, "Lat": 25.0669024917363, "Lng": 121.65866067633, "PassEasyEle": 1.0, "PassEasyParking": 2.0, "PassEasyShower": 0.0, "PassEasyToilet": 0.0, "PassEasyWay": 0.0, "WheelchairAuditorium": 0.0 }, "geometry": { "type": "Point", "coordinates": [ 121.658660676330001, 25.0669024917363 ] } },
{ "type": "Feature", "properties": { "GymType": "陸上/射擊運動設施/田徑場", "Name": "瑞中田徑場", "Addr": "新北市瑞芳區三爪子坑路1號", "OperationTel": "02-24972145#0223", "WebUrl": "http://www.rfjh.ntpc.edu.tw", "Lat": 25.107901876834202, "Lng": 121.814973950386, "PassEasyEle": 0.0, "PassEasyParking": 4.0, "PassEasyShower": 0.0, "PassEasyToilet": 2.0, "PassEasyWay": 2.0, "WheelchairAuditorium": 0.0 }, "geometry": { "type": "Point", "coordinates": [ 121.814973950386005, 25.107901876834202 ] } },
{ "type": "Feature", "properties": { "GymType": "球類運動設施/籃球場館", "Name": "風雨球場", "Addr": "新北市深坑區文化街41號", "OperationTel": "02-26621455#32", "WebUrl": null, "Lat": 25.0002018282315, "Lng": 121.618791818619, "PassEasyEle": 0.0, "PassEasyParking": 0.0, "PassEasyShower": 0.0, "PassEasyToilet": 0.0, "PassEasyWay": 0.0, "WheelchairAuditorium": 0.0 }, "geometry": { "type": "Point", "coordinates": [ 121.618791818619002, 25.0002018282315 ] } },
{ "type": "Feature", "properties": { "GymType": "陸上/射擊運動設施/環形或直線慢跑場（非田徑場）", "Name": "直潭國小操場", "Addr": "新北市新店區直潭路92號", "OperationTel": "02-26667278#830", "WebUrl": "http://www.jtes.ntpc.edu.tw", "Lat": 24.9377944427081, "Lng": 121.530954837799, "PassEasyEle": 0.0, "PassEasyParking": 0.0, "PassEasyShower": 0.0, "PassEasyToilet": 0.0, "PassEasyWay": 0.0, "WheelchairAuditorium": 0.0 }, "geometry": { "type": "Point", "coordinates": [ 121.530954837799001, 24.9377944427081 ] } },
{ "type": "Feature", "properties": { "GymType": "球類運動設施/籃球場館", "Name": "樹林國小籃球場", "Addr": "新北市樹林區樹西里育英街176號", "OperationTel": "02-26812014#831", "WebUrl": null, "Lat": 24.989938816318599, "Lng": 121.417019963264, "PassEasyEle": 0.0, "PassEasyParking": 0.0, "PassEasyShower": 0.0, "PassEasyToilet": 0.0, "PassEasyWay": 0.0, "WheelchairAuditorium": 0.0 }, "geometry": { "type": "Point", "coordinates": [ 121.417019963263996, 24.989938816318599 ] } },
{ "type": "Feature", "properties": { "GymType": "球類運動設施/籃球場館", "Name": "三多國小籃球場", "Addr": "新北市樹林區三福街52號", "OperationTel": "02-26880698#133", "WebUrl": "http://www.sdes.ntpc.edu.tw", "Lat": 25.016419741906599, "Lng": 121.40601217746701, "PassEasyEle": 0.0, "PassEasyParking": 0.0, "PassEasyShower": 0.0, "PassEasyToilet": 0.0, "PassEasyWay": 0.0, "WheelchairAuditorium": 0.0 }, "geometry": { "type": "Point", "coordinates": [ 121.406012177467005, 25.016419741906599 ] } },
{ "type": "Feature", "properties": { "GymType": "陸上/射擊運動設施/田徑場", "Name": "新北市立新北特殊教育學校田徑場", "Addr": "新北市林口區文化北路一段425號                                        ", "OperationTel": "02-26006768", "WebUrl": null, "Lat": 25.078335341569399, "Lng": 121.36599898338299, "PassEasyEle": 0.0, "PassEasyParking": 0.0, "PassEasyShower": 0.0, "PassEasyToilet": 0.0, "PassEasyWay": 0.0, "WheelchairAuditorium": 0.0 }, "geometry": { "type": "Point", "coordinates": [ 121.365998983382994, 25.078335341569399 ] } },
{ "type": "Feature", "properties": { "GymType": "球類運動設施/籃球場館", "Name": "風雨操場", "Addr": "新北市五股區明德路2號", "OperationTel": "0987068920", "WebUrl": null, "Lat": 25.071314304783101, "Lng": 121.434910297394, "PassEasyEle": 0.0, "PassEasyParking": 0.0, "PassEasyShower": 0.0, "PassEasyToilet": 1.0, "PassEasyWay": 0.0, "WheelchairAuditorium": 0.0 }, "geometry": { "type": "Point", "coordinates": [ 121.434910297393998, 25.071314304783101 ] } },
{ "type": "Feature", "properties": { "GymType": "球類運動設施/排球場館", "Name": "三和國中排球場", "Addr": "新北市三重區三和路四段216號", "OperationTel": "02-22879890#205", "WebUrl": null, "Lat": 25.076348113180199, "Lng": 121.48678421974201, "PassEasyEle": 0.0, "PassEasyParking": 0.0, "PassEasyShower": 0.0, "PassEasyToilet": 0.0, "PassEasyWay": 0.0, "WheelchairAuditorium": 0.0 }, "geometry": { "type": "Point", "coordinates": [ 121.486784219742006, 25.076348113180199 ] } },
{ "type": "Feature", "properties": { "GymType": "球類運動設施/籃球場館", "Name": "廣福國小", "Addr": "新北市土城區學府路一段127號", "OperationTel": "02-22626782#303", "WebUrl": "http://www.gfes.ntpc.edu.tw", "Lat": 24.986894345163499, "Lng": 121.454806923866, "PassEasyEle": 0.0, "PassEasyParking": 0.0, "PassEasyShower": 0.0, "PassEasyToilet": 0.0, "PassEasyWay": 0.0, "WheelchairAuditorium": 0.0 }, "geometry": { "type": "Point", "coordinates": [ 121.454806923866002, 24.986894345163499 ] } },
{ "type": "Feature", "properties": { "GymType": "球類運動設施/籃球場館", "Name": "網溪國小活力館", "Addr": "新北市永和區竹林路79號", "OperationTel": "02-89264470#830", "WebUrl": null, "Lat": 25.013026602598998, "Lng": 121.519410610199, "PassEasyEle": 0.0, "PassEasyParking": 0.0, "PassEasyShower": 0.0, "PassEasyToilet": 0.0, "PassEasyWay": 0.0, "WheelchairAuditorium": 0.0 }, "geometry": { "type": "Point", "coordinates": [ 121.519410610199003, 25.013026602598998 ] } },
{ "type": "Feature", "properties": { "GymType": "球類運動設施/躲避球場", "Name": "廣福躲避球場", "Addr": "新北市土城區學府路一段127號", "OperationTel": "02-22626782#303", "WebUrl": "http://www.gfes.ntpc.edu.tw", "Lat": 24.986894345163499, "Lng": 121.454806923866, "PassEasyEle": 0.0, "PassEasyParking": 0.0, "PassEasyShower": 0.0, "PassEasyToilet": 0.0, "PassEasyWay": 0.0, "WheelchairAuditorium": 0.0 }, "geometry": { "type": "Point", "coordinates": [ 121.454806923866002, 24.986894345163499 ] } },
{ "type": "Feature", "properties": { "GymType": "球類運動設施/排球場館", "Name": "廣福國小排球場兼樂樂足球場兼躲避球場", "Addr": "新北市土城區學府路一段127號", "OperationTel": "02-22626782#303", "WebUrl": "http://www.gfes.ntpc.edu.tw", "Lat": 24.9868352678047, "Lng": 121.454814219396, "PassEasyEle": 0.0, "PassEasyParking": 0.0, "PassEasyShower": 0.0, "PassEasyToilet": 0.0, "PassEasyWay": 0.0, "WheelchairAuditorium": 0.0 }, "geometry": { "type": "Point", "coordinates": [ 121.454814219395999, 24.9868352678047 ] } },
{ "type": "Feature", "properties": { "GymType": "陸上/射擊運動設施/田徑場", "Name": "網溪國小田徑場", "Addr": "新北市永和區竹林路79號", "OperationTel": "02-89264470#830", "WebUrl": null, "Lat": 25.013026602598963, "Lng": 121.51941061019896, "PassEasyEle": 0.0, "PassEasyParking": 0.0, "PassEasyShower": 0.0, "PassEasyToilet": 0.0, "PassEasyWay": 0.0, "WheelchairAuditorium": 0.0 }, "geometry": { "type": "Point", "coordinates": [ 121.51941061019896, 25.013026602598963 ] } },
{ "type": "Feature", "properties": { "GymType": "球類運動設施/籃球場館", "Name": "新北市義方國小", "Addr": "新北市瑞芳區龍山里逢甲路360號", "OperationTel": "02-24970961#211", "WebUrl": "https://web.jfps.ntpc.edu.tw", "Lat": 25.113138188196402, "Lng": 121.80198132991799, "PassEasyEle": 0.0, "PassEasyParking": 0.0, "PassEasyShower": 0.0, "PassEasyToilet": 1.0, "PassEasyWay": 1.0, "WheelchairAuditorium": 0.0 }, "geometry": { "type": "Point", "coordinates": [ 121.801981329917993, 25.113138188196402 ] } },
{ "type": "Feature", "properties": { "GymType": "球類運動設施/籃球場館", "Name": "大同公園籃球場", "Addr": "241台灣新北市三重區大同北路184巷", "OperationTel": "02-29862345", "WebUrl": null, "Lat": 25.0655529853987, "Lng": 121.491221747699, "PassEasyEle": 0.0, "PassEasyParking": 0.0, "PassEasyShower": 0.0, "PassEasyToilet": 0.0, "PassEasyWay": 0.0, "WheelchairAuditorium": 0.0 }, "geometry": { "type": "Point", "coordinates": [ 121.491221747699001, 25.0655529853987 ] } },
{ "type": "Feature", "properties": { "GymType": "陸上/射擊運動設施/田徑場", "Name": "永平高中田徑場", "Addr": "新北市永和區永平路205號", "OperationTel": "02-22319670", "WebUrl": null, "Lat": 25.010586206621198, "Lng": 121.50838136673001, "PassEasyEle": 0.0, "PassEasyParking": 0.0, "PassEasyShower": 0.0, "PassEasyToilet": 0.0, "PassEasyWay": 0.0, "WheelchairAuditorium": 0.0 }, "geometry": { "type": "Point", "coordinates": [ 121.508381366730006, 25.010586206621198 ] } },
{ "type": "Feature", "properties": { "GymType": "球類運動設施/籃球場館", "Name": "三芝國小籃球場", "Addr": "新北市三芝區埔頭里育英街22號", "OperationTel": "02-26362005#131", "WebUrl": null, "Lat": 25.257441716036901, "Lng": 121.502527445555, "PassEasyEle": 0.0, "PassEasyParking": 0.0, "PassEasyShower": 0.0, "PassEasyToilet": 0.0, "PassEasyWay": 0.0, "WheelchairAuditorium": 0.0 }, "geometry": { "type": "Point", "coordinates": [ 121.502527445555003, 25.257441716036901 ] } },
{ "type": "Feature", "properties": { "GymType": "陸上/射擊運動設施/田徑場", "Name": "碧華國中田徑場", "Addr": "241新北市三重區三信路166號", "OperationTel": "02-29851121#633", "WebUrl": null, "Lat": 25.087163298757201, "Lng": 121.48892998695401, "PassEasyEle": 0.0, "PassEasyParking": 3.0, "PassEasyShower": 0.0, "PassEasyToilet": 3.0, "PassEasyWay": 2.0, "WheelchairAuditorium": 0.0 }, "geometry": { "type": "Point", "coordinates": [ 121.488929986954005, 25.087163298757201 ] } },
{ "type": "Feature", "properties": { "GymType": "陸上/射擊運動設施/田徑場", "Name": "碧華國小運動場", "Addr": "新北市三重區五華街160號", "OperationTel": "02-28577792#734", "WebUrl": "http://www2.bhes.ntpc.edu.tw/", "Lat": 25.0852883372654, "Lng": 121.489568352699, "PassEasyEle": 2.0, "PassEasyParking": 6.0, "PassEasyShower": 0.0, "PassEasyToilet": 6.0, "PassEasyWay": 2.0, "WheelchairAuditorium": 18.0 }, "geometry": { "type": "Point", "coordinates": [ 121.489568352698996, 25.0852883372654 ] } },
{ "type": "Feature", "properties": { "GymType": "舞蹈運動設施/多功能舞蹈運動教室（含舞蹈教室/韻律教室/瑜珈教室等類型空間）", "Name": "碧華國小舞蹈教室", "Addr": "新北市三重區五華街160號", "OperationTel": "02-28577792#734", "WebUrl": "http://www2.bhes.ntpc.edu.tw/", "Lat": 25.0852154607378, "Lng": 121.489520072937, "PassEasyEle": 1.0, "PassEasyParking": 4.0, "PassEasyShower": 0.0, "PassEasyToilet": 1.0, "PassEasyWay": 1.0, "WheelchairAuditorium": 0.0 }, "geometry": { "type": "Point", "coordinates": [ 121.489520072936998, 25.0852154607378 ] } },
{ "type": "Feature", "properties": { "GymType": "球類運動設施/桌球場館", "Name": "碧華國小桌球場", "Addr": "新北市三重區五華街160號", "OperationTel": "02-28577792#734", "WebUrl": "http://www2.bhes.ntpc.edu.tw/", "Lat": 25.085351117322599, "Lng": 121.489589810371, "PassEasyEle": 1.0, "PassEasyParking": 2.0, "PassEasyShower": 0.0, "PassEasyToilet": 1.0, "PassEasyWay": 1.0, "WheelchairAuditorium": 0.0 }, "geometry": { "type": "Point", "coordinates": [ 121.489589810371001, 25.085351117322599 ] } },
{ "type": "Feature", "properties": { "GymType": "球類運動設施/羽球場館", "Name": "東勢市民活動中心附設羽球場", "Addr": "新北市林口區麗園一街35號3樓", "OperationTel": "02-26033111#607", "WebUrl": null, "Lat": 25.068651550262601, "Lng": 121.377264261246, "PassEasyEle": 0.0, "PassEasyParking": 2.0, "PassEasyShower": 0.0, "PassEasyToilet": 1.0, "PassEasyWay": 1.0, "WheelchairAuditorium": 0.0 }, "geometry": { "type": "Point", "coordinates": [ 121.377264261245998, 25.068651550262601 ] } },
{ "type": "Feature", "properties": { "GymType": "球類運動設施/羽球場館", "Name": "麗林市民活動中心附設羽球場", "Addr": "新北市林口區麗林里公園路59號3樓", "OperationTel": "02-26033111#607", "WebUrl": null, "Lat": 25.068955194617399, "Lng": 121.367532294753, "PassEasyEle": 0.0, "PassEasyParking": 0.0, "PassEasyShower": 0.0, "PassEasyToilet": 1.0, "PassEasyWay": 1.0, "WheelchairAuditorium": 0.0 }, "geometry": { "type": "Point", "coordinates": [ 121.367532294753005, 25.068955194617399 ] } },
{ "type": "Feature", "properties": { "GymType": "球類運動設施/籃球場館", "Name": "平林3號橋下籃球場", "Addr": "新北市雙溪區平林里梅竹蹊平林三號橋下", "OperationTel": "02-24931111#222", "WebUrl": null, "Lat": 25.034801279515001, "Lng": 121.858099452397, "PassEasyEle": 0.0, "PassEasyParking": 0.0, "PassEasyShower": 0.0, "PassEasyToilet": 0.0, "PassEasyWay": 1.0, "WheelchairAuditorium": 0.0 }, "geometry": { "type": "Point", "coordinates": [ 121.858099452396999, 25.034801279515001 ] } },
{ "type": "Feature", "properties": { "GymType": "球類運動設施/籃球場館", "Name": "磺港籃球場", "Addr": "新北市金山區磺港里磺港路171-1號", "OperationTel": "02-24985965#185", "WebUrl": null, "Lat": 25.224233219373801, "Lng": 121.64384673493301, "PassEasyEle": 0.0, "PassEasyParking": 0.0, "PassEasyShower": 0.0, "PassEasyToilet": 0.0, "PassEasyWay": 0.0, "WheelchairAuditorium": 0.0 }, "geometry": { "type": "Point", "coordinates": [ 121.643846734933007, 25.224233219373801 ] } },
{ "type": "Feature", "properties": { "GymType": "競速運動設施/滑輪場/溜冰場", "Name": "貢寮區龍門公園", "Addr": "新北市貢寮區龍門里鄰台二線旁", "OperationTel": "02-24941601#402", "WebUrl": null, "Lat": 25.028867803007198, "Lng": 121.929780738993, "PassEasyEle": 0.0, "PassEasyParking": 0.0, "PassEasyShower": 0.0, "PassEasyToilet": 1.0, "PassEasyWay": 0.0, "WheelchairAuditorium": 0.0 }, "geometry": { "type": "Point", "coordinates": [ 121.929780738993003, 25.028867803007198 ] } },
{ "type": "Feature", "properties": { "GymType": "球類運動設施/籃球場館", "Name": "新北市樹林區民生公園", "Addr": " 樹林區保安街1段14巷旁 ", "OperationTel": "02-26812106#2601", "WebUrl": "https://www.shulin.ntpc.gov.tw/", "Lat": 24.993124483362401, "Lng": 121.42814263283999, "PassEasyEle": 0.0, "PassEasyParking": 0.0, "PassEasyShower": 0.0, "PassEasyToilet": 0.0, "PassEasyWay": 0.0, "WheelchairAuditorium": 0.0 }, "geometry": { "type": "Point", "coordinates": [ 121.428142632839993, 24.993124483362401 ] } },
{ "type": "Feature", "properties": { "GymType": "球類運動設施/籃球場館", "Name": "新北市樹林區大同公園", "Addr": "新北市樹林區太平路33巷8號", "OperationTel": "02-26812106#2610", "WebUrl": null, "Lat": 24.983583052294598, "Lng": 121.41975581646, "PassEasyEle": 0.0, "PassEasyParking": 0.0, "PassEasyShower": 0.0, "PassEasyToilet": 0.0, "PassEasyWay": 0.0, "WheelchairAuditorium": 0.0 }, "geometry": { "type": "Point", "coordinates": [ 121.419755816459997, 24.983583052294598 ] } },
{ "type": "Feature", "properties": { "GymType": "球類運動設施/籃球場館", "Name": "濂洞國小籃球場", "Addr": "新北市瑞芳區濓洞里洞頂路101巷80號", "OperationTel": "02-24961330#12", "WebUrl": null, "Lat": 25.122289050942999, "Lng": 121.86005115509001, "PassEasyEle": 0.0, "PassEasyParking": 0.0, "PassEasyShower": 0.0, "PassEasyToilet": 0.0, "PassEasyWay": 0.0, "WheelchairAuditorium": 0.0 }, "geometry": { "type": "Point", "coordinates": [ 121.860051155090005, 25.122289050942999 ] } },
{ "type": "Feature", "properties": { "GymType": "球類運動設施/躲避球場", "Name": "大豐國小和平樓前球場", "Addr": "新北市新店區民族路108號", "OperationTel": "02-22192619#834", "WebUrl": "http://www.dfes.ntpc.edu.tw", "Lat": 24.978061871584998, "Lng": 121.538221938436, "PassEasyEle": 0.0, "PassEasyParking": 0.0, "PassEasyShower": 0.0, "PassEasyToilet": 0.0, "PassEasyWay": 0.0, "WheelchairAuditorium": 0.0 }, "geometry": { "type": "Point", "coordinates": [ 121.538221938435996, 24.978061871584998 ] } },
{ "type": "Feature", "properties": { "GymType": "球類運動設施/籃球場館", "Name": "大豐國小大豐樓前球場", "Addr": "新北市新店區民族路108號", "OperationTel": "02-22192619#834", "WebUrl": "http://www.dfes.ntpc.edu.tw", "Lat": 24.978473577883001, "Lng": 121.53789470893599, "PassEasyEle": 0.0, "PassEasyParking": 0.0, "PassEasyShower": 0.0, "PassEasyToilet": 0.0, "PassEasyWay": 0.0, "WheelchairAuditorium": 0.0 }, "geometry": { "type": "Point", "coordinates": [ 121.537894708935994, 24.978473577883001 ] } },
{ "type": "Feature", "properties": { "GymType": "球類運動設施/籃球場館", "Name": "汐止國中風雨球場", "Addr": "新北市汐止區禮門里大同路二段394號", "OperationTel": "02-26412065#1206", "WebUrl": "http://www.hcjhs.ntpc.edu.tw", "Lat": 25.0662802894809, "Lng": 121.657791137695, "PassEasyEle": 0.0, "PassEasyParking": 0.0, "PassEasyShower": 0.0, "PassEasyToilet": 0.0, "PassEasyWay": 0.0, "WheelchairAuditorium": 0.0 }, "geometry": { "type": "Point", "coordinates": [ 121.657791137695, 25.0662802894809 ] } },
{ "type": "Feature", "properties": { "GymType": "球類運動設施/高爾夫球練習場", "Name": "高爾夫打擊練習場", "Addr": "新北市石門區尖鹿里中央路9號", "OperationTel": "02-26381263#21", "WebUrl": "http://www.smes.ntpc.edu.tw", "Lat": 25.2919236606608, "Lng": 121.566966574528, "PassEasyEle": 1.0, "PassEasyParking": 2.0, "PassEasyShower": 0.0, "PassEasyToilet": 1.0, "PassEasyWay": 0.0, "WheelchairAuditorium": 0.0 }, "geometry": { "type": "Point", "coordinates": [ 121.566966574527996, 25.2919236606608 ] } },
{ "type": "Feature", "properties": { "GymType": "球類運動設施/桌球場館", "Name": "華僑高級中學桌球教室", "Addr": "新北市板橋區大觀路一段32號", "OperationTel": "02-29684131#341", "WebUrl": "http://www.nocsh.ntpc.edu.tw", "Lat": 25.005418525425402, "Lng": 121.446674571256, "PassEasyEle": 0.0, "PassEasyParking": 0.0, "PassEasyShower": 0.0, "PassEasyToilet": 0.0, "PassEasyWay": 1.0, "WheelchairAuditorium": 0.0 }, "geometry": { "type": "Point", "coordinates": [ 121.446674571255997, 25.005418525425402 ] } },
{ "type": "Feature", "properties": { "GymType": "陸上/射擊運動設施/田徑場", "Name": "南勢國小操場", "Addr": "新北市林口區南勢五街2號", "OperationTel": "02-26091020#823", "WebUrl": "http://www.nses.ntpc.edu.tw", "Lat": 25.074637954079101, "Lng": 121.358349004391, "PassEasyEle": 0.0, "PassEasyParking": 0.0, "PassEasyShower": 0.0, "PassEasyToilet": 0.0, "PassEasyWay": 2.0, "WheelchairAuditorium": 0.0 }, "geometry": { "type": "Point", "coordinates": [ 121.358349004391002, 25.074637954079101 ] } },
{ "type": "Feature", "properties": { "GymType": "球類運動設施/籃球場館", "Name": "佳林國中籃球場", "Addr": "新北市林口區中山路268號", "OperationTel": "02-26028555#340", "WebUrl": "http://www.jljh.ntpc.edu.tw/default.asp", "Lat": 25.080584090100999, "Lng": 121.384309804117, "PassEasyEle": 0.0, "PassEasyParking": 0.0, "PassEasyShower": 0.0, "PassEasyToilet": 0.0, "PassEasyWay": 0.0, "WheelchairAuditorium": 0.0 }, "geometry": { "type": "Point", "coordinates": [ 121.384309804116995, 25.080584090100999 ] } },
{ "type": "Feature", "properties": { "GymType": "水上/冰上運動設施/游泳池", "Name": "新店高中游泳池", "Addr": "新北市新店區中央路93號", "OperationTel": "02-22193700", "WebUrl": "http://www.htsh.ntpc.edu.tw", "Lat": 24.975550000688099, "Lng": 121.532043814659, "PassEasyEle": 0.0, "PassEasyParking": 0.0, "PassEasyShower": 0.0, "PassEasyToilet": 0.0, "PassEasyWay": 0.0, "WheelchairAuditorium": 0.0 }, "geometry": { "type": "Point", "coordinates": [ 121.532043814659005, 24.975550000688099 ] } },
{ "type": "Feature", "properties": { "GymType": "水上/冰上運動設施/游泳池", "Name": "康橋雙語學校(林口校區)", "Addr": "244新北市林口區興林路55號", "OperationTel": "02-85128239", "WebUrl": "http://www.kcbs.ntpc.edu.tw/_LinkouCampus/zh/", "Lat": 25.0741907920616, "Lng": 121.38992428779601, "PassEasyEle": 1.0, "PassEasyParking": 4.0, "PassEasyShower": 1.0, "PassEasyToilet": 2.0, "PassEasyWay": 2.0, "WheelchairAuditorium": 0.0 }, "geometry": { "type": "Point", "coordinates": [ 121.389924287796006, 25.0741907920616 ] } },
{ "type": "Feature", "properties": { "GymType": "陸上/射擊運動設施/田徑場", "Name": "積穗國小操場", "Addr": "新北市中和區員山路154號", "OperationTel": "02-22225533#822", "WebUrl": "http://www.tjsps.ntpc.edu.tw", "Lat": 24.9991386834316, "Lng": 121.482354300097, "PassEasyEle": 0.0, "PassEasyParking": 0.0, "PassEasyShower": 0.0, "PassEasyToilet": 0.0, "PassEasyWay": 0.0, "WheelchairAuditorium": 0.0 }, "geometry": { "type": "Point", "coordinates": [ 121.482354300097001, 24.9991386834316 ] } },
{ "type": "Feature", "properties": { "GymType": "水上/冰上運動設施/游泳池", "Name": "江翠國中游泳池", "Addr": "新北市板橋區松江街63號", "OperationTel": "02-22500125", "WebUrl": "https://www.facebook.com/HDPZZ/?rf=164525586929881", "Lat": 25.0280470953529, "Lng": 121.468378901482, "PassEasyEle": 1.0, "PassEasyParking": 5.0, "PassEasyShower": 1.0, "PassEasyToilet": 1.0, "PassEasyWay": 1.0, "WheelchairAuditorium": 0.0 }, "geometry": { "type": "Point", "coordinates": [ 121.468378901481998, 25.0280470953529 ] } },
{ "type": "Feature", "properties": { "GymType": "水上/冰上運動設施/游泳池", "Name": "三峽國民運動中心", "Addr": "新北市三峽區文化路210巷12號", "OperationTel": "02-26749088", "WebUrl": "https://scysports.com.tw/", "Lat": 24.937964736833301, "Lng": 121.368325529754, "PassEasyEle": 2.0, "PassEasyParking": 4.0, "PassEasyShower": 4.0, "PassEasyToilet": 4.0, "PassEasyWay": 0.0, "WheelchairAuditorium": 0.0 }, "geometry": { "type": "Point", "coordinates": [ 121.368325529754003, 24.937964736833301 ] } },
{ "type": "Feature", "properties": { "GymType": "球類運動設施/籃球場館", "Name": "鶯歌國民運動中心", "Addr": "新北市鶯歌區館前路250號", "OperationTel": "02-86782677", "WebUrl": "https://scysports.com.tw/", "Lat": 24.953854943376701, "Lng": 121.357770132352, "PassEasyEle": 0.0, "PassEasyParking": 0.0, "PassEasyShower": 0.0, "PassEasyToilet": 2.0, "PassEasyWay": 0.0, "WheelchairAuditorium": 0.0 }, "geometry": { "type": "Point", "coordinates": [ 121.357770132352002, 24.953854943376701 ] } },
{ "type": "Feature", "properties": { "GymType": "球類運動設施/籃球場館", "Name": "新北市林口區新林國民小學", "Addr": "新北市林口區三民路101號", "OperationTel": "02-26086521#830", "WebUrl": null, "Lat": 25.071157689223, "Lng": 121.36088778187001, "PassEasyEle": 0.0, "PassEasyParking": 0.0, "PassEasyShower": 0.0, "PassEasyToilet": 0.0, "PassEasyWay": 0.0, "WheelchairAuditorium": 0.0 }, "geometry": { "type": "Point", "coordinates": [ 121.360887781870005, 25.071157689223 ] } },
{ "type": "Feature", "properties": { "GymType": "陸上/射擊運動設施/環形或直線慢跑場（非田徑場）", "Name": "環形或直線慢跑場（非田徑場）", "Addr": "新北市新店區北宜路二段80號", "OperationTel": "02-22173146#231", "WebUrl": null, "Lat": 24.952756035854001, "Lng": 121.552981138229, "PassEasyEle": 0.0, "PassEasyParking": 0.0, "PassEasyShower": 0.0, "PassEasyToilet": 0.0, "PassEasyWay": 1.0, "WheelchairAuditorium": 0.0 }, "geometry": { "type": "Point", "coordinates": [ 121.552981138229001, 24.952756035854001 ] } },
{ "type": "Feature", "properties": { "GymType": "球類運動設施/足球場館", "Name": "私立康橋高中足球場", "Addr": "新北市新店區華城路800號", "OperationTel": "02-81952175", "WebUrl": "http://www.kcbs.ntpc.edu.tw", "Lat": 24.911509977166599, "Lng": 121.49618268013, "PassEasyEle": 0.0, "PassEasyParking": 0.0, "PassEasyShower": 0.0, "PassEasyToilet": 0.0, "PassEasyWay": 1.0, "WheelchairAuditorium": 0.0 }, "geometry": { "type": "Point", "coordinates": [ 121.496182680130005, 24.911509977166599 ] } },
{ "type": "Feature", "properties": { "GymType": "球類運動設施/足球場館", "Name": "足球場", "Addr": "新北市深坑區文化街41號", "OperationTel": "02-26621455", "WebUrl": null, "Lat": 25.0006640840183, "Lng": 121.61823658611, "PassEasyEle": 0.0, "PassEasyParking": 0.0, "PassEasyShower": 0.0, "PassEasyToilet": 0.0, "PassEasyWay": 0.0, "WheelchairAuditorium": 0.0 }, "geometry": { "type": "Point", "coordinates": [ 121.618236586110001, 25.0006640840183 ] } },
{ "type": "Feature", "properties": { "GymType": "球類運動設施/足球場館", "Name": "光興國小操場", "Addr": "新北市三重區正義南路62號", "OperationTel": "02-29755352#131", "WebUrl": "http://www.kses.ntpc.edu.tw", "Lat": 25.059713106942301, "Lng": 121.499495233932, "PassEasyEle": 1.0, "PassEasyParking": 5.0, "PassEasyShower": 0.0, "PassEasyToilet": 1.0, "PassEasyWay": 2.0, "WheelchairAuditorium": 0.0 }, "geometry": { "type": "Point", "coordinates": [ 121.499495233931995, 25.059713106942301 ] } },
{ "type": "Feature", "properties": { "GymType": "球類運動設施/排球場館", "Name": "北大綜合體育館", "Addr": "新北市三峽區大學路151號", "OperationTel": "02-26748189#68512", "WebUrl": "http://www.ntpu.edu.tw/chinese/", "Lat": 24.941249203359298, "Lng": 121.366200478222, "PassEasyEle": 1.0, "PassEasyParking": 3.0, "PassEasyShower": 1.0, "PassEasyToilet": 3.0, "PassEasyWay": 2.0, "WheelchairAuditorium": 0.0 }, "geometry": { "type": "Point", "coordinates": [ 121.366200478221998, 24.941249203359298 ] } },
{ "type": "Feature", "properties": { "GymType": "球類運動設施/網球場館", "Name": "第二運動公園網球場", "Addr": "24462新北市林口區民族路205號", "OperationTel": "02-26033111#204", "WebUrl": null, "Lat": 25.0780079115635, "Lng": 121.36780590848601, "PassEasyEle": 0.0, "PassEasyParking": 0.0, "PassEasyShower": 0.0, "PassEasyToilet": 1.0, "PassEasyWay": 0.0, "WheelchairAuditorium": 0.0 }, "geometry": { "type": "Point", "coordinates": [ 121.367805908486005, 25.0780079115635 ] } },
{ "type": "Feature", "properties": { "GymType": "球類運動設施/籃球場館", "Name": "北河公園天幕籃球場", "Addr": "新北市八里區忠孝路與忠八路口", "OperationTel": "02-26102621", "WebUrl": "http://www.bali.ntpc.gov.tw/web/Home?command=display&page=flash", "Lat": 25.1609008316508, "Lng": 121.420303337223, "PassEasyEle": 0.0, "PassEasyParking": 0.0, "PassEasyShower": 0.0, "PassEasyToilet": 0.0, "PassEasyWay": 0.0, "WheelchairAuditorium": 0.0 }, "geometry": { "type": "Point", "coordinates": [ 121.420303337223004, 25.1609008316508 ] } },
{ "type": "Feature", "properties": { "GymType": "球類運動設施/籃球場館", "Name": "龍米市民活動中心天幕籃球場", "Addr": "249新北市八里區龍形二街9號", "OperationTel": "02-26102621#253", "WebUrl": "http://www.bali.ntpc.gov.tw/web/Home?command=display&page=flash", "Lat": 25.132051158520099, "Lng": 121.450756788254, "PassEasyEle": 0.0, "PassEasyParking": 0.0, "PassEasyShower": 0.0, "PassEasyToilet": 0.0, "PassEasyWay": 0.0, "WheelchairAuditorium": 0.0 }, "geometry": { "type": "Point", "coordinates": [ 121.450756788253997, 25.132051158520099 ] } },
{ "type": "Feature", "properties": { "GymType": "球類運動設施/籃球場館", "Name": "訊塘社區公園籃球場", "Addr": "八里區中山路與商港路口", "OperationTel": "02-26102621#253", "WebUrl": "https://www.bali.ntpc.gov.tw/content/?parent_id=10007&type_id=10007", "Lat": 25.145591078311401, "Lng": 121.39615906980799, "PassEasyEle": 0.0, "PassEasyParking": 0.0, "PassEasyShower": 0.0, "PassEasyToilet": 0.0, "PassEasyWay": 0.0, "WheelchairAuditorium": 0.0 }, "geometry": { "type": "Point", "coordinates": [ 121.396159069807993, 25.145591078311401 ] } },
{ "type": "Feature", "properties": { "GymType": "球類運動設施/籃球場館", "Name": "頂罟市民活動中心天幕籃球場", "Addr": "新北市八里區八里大道12號", "OperationTel": "02-26102621#253", "WebUrl": "http://www.bali.ntpc.gov.tw/web/Home?command=display&page=flash", "Lat": 25.1536877151119, "Lng": 121.407156474888, "PassEasyEle": 0.0, "PassEasyParking": 0.0, "PassEasyShower": 0.0, "PassEasyToilet": 0.0, "PassEasyWay": 0.0, "WheelchairAuditorium": 0.0 }, "geometry": { "type": "Point", "coordinates": [ 121.407156474887998, 25.1536877151119 ] } },
{ "type": "Feature", "properties": { "GymType": "球類運動設施/籃球場館", "Name": "老梅國小風雨操場", "Addr": "新北市石門區老梅里老梅路10號", "OperationTel": "02-26381258#13", "WebUrl": "https://www.lmes.ntpc.edu.tw", "Lat": 25.289234795855201, "Lng": 121.545031070709, "PassEasyEle": 0.0, "PassEasyParking": 1.0, "PassEasyShower": 1.0, "PassEasyToilet": 1.0, "PassEasyWay": 1.0, "WheelchairAuditorium": 0.0 }, "geometry": { "type": "Point", "coordinates": [ 121.545031070709001, 25.289234795855201 ] } },
{ "type": "Feature", "properties": { "GymType": "球類運動設施/羽球場館", "Name": "清水國小羽球場", "Addr": "新北市土城區金城路二段356號", "OperationTel": "02-22618316#832", "WebUrl": "http://www.cses.ntpc.edu.tw", "Lat": 24.984852148647199, "Lng": 121.461292505264, "PassEasyEle": 0.0, "PassEasyParking": 0.0, "PassEasyShower": 0.0, "PassEasyToilet": 0.0, "PassEasyWay": 0.0, "WheelchairAuditorium": 0.0 }, "geometry": { "type": "Point", "coordinates": [ 121.461292505263998, 24.984852148647199 ] } },
{ "type": "Feature", "properties": { "GymType": "球類運動設施/排球場館", "Name": "風雨操場", "Addr": "新北市三峽區復興路238號", "OperationTel": "02-26711043#136", "WebUrl": "http://www.shjhs.ntpc.edu.tw", "Lat": 24.9411033080113, "Lng": 121.369968086003, "PassEasyEle": 0.0, "PassEasyParking": 0.0, "PassEasyShower": 0.0, "PassEasyToilet": 0.0, "PassEasyWay": 0.0, "WheelchairAuditorium": 0.0 }, "geometry": { "type": "Point", "coordinates": [ 121.369968086002999, 24.9411033080113 ] } },
{ "type": "Feature", "properties": { "GymType": "球類運動設施/籃球場館", "Name": "三峽區龍埔公園籃球場", "Addr": "新北市三峽區國光街60號", "OperationTel": "02-26711017#703", "WebUrl": null, "Lat": 24.939244319396298, "Lng": 121.37470524070901, "PassEasyEle": 0.0, "PassEasyParking": 0.0, "PassEasyShower": 0.0, "PassEasyToilet": 0.0, "PassEasyWay": 0.0, "WheelchairAuditorium": 0.0 }, "geometry": { "type": "Point", "coordinates": [ 121.374705240709005, 24.939244319396298 ] } },
{ "type": "Feature", "properties": { "GymType": "球類運動設施/籃球場館", "Name": "崇智樓活動中心", "Addr": "新北市林口區文化一路一段20號", "OperationTel": "02-26095829#124", "WebUrl": null, "Lat": 25.0684134544294, "Lng": 121.37016177177399, "PassEasyEle": 1.0, "PassEasyParking": 1.0, "PassEasyShower": 0.0, "PassEasyToilet": 2.0, "PassEasyWay": 1.0, "WheelchairAuditorium": 6.0 }, "geometry": { "type": "Point", "coordinates": [ 121.370161771773994, 25.0684134544294 ] } },
{ "type": "Feature", "properties": { "GymType": "球類運動設施/籃球場館", "Name": "三界壇廣場籃球場", "Addr": "新北市金山區三界里三界壇路101-1號", "OperationTel": "02-24985965#185", "WebUrl": null, "Lat": 25.230141843119601, "Lng": 121.62103382955701, "PassEasyEle": 0.0, "PassEasyParking": 0.0, "PassEasyShower": 0.0, "PassEasyToilet": 0.0, "PassEasyWay": 0.0, "WheelchairAuditorium": 0.0 }, "geometry": { "type": "Point", "coordinates": [ 121.621033829557007, 25.230141843119601 ] } },
{ "type": "Feature", "properties": { "GymType": "球類運動設施/籃球場館", "Name": "溪崑國中室外籃球場", "Addr": "新北市板橋區大觀路三段50巷30號", "OperationTel": "02-26869727#383", "WebUrl": "http://www.ckjhs.ntpc.edu.tw/", "Lat": 24.996103022136701, "Lng": 121.43217497797301, "PassEasyEle": 0.0, "PassEasyParking": 0.0, "PassEasyShower": 0.0, "PassEasyToilet": 0.0, "PassEasyWay": 0.0, "WheelchairAuditorium": 0.0 }, "geometry": { "type": "Point", "coordinates": [ 121.432174977973006, 24.996103022136701 ] } },
{ "type": "Feature", "properties": { "GymType": "球類運動設施/躲避球場", "Name": "大豐國小仁愛樓前球場", "Addr": "新北市新店區民族路108號", "OperationTel": "02-22192619#834", "WebUrl": "http://www.dfes.ntpc.edu.tw", "Lat": 24.978126166982801, "Lng": 121.537165148084, "PassEasyEle": 0.0, "PassEasyParking": 0.0, "PassEasyShower": 0.0, "PassEasyToilet": 1.0, "PassEasyWay": 0.0, "WheelchairAuditorium": 0.0 }, "geometry": { "type": "Point", "coordinates": [ 121.537165148084, 24.978126166982801 ] } },
{ "type": "Feature", "properties": { "GymType": "陸上/射擊運動設施/田徑場", "Name": "國泰國小跳遠場", "Addr": "新北市新莊區中正路386號", "OperationTel": "02-29043693#303", "WebUrl": "https://www.gtps.ntpc.edu.tw/", "Lat": 25.034139345668098, "Lng": 121.441726091562, "PassEasyEle": 2.0, "PassEasyParking": 0.0, "PassEasyShower": 0.0, "PassEasyToilet": 3.0, "PassEasyWay": 1.0, "WheelchairAuditorium": 0.0 }, "geometry": { "type": "Point", "coordinates": [ 121.441726091562003, 25.034139345668098 ] } },
{ "type": "Feature", "properties": { "GymType": "球類運動設施/籃球場館", "Name": "林口國民運動中心", "Addr": "新北市林口區文化二路2段299號", "OperationTel": "02-26029092", "WebUrl": "https://lkcsc.cyc.org.tw/", "Lat": 25.086045871017301, "Lng": 121.380558013916, "PassEasyEle": 2.0, "PassEasyParking": 2.0, "PassEasyShower": 2.0, "PassEasyToilet": 6.0, "PassEasyWay": 0.0, "WheelchairAuditorium": 0.0 }, "geometry": { "type": "Point", "coordinates": [ 121.380558013916001, 25.086045871017301 ] } },
{ "type": "Feature", "properties": { "GymType": "球類運動設施/籃球場館", "Name": "新北市深坑區昇高市民活動中心籃球場", "Addr": "新北市深坑區旺躭路25號", "OperationTel": "02-26623116", "WebUrl": null, "Lat": 25.004835041841499, "Lng": 121.628378033638, "PassEasyEle": 0.0, "PassEasyParking": 0.0, "PassEasyShower": 0.0, "PassEasyToilet": 0.0, "PassEasyWay": 0.0, "WheelchairAuditorium": 0.0 }, "geometry": { "type": "Point", "coordinates": [ 121.628378033638, 25.004835041841499 ] } },
{ "type": "Feature", "properties": { "GymType": "阻力運動設施/多功能健身房/體適能中心（此空間中具有兩種以上之阻力運動器材設備）", "Name": "飊動精準健康促進中心板橋店", "Addr": "新北市板橋區漢生東路278號1樓", "OperationTel": "02-29550277", "WebUrl": "https://www.facebook.com/TSoXsports", "Lat": 25.010014763640498, "Lng": 121.469320355791, "PassEasyEle": 0.0, "PassEasyParking": 0.0, "PassEasyShower": 0.0, "PassEasyToilet": 0.0, "PassEasyWay": 0.0, "WheelchairAuditorium": 0.0 }, "geometry": { "type": "Point", "coordinates": [ 121.469320355790998, 25.010014763640498 ] } },
{ "type": "Feature", "properties": { "GymType": "水上/冰上運動設施/游泳池", "Name": "永平高中游泳池", "Addr": "新北市永和區永平路205號", "OperationTel": "02-27852354", "WebUrl": "http://www.yphs.ntpc.edu.tw/", "Lat": 25.0105073240303, "Lng": 121.508450438686, "PassEasyEle": 0.0, "PassEasyParking": 1.0, "PassEasyShower": 1.0, "PassEasyToilet": 1.0, "PassEasyWay": 2.0, "WheelchairAuditorium": 0.0 }, "geometry": { "type": "Point", "coordinates": [ 121.508450438685998, 25.0105073240303 ] } },
{ "type": "Feature", "properties": { "GymType": "技擊運動設施/柔道場", "Name": "正德國中柔道場", "Addr": "新北市淡水區北新路109號", "OperationTel": "02-26205136", "WebUrl": "http://www.jdjh.ntpc.edu.tw", "Lat": 25.178728009796401, "Lng": 121.447875276456, "PassEasyEle": 0.0, "PassEasyParking": 0.0, "PassEasyShower": 0.0, "PassEasyToilet": 0.0, "PassEasyWay": 0.0, "WheelchairAuditorium": 0.0 }, "geometry": { "type": "Point", "coordinates": [ 121.447875276456003, 25.178728009796401 ] } },
{ "type": "Feature", "properties": { "GymType": "球類運動設施/沙灘排球場", "Name": "板橋國中沙灘排球場", "Addr": "新北市板橋區中正路437號", "OperationTel": "02-29666498#650", "WebUrl": "https://www.pcjh.ntpc.edu.tw/", "Lat": 25.026145468333802, "Lng": 121.45278981538, "PassEasyEle": 1.0, "PassEasyParking": 1.0, "PassEasyShower": 0.0, "PassEasyToilet": 1.0, "PassEasyWay": 1.0, "WheelchairAuditorium": 0.0 }, "geometry": { "type": "Point", "coordinates": [ 121.452789815380001, 25.026145468333802 ] } },
{ "type": "Feature", "properties": { "GymType": "球類運動設施/籃球場館", "Name": "操場-育林國小籃球場", "Addr": "新北市樹林區復興路395號", "OperationTel": "02-26832112#204", "WebUrl": null, "Lat": 24.9853238018074, "Lng": 121.41512632369999, "PassEasyEle": 0.0, "PassEasyParking": 0.0, "PassEasyShower": 0.0, "PassEasyToilet": 0.0, "PassEasyWay": 0.0, "WheelchairAuditorium": 0.0 }, "geometry": { "type": "Point", "coordinates": [ 121.415126323699994, 24.9853238018074 ] } },
{ "type": "Feature", "properties": { "GymType": "球類運動設施/排球場館", "Name": "土城國中操場旁排球場", "Addr": "新北市土城區永寧路18號", "OperationTel": "02-22675135#401", "WebUrl": "http://www.tcjh.ntpc.edu.tw", "Lat": 24.961137872712364, "Lng": 121.4301430982286, "PassEasyEle": 0.0, "PassEasyParking": 1.0, "PassEasyShower": 2.0, "PassEasyToilet": 2.0, "PassEasyWay": 4.0, "WheelchairAuditorium": 0.0 }, "geometry": { "type": "Point", "coordinates": [ 121.430143098228598, 24.961137872712364 ] } },
{ "type": "Feature", "properties": { "GymType": "球類運動設施/籃球場館", "Name": "新北特教戶外籃球場", "Addr": "新北市林口區文化北路一段425號                                        ", "OperationTel": "02-26006768#3005", "WebUrl": "http://210.60.207.4/default.asp", "Lat": 25.078335341569399, "Lng": 121.36599898338299, "PassEasyEle": 7.0, "PassEasyParking": 3.0, "PassEasyShower": 14.0, "PassEasyToilet": 53.0, "PassEasyWay": 5.0, "WheelchairAuditorium": 0.0 }, "geometry": { "type": "Point", "coordinates": [ 121.365998983382994, 25.078335341569399 ] } },
{ "type": "Feature", "properties": { "GymType": "阻力運動設施/多功能健身房/體適能中心（此空間中具有兩種以上之阻力運動器材設備）", "Name": "飛輪教室", "Addr": "新北市中和區民安街66號", "OperationTel": "02-22234747#831", "WebUrl": "http://www.gsjh.ntpc.edu.tw", "Lat": 25.0003087879136, "Lng": 121.479692459106, "PassEasyEle": 0.0, "PassEasyParking": 0.0, "PassEasyShower": 0.0, "PassEasyToilet": 0.0, "PassEasyWay": 0.0, "WheelchairAuditorium": 0.0 }, "geometry": { "type": "Point", "coordinates": [ 121.479692459106005, 25.0003087879136 ] } },
{ "type": "Feature", "properties": { "GymType": "球類運動設施/羽球場館", "Name": "羽球場", "Addr": "新北市樹林區三福街52號", "OperationTel": "02-26880698#133", "WebUrl": null, "Lat": 25.016419741906599, "Lng": 121.40601217746701, "PassEasyEle": 0.0, "PassEasyParking": 0.0, "PassEasyShower": 0.0, "PassEasyToilet": 0.0, "PassEasyWay": 0.0, "WheelchairAuditorium": 0.0 }, "geometry": { "type": "Point", "coordinates": [ 121.406012177467005, 25.016419741906599 ] } },
{ "type": "Feature", "properties": { "GymType": "水上/冰上運動設施/游泳池", "Name": "五股國民運動中心", "Addr": "新北市五股區成泰路三段296號", "OperationTel": "02-22928255", "WebUrl": "https://wgsc.chanchao.com.tw", "Lat": 25.0948158859287, "Lng": 121.44803736686499, "PassEasyEle": 1.0, "PassEasyParking": 2.0, "PassEasyShower": 3.0, "PassEasyToilet": 5.0, "PassEasyWay": 2.0, "WheelchairAuditorium": 0.0 }, "geometry": { "type": "Point", "coordinates": [ 121.448037366864995, 25.0948158859287 ] } },
{ "type": "Feature", "properties": { "GymType": "水上/冰上運動設施/海水浴場", "Name": "中角灣衝浪中心", "Addr": "新北市金山區海興路162-1號", "OperationTel": "02-24988226", "WebUrl": "https://www.facebook.com/jinshansurfing/", "Lat": 25.239203264350301, "Lng": 121.632873415947, "PassEasyEle": 1.0, "PassEasyParking": 0.0, "PassEasyShower": 0.0, "PassEasyToilet": 1.0, "PassEasyWay": 0.0, "WheelchairAuditorium": 0.0 }, "geometry": { "type": "Point", "coordinates": [ 121.632873415947003, 25.239203264350301 ] } },
{ "type": "Feature", "properties": { "GymType": "球類運動設施/籃球場館", "Name": "永和公一公園籃球場", "Addr": "新北市永和區保生路55-2號", "OperationTel": "02-29282828#318", "WebUrl": "https://www.yonghe.ntpc.gov.tw/", "Lat": 25.011185752400699, "Lng": 121.504547135241, "PassEasyEle": 0.0, "PassEasyParking": 0.0, "PassEasyShower": 0.0, "PassEasyToilet": 0.0, "PassEasyWay": 1.0, "WheelchairAuditorium": 0.0 }, "geometry": { "type": "Point", "coordinates": [ 121.504547135240998, 25.011185752400699 ] } },
{ "type": "Feature", "properties": { "GymType": "球類運動設施/籃球場館", "Name": "鶯歌尖山公園籃球場", "Addr": "新北市鶯歌區尖山路156巷71弄5號", "OperationTel": "02-26780202#515", "WebUrl": "https://www.yingge.ntpc.gov.tw/", "Lat": 24.947243204255098, "Lng": 121.346575065503, "PassEasyEle": 0.0, "PassEasyParking": 0.0, "PassEasyShower": 0.0, "PassEasyToilet": 0.0, "PassEasyWay": 0.0, "WheelchairAuditorium": 0.0 }, "geometry": { "type": "Point", "coordinates": [ 121.346575065503004, 24.947243204255098 ] } }
]
}
