{
"type": "FeatureCollection",
"name": "gym_accessibility",
"crs": { "type": "name", "properties": { "name": "urn:ogc:def:crs:OGC:1.3:CRS84" } },
"features": [
{ "type": "Feature", "properties": { "GymType": "球類運動設施/籃球場館", "Name": "內湖高中活動中心", "Addr": "臺北市內湖區紫陽里文德路218號", "OperationTel": "02-27977035", "WebUrl": "http://web.nhsh.tp.edu.tw/", "Lat": 25.07823331, "Lng": 121.5869915, "PassEasyEle": 1.0, "PassEasyParking": 1.0, "PassEasyShower": 1.0, "PassEasyToilet": 1.0, "PassEasyWay": 1.0, "WheelchairAuditorium": 0.0, "disabled": "有無障礙設備" }, "geometry": { "type": "Point", "coordinates": [ 121.5869915, 25.07823331 ] } },
{ "type": "Feature", "properties": { "GymType": "球類運動設施/羽球場館", "Name": "成淵高中綜合球場", "Addr": "臺北市大同區承德路二段235號", "OperationTel": "02-25531969", "WebUrl": "http://www.cyhs.tp.edu.tw", "Lat": 25.06083302, "Lng": 121.5186596, "PassEasyEle": 3.0, "PassEasyParking": 3.0, "PassEasyShower": 1.0, "PassEasyToilet": 3.0, "PassEasyWay": 1.0, "WheelchairAuditorium": 0.0, "disabled": "有無障礙設備" }, "geometry": { "type": "Point", "coordinates": [ 121.5186596, 25.06083302 ] } },
{ "type": "Feature", "properties": { "GymType": "球類運動設施/籃球場館", "Name": "百齡高中活動中心", "Addr": "臺北市士林區義信里承德路4段177號", "OperationTel": "02-28831568", "WebUrl": "http://www.blsh.tp.edu.tw", "Lat": 25.08645398, "Lng": 121.5235519, "PassEasyEle": 2.0, "PassEasyParking": 1.0, "PassEasyShower": 1.0, "PassEasyToilet": 3.0, "PassEasyWay": 3.0, "WheelchairAuditorium": 0.0, "disabled": "有無障礙設備" }, "geometry": { "type": "Point", "coordinates": [ 121.5235519, 25.08645398 ] } },
{ "type": "Feature", "properties": { "GymType": "球類運動設施/籃球場館", "Name": "政大附中體育館", "Addr": "臺北市文山區政大一街353號", "OperationTel": "02-82377500#9323", "WebUrl": "http://www.ahs.nccu.edu.tw", "Lat": 24.98787653, "Lng": 121.584819, "PassEasyEle": 4.0, "PassEasyParking": 5.0, "PassEasyShower": 0.0, "PassEasyToilet": 50.0, "PassEasyWay": 2.0, "WheelchairAuditorium": 0.0, "disabled": "有無障礙設備" }, "geometry": { "type": "Point", "coordinates": [ 121.584819, 24.98787653 ] } },
{ "type": "Feature", "properties": { "GymType": "球類運動設施/籃球場館", "Name": "百齡高中籃球場", "Addr": "臺北市士林區義信里承德路4段177號", "OperationTel": "02-28831568", "WebUrl": "http://www.blsh.tp.edu.tw", "Lat": 25.08650256, "Lng": 121.5239382, "PassEasyEle": 0.0, "PassEasyParking": 0.0, "PassEasyShower": 0.0, "PassEasyToilet": 0.0, "PassEasyWay": 0.0, "WheelchairAuditorium": 0.0, "disabled": "無無障礙設備" }, "geometry": { "type": "Point", "coordinates": [ 121.5239382, 25.08650256 ] } },
{ "type": "Feature", "properties": { "GymType": "球類運動設施/羽球場館", "Name": "麗山高中體育館", "Addr": "臺北市內湖區環山路二段100號", "OperationTel": "02-26570435#302", "WebUrl": "http://www.lssh.tp.edu.tw", "Lat": 25.08526852, "Lng": 121.5773785, "PassEasyEle": 0.0, "PassEasyParking": 0.0, "PassEasyShower": 0.0, "PassEasyToilet": 1.0, "PassEasyWay": 1.0, "WheelchairAuditorium": 0.0, "disabled": "有無障礙設備" }, "geometry": { "type": "Point", "coordinates": [ 121.5773785, 25.08526852 ] } },
{ "type": "Feature", "properties": { "GymType": "球類運動設施/排球場館", "Name": "百齡高中排球場(館)", "Addr": "臺北市士林區義信里承德路4段177號", "OperationTel": "02-28831568", "WebUrl": "http://www.blsh.tp.edu.tw", "Lat": 25.08651714, "Lng": 121.5238255, "PassEasyEle": 0.0, "PassEasyParking": 12.0, "PassEasyShower": 0.0, "PassEasyToilet": 2.0, "PassEasyWay": 1.0, "WheelchairAuditorium": 0.0, "disabled": "有無障礙設備" }, "geometry": { "type": "Point", "coordinates": [ 121.5238255, 25.08651714 ] } },
{ "type": "Feature", "properties": { "GymType": "陸上/射擊運動設施/田徑場", "Name": "百齡高中田徑場", "Addr": "臺北市士林區義信里承德路4段177號", "OperationTel": "02-28831568", "WebUrl": "http://www.blsh.tp.edu.tw", "Lat": 25.0862062, "Lng": 121.5241313, "PassEasyEle": 0.0, "PassEasyParking": 2.0, "PassEasyShower": 0.0, "PassEasyToilet": 2.0, "PassEasyWay": 1.0, "WheelchairAuditorium": 0.0, "disabled": "有無障礙設備" }, "geometry": { "type": "Point", "coordinates": [ 121.5241313, 25.0862062 ] } },
{ "type": "Feature", "properties": { "GymType": "球類運動設施/籃球場館", "Name": "政治大學體育館", "Addr": "臺北市文山區指南路二段64號", "OperationTel": "02-29393091#62964", "WebUrl": "http://sports.nccu.edu.tw/", "Lat": 24.98500288, "Lng": 121.5736556, "PassEasyEle": 0.0, "PassEasyParking": 1.0, "PassEasyShower": 2.0, "PassEasyToilet": 2.0, "PassEasyWay": 2.0, "WheelchairAuditorium": 0.0, "disabled": "有無障礙設備" }, "geometry": { "type": "Point", "coordinates": [ 121.5736556, 24.98500288 ] } },
{ "type": "Feature", "properties": { "GymType": "球類運動設施/羽球場館", "Name": "木柵高工活動中心", "Addr": "臺北市文山區萬芳里木柵路4段77號", "OperationTel": "02-22300506#303", "WebUrl": "http://www.mcvs.tp.edu.tw", "Lat": 24.99565282, "Lng": 121.5715568, "PassEasyEle": 0.0, "PassEasyParking": 2.0, "PassEasyShower": 0.0, "PassEasyToilet": 2.0, "PassEasyWay": 1.0, "WheelchairAuditorium": 0.0, "disabled": "有無障礙設備" }, "geometry": { "type": "Point", "coordinates": [ 121.5715568, 24.99565282 ] } },
{ "type": "Feature", "properties": { "GymType": "陸上/射擊運動設施/環形或直線慢跑場（非田徑場）", "Name": "政大實小操場", "Addr": "臺北市文山區指南路三段12號", "OperationTel": "02-29393610#622", "WebUrl": "http://www.es.nccu.edu.tw", "Lat": 24.98421109, "Lng": 121.5787874, "PassEasyEle": 0.0, "PassEasyParking": 0.0, "PassEasyShower": 1.0, "PassEasyToilet": 1.0, "PassEasyWay": 0.0, "WheelchairAuditorium": 0.0, "disabled": "有無障礙設備" }, "geometry": { "type": "Point", "coordinates": [ 121.5787874, 24.98421109 ] } },
{ "type": "Feature", "properties": { "GymType": "球類運動設施/排球場館", "Name": "政治大學綜合球類練習區", "Addr": "臺北市文山區指南路二段64號", "OperationTel": "02-29393091#62964", "WebUrl": "http://sports.nccu.edu.tw", "Lat": 24.98458958, "Lng": 121.5741116, "PassEasyEle": 0.0, "PassEasyParking": 0.0, "PassEasyShower": 0.0, "PassEasyToilet": 0.0, "PassEasyWay": 0.0, "WheelchairAuditorium": 0.0, "disabled": "無無障礙設備" }, "geometry": { "type": "Point", "coordinates": [ 121.5741116, 24.98458958 ] } },
{ "type": "Feature", "properties": { "GymType": "水上/冰上運動設施/游泳池", "Name": "國立政治大學游泳館", "Addr": "臺北市文山區指南路二段64號", "OperationTel": "02-29393091#62964", "WebUrl": "http://www.nccu.edu.tw", "Lat": 24.98548426, "Lng": 121.5776038, "PassEasyEle": 0.0, "PassEasyParking": 0.0, "PassEasyShower": 1.0, "PassEasyToilet": 0.0, "PassEasyWay": 0.0, "WheelchairAuditorium": 0.0, "disabled": "有無障礙設備" }, "geometry": { "type": "Point", "coordinates": [ 121.5776038, 24.98548426 ] } },
{ "type": "Feature", "properties": { "GymType": "球類運動設施/籃球場館", "Name": "靜修女中體育館", "Addr": "臺北市大同區雙連里寧夏路72號", "OperationTel": "02-25574345#304", "WebUrl": "http://www.bish.tp.edu.tw", "Lat": 25.05782647, "Lng": 121.5151899, "PassEasyEle": 1.0, "PassEasyParking": 1.0, "PassEasyShower": 0.0, "PassEasyToilet": 0.0, "PassEasyWay": 1.0, "WheelchairAuditorium": 0.0, "disabled": "有無障礙設備" }, "geometry": { "type": "Point", "coordinates": [ 121.5151899, 25.05782647 ] } },
{ "type": "Feature", "properties": { "GymType": "冒險性運動設施/攀岩場/抱石場", "Name": "靜修女中攀岩場", "Addr": "臺北市大同區雙連里寧夏路72號", "OperationTel": "02-25574345", "WebUrl": "http://www.bish.tp.edu.tw", "Lat": 25.05787895, "Lng": 121.5151598, "PassEasyEle": 1.0, "PassEasyParking": 0.0, "PassEasyShower": 0.0, "PassEasyToilet": 1.0, "PassEasyWay": 1.0, "WheelchairAuditorium": 0.0, "disabled": "有無障礙設備" }, "geometry": { "type": "Point", "coordinates": [ 121.5151598, 25.05787895 ] } },
{ "type": "Feature", "properties": { "GymType": "球類運動設施/網球場館", "Name": "政治大學網球場", "Addr": "臺北市文山區指南路二段64號", "OperationTel": "02-29393091#62964", "WebUrl": "http://sports.nccu.edu.tw/", "Lat": 24.98230179, "Lng": 121.5782449, "PassEasyEle": 0.0, "PassEasyParking": 0.0, "PassEasyShower": 0.0, "PassEasyToilet": 0.0, "PassEasyWay": 0.0, "WheelchairAuditorium": 0.0, "disabled": "無無障礙設備" }, "geometry": { "type": "Point", "coordinates": [ 121.5782449, 24.98230179 ] } },
{ "type": "Feature", "properties": { "GymType": "球類運動設施/排球場館", "Name": "政治大學環山運動園區", "Addr": "臺北市文山區指南路二段64號", "OperationTel": "02-29393091#62964", "WebUrl": "http://sports.nccu.edu.tw/", "Lat": 24.98121015, "Lng": 121.5779418, "PassEasyEle": 1.0, "PassEasyParking": 0.0, "PassEasyShower": 1.0, "PassEasyToilet": 1.0, "PassEasyWay": 0.0, "WheelchairAuditorium": 0.0, "disabled": "有無障礙設備" }, "geometry": { "type": "Point", "coordinates": [ 121.5779418, 24.98121015 ] } },
{ "type": "Feature", "properties": { "GymType": "陸上/射擊運動設施/田徑場", "Name": "政治大學田徑場", "Addr": "臺北市文山區指南路二段64號", "OperationTel": "02-29393091#62964", "WebUrl": "http://sports.nccu.edu.tw", "Lat": 24.98532137, "Lng": 121.5743959, "PassEasyEle": 0.0, "PassEasyParking": 0.0, "PassEasyShower": 0.0, "PassEasyToilet": 0.0, "PassEasyWay": 0.0, "WheelchairAuditorium": 0.0, "disabled": "無無障礙設備" }, "geometry": { "type": "Point", "coordinates": [ 121.5743959, 24.98532137 ] } },
{ "type": "Feature", "properties": { "GymType": "球類運動設施/羽球場館", "Name": "南港高工活動中心", "Addr": "臺北市南港區南港里興中路29號", "OperationTel": "02-27825432#1209", "WebUrl": "http://www.nkhs.tp.edu.tw", "Lat": 25.05535635, "Lng": 121.6081274, "PassEasyEle": 0.0, "PassEasyParking": 0.0, "PassEasyShower": 0.0, "PassEasyToilet": 0.0, "PassEasyWay": 0.0, "WheelchairAuditorium": 0.0, "disabled": "無無障礙設備" }, "geometry": { "type": "Point", "coordinates": [ 121.6081274, 25.05535635 ] } },
{ "type": "Feature", "properties": { "GymType": "陸上/射擊運動設施/田徑場", "Name": "南港高工田徑場", "Addr": "臺北市南港區南港里興中路29號", "OperationTel": "02-27825432#1209", "WebUrl": "http://www.nkhs.tp.edu.tw", "Lat": 25.0561436, "Lng": 121.6084439, "PassEasyEle": 0.0, "PassEasyParking": 0.0, "PassEasyShower": 0.0, "PassEasyToilet": 0.0, "PassEasyWay": 0.0, "WheelchairAuditorium": 0.0, "disabled": "無無障礙設備" }, "geometry": { "type": "Point", "coordinates": [ 121.6084439, 25.0561436 ] } },
{ "type": "Feature", "properties": { "GymType": "球類運動設施/籃球場館", "Name": "南港高工籃球場", "Addr": "臺北市南港區南港里興中路29號", "OperationTel": "02-27825432#1209", "WebUrl": "http://www.nkhs.tp.edu.tw", "Lat": 25.05597352, "Lng": 121.6085082, "PassEasyEle": 0.0, "PassEasyParking": 0.0, "PassEasyShower": 0.0, "PassEasyToilet": 0.0, "PassEasyWay": 1.0, "WheelchairAuditorium": 0.0, "disabled": "有無障礙設備" }, "geometry": { "type": "Point", "coordinates": [ 121.6085082, 25.05597352 ] } },
{ "type": "Feature", "properties": { "GymType": "水上/冰上運動設施/游泳池", "Name": "市立華江高中活動中心", "Addr": "臺北市萬華區西藏路213號", "OperationTel": "02-23396689", "WebUrl": "http://www.hcsh.tp.edu.tw/", "Lat": 25.02774087, "Lng": 121.4962792, "PassEasyEle": 0.0, "PassEasyParking": 1.0, "PassEasyShower": 1.0, "PassEasyToilet": 2.0, "PassEasyWay": 1.0, "WheelchairAuditorium": 0.0, "disabled": "有無障礙設備" }, "geometry": { "type": "Point", "coordinates": [ 121.4962792, 25.02774087 ] } },
{ "type": "Feature", "properties": { "GymType": "球類運動設施/籃球場館", "Name": "中國科技大學體育館", "Addr": "臺北市文山區興隆路三段56號", "OperationTel": "02-29313416#2149", "WebUrl": "http://www.cute.edu.tw/", "Lat": 24.99879676, "Lng": 121.5555882, "PassEasyEle": 0.0, "PassEasyParking": 0.0, "PassEasyShower": 0.0, "PassEasyToilet": 0.0, "PassEasyWay": 0.0, "WheelchairAuditorium": 0.0, "disabled": "無無障礙設備" }, "geometry": { "type": "Point", "coordinates": [ 121.5555882, 24.99879676 ] } },
{ "type": "Feature", "properties": { "GymType": "陸上/射擊運動設施/環形或直線慢跑場（非田徑場）", "Name": "中國科技大學環形/直線慢跑道(非田徑場型)", "Addr": "臺北市文山區興隆路三段56號", "OperationTel": "02-29313416#2149", "WebUrl": "http://www.cute.edu.tw/", "Lat": 24.9972993, "Lng": 121.5548265, "PassEasyEle": 0.0, "PassEasyParking": 0.0, "PassEasyShower": 0.0, "PassEasyToilet": 0.0, "PassEasyWay": 0.0, "WheelchairAuditorium": 0.0, "disabled": "無無障礙設備" }, "geometry": { "type": "Point", "coordinates": [ 121.5548265, 24.9972993 ] } },
{ "type": "Feature", "properties": { "GymType": "球類運動設施/籃球場館", "Name": "臺灣戲曲學院籃球場", "Addr": "臺北市內湖區內湖路二段177號", "OperationTel": "02-27962666", "WebUrl": "http://www.tcpa.edu.tw/bin/home.php", "Lat": 25.08216132, "Lng": 121.5862635, "PassEasyEle": 0.0, "PassEasyParking": 0.0, "PassEasyShower": 0.0, "PassEasyToilet": 0.0, "PassEasyWay": 0.0, "WheelchairAuditorium": 0.0, "disabled": "無無障礙設備" }, "geometry": { "type": "Point", "coordinates": [ 121.5862635, 25.08216132 ] } },
{ "type": "Feature", "properties": { "GymType": "陸上/射擊運動設施/田徑場", "Name": "國立臺灣戲曲學院田徑場", "Addr": "臺北市內湖區內湖路二段177號", "OperationTel": "02-27962666", "WebUrl": "http://www.tcpa.edu.tw/bin/home.php", "Lat": 25.08222434, "Lng": 121.5865815, "PassEasyEle": 0.0, "PassEasyParking": 0.0, "PassEasyShower": 0.0, "PassEasyToilet": 0.0, "PassEasyWay": 0.0, "WheelchairAuditorium": 0.0, "disabled": "無無障礙設備" }, "geometry": { "type": "Point", "coordinates": [ 121.5865815, 25.08222434 ] } },
{ "type": "Feature", "properties": { "GymType": "陸上/射擊運動設施/田徑場", "Name": "大直高中活動中心", "Addr": "臺北市中山區劍潭里北安路420號", "OperationTel": "02-25334017", "WebUrl": "http://www.dcsh.tp.edu.tw", "Lat": 25.07926335, "Lng": 121.5429604, "PassEasyEle": 0.0, "PassEasyParking": 1.0, "PassEasyShower": 0.0, "PassEasyToilet": 0.0, "PassEasyWay": 1.0, "WheelchairAuditorium": 0.0, "disabled": "有無障礙設備" }, "geometry": { "type": "Point", "coordinates": [ 121.5429604, 25.07926335 ] } },
{ "type": "Feature", "properties": { "GymType": "陸上/射擊運動設施/田徑場", "Name": "大直高中田徑場", "Addr": "臺北市中山區劍潭里北安路420號", "OperationTel": "02-25334017", "WebUrl": "http://www.dcsh.tp.edu.tw", "Lat": 25.07816529, "Lng": 121.5433896, "PassEasyEle": 0.0, "PassEasyParking": 1.0, "PassEasyShower": 0.0, "PassEasyToilet": 0.0, "PassEasyWay": 1.0, "WheelchairAuditorium": 0.0, "disabled": "有無障礙設備" }, "geometry": { "type": "Point", "coordinates": [ 121.5433896, 25.07816529 ] } },
{ "type": "Feature", "properties": { "GymType": "球類運動設施/排球場館", "Name": "南港高工排球場(館)", "Addr": "臺北市南港區南港里興中路29號", "OperationTel": "02-27825432#1209", "WebUrl": "http://www.nkhs.tp.edu.tw", "Lat": 25.05549242, "Lng": 121.608578, "PassEasyEle": 0.0, "PassEasyParking": 0.0, "PassEasyShower": 0.0, "PassEasyToilet": 0.0, "PassEasyWay": 0.0, "WheelchairAuditorium": 0.0, "disabled": "無無障礙設備" }, "geometry": { "type": "Point", "coordinates": [ 121.608578, 25.05549242 ] } },
{ "type": "Feature", "properties": { "GymType": "球類運動設施/排球場館", "Name": "內湖高工排球場(館)", "Addr": "臺北市內湖區港墘里內湖路1段520號", "OperationTel": "02-26574874#205", "WebUrl": "http://www.nihs.tp.edu.tw", "Lat": 25.07966176, "Lng": 121.5749002, "PassEasyEle": 1.0, "PassEasyParking": 1.0, "PassEasyShower": 0.0, "PassEasyToilet": 1.0, "PassEasyWay": 1.0, "WheelchairAuditorium": 0.0, "disabled": "有無障礙設備" }, "geometry": { "type": "Point", "coordinates": [ 121.5749002, 25.07966176 ] } },
{ "type": "Feature", "properties": { "GymType": "球類運動設施/羽球場館", "Name": "羽球場館", "Addr": "臺北市大安區和平東路二段134號", "OperationTel": "02-27321104#83412", "WebUrl": "http://www.ntue.edu.tw/", "Lat": 25.02263701, "Lng": 121.5447092, "PassEasyEle": null, "PassEasyParking": null, "PassEasyShower": null, "PassEasyToilet": null, "PassEasyWay": null, "WheelchairAuditorium": null, "disabled": "無無障礙設備" }, "geometry": { "type": "Point", "coordinates": [ 121.5447092, 25.02263701 ] } },
{ "type": "Feature", "properties": { "GymType": "球類運動設施/籃球場館", "Name": "臺北商業大學學生活動中心", "Addr": "臺北市中正區濟南路一段321號", "OperationTel": "02-23226177", "WebUrl": "http://www.ntub.edu.tw", "Lat": 25.04230271, "Lng": 121.5260732, "PassEasyEle": 1.0, "PassEasyParking": 0.0, "PassEasyShower": 1.0, "PassEasyToilet": 1.0, "PassEasyWay": 1.0, "WheelchairAuditorium": 0.0, "disabled": "有無障礙設備" }, "geometry": { "type": "Point", "coordinates": [ 121.5260732, 25.04230271 ] } },
{ "type": "Feature", "properties": { "GymType": "陸上/射擊運動設施/田徑場", "Name": "臺北教育大學田徑場", "Addr": "臺北市大安區和平東路二段134號", "OperationTel": "02-27321104#83412", "WebUrl": "http://www.ntue.edu.tw/", "Lat": 25.02273423, "Lng": 121.545825, "PassEasyEle": null, "PassEasyParking": null, "PassEasyShower": null, "PassEasyToilet": null, "PassEasyWay": null, "WheelchairAuditorium": null, "disabled": "無無障礙設備" }, "geometry": { "type": "Point", "coordinates": [ 121.545825, 25.02273423 ] } },
{ "type": "Feature", "properties": { "GymType": "球類運動設施/籃球場館", "Name": "臺北商業大學籃球場", "Addr": "臺北市中正區濟南路一段321號", "OperationTel": "02-23226177", "WebUrl": "http://www.ntub.edu.tw", "Lat": 25.04212775, "Lng": 121.5252364, "PassEasyEle": null, "PassEasyParking": null, "PassEasyShower": null, "PassEasyToilet": null, "PassEasyWay": null, "WheelchairAuditorium": null, "disabled": "無無障礙設備" }, "geometry": { "type": "Point", "coordinates": [ 121.5252364, 25.04212775 ] } },
{ "type": "Feature", "properties": { "GymType": "球類運動設施/排球場館", "Name": "臺北商業大學排球場", "Addr": "臺北市中正區濟南路一段321號", "OperationTel": "02-23226177", "WebUrl": "http://www.ntub.edu.tw", "Lat": 25.04225411, "Lng": 121.5256441, "PassEasyEle": 0.0, "PassEasyParking": 0.0, "PassEasyShower": 0.0, "PassEasyToilet": 0.0, "PassEasyWay": 0.0, "WheelchairAuditorium": 0.0, "disabled": "無無障礙設備" }, "geometry": { "type": "Point", "coordinates": [ 121.5256441, 25.04225411 ] } },
{ "type": "Feature", "properties": { "GymType": "阻力運動設施/多功能健身房/體適能中心（此空間中具有兩種以上之阻力運動器材設備）", "Name": "靜修女中多功能體適能場地", "Addr": "臺北市大同區雙連里寧夏路72號", "OperationTel": "02-25574345#304", "WebUrl": "http://www.bish.tp.edu.tw", "Lat": 25.05792636, "Lng": 121.5154801, "PassEasyEle": 1.0, "PassEasyParking": 0.0, "PassEasyShower": 0.0, "PassEasyToilet": 1.0, "PassEasyWay": 1.0, "WheelchairAuditorium": 0.0, "disabled": "有無障礙設備" }, "geometry": { "type": "Point", "coordinates": [ 121.5154801, 25.05792636 ] } },
{ "type": "Feature", "properties": { "GymType": "球類運動設施/籃球場館", "Name": "中山女中活動中心", "Addr": "臺北市中山區力行里長安東路2段141號", "OperationTel": "02-25073148#340", "WebUrl": "http://www.csghs.tp.edu.tw", "Lat": 25.04897064, "Lng": 121.5384489, "PassEasyEle": 0.0, "PassEasyParking": 0.0, "PassEasyShower": 0.0, "PassEasyToilet": 0.0, "PassEasyWay": 0.0, "WheelchairAuditorium": 0.0, "disabled": "無無障礙設備" }, "geometry": { "type": "Point", "coordinates": [ 121.5384489, 25.04897064 ] } },
{ "type": "Feature", "properties": { "GymType": "冒險性運動設施/其他設施", "Name": "靜修女中戶外探索教育場", "Addr": "臺北市大同區雙連里寧夏路59號", "OperationTel": "02-25574345#304", "WebUrl": "http://www.bish.tp.edu.tw", "Lat": 25.05793454, "Lng": 121.5156319, "PassEasyEle": 1.0, "PassEasyParking": 0.0, "PassEasyShower": 0.0, "PassEasyToilet": 1.0, "PassEasyWay": 1.0, "WheelchairAuditorium": 0.0, "disabled": "有無障礙設備" }, "geometry": { "type": "Point", "coordinates": [ 121.5156319, 25.05793454 ] } },
{ "type": "Feature", "properties": { "GymType": "陸上/射擊運動設施/田徑場", "Name": "中山女中田徑場", "Addr": "臺北市中山區力行里長安東路2段141號", "OperationTel": "02-25073148#340", "WebUrl": "http://www.csghs.tp.edu.tw", "Lat": 25.04925008, "Lng": 121.5377972, "PassEasyEle": null, "PassEasyParking": null, "PassEasyShower": null, "PassEasyToilet": null, "PassEasyWay": null, "WheelchairAuditorium": null, "disabled": "無無障礙設備" }, "geometry": { "type": "Point", "coordinates": [ 121.5377972, 25.04925008 ] } },
{ "type": "Feature", "properties": { "GymType": "阻力運動設施/多功能健身房/體適能中心（此空間中具有兩種以上之阻力運動器材設備）", "Name": "世新大學體育館", "Addr": "臺北市文山區木柵路一段17巷1號", "OperationTel": "02-22368225#83078", "WebUrl": "http://www.shu.edu.tw", "Lat": 24.98986033, "Lng": 121.5454119, "PassEasyEle": 0.0, "PassEasyParking": 0.0, "PassEasyShower": 0.0, "PassEasyToilet": 0.0, "PassEasyWay": 0.0, "WheelchairAuditorium": 0.0, "disabled": "無無障礙設備" }, "geometry": { "type": "Point", "coordinates": [ 121.5454119, 24.98986033 ] } },
{ "type": "Feature", "properties": { "GymType": "球類運動設施/籃球場館", "Name": "內湖高工綜合球場", "Addr": "臺北市內湖區港墘里內湖路1段520號", "OperationTel": "02-26574874#205", "WebUrl": "http://www.nihs.tp.edu.tw", "Lat": 25.07998243, "Lng": 121.5743101, "PassEasyEle": 0.0, "PassEasyParking": 0.0, "PassEasyShower": 0.0, "PassEasyToilet": 0.0, "PassEasyWay": 0.0, "WheelchairAuditorium": 0.0, "disabled": "無無障礙設備" }, "geometry": { "type": "Point", "coordinates": [ 121.5743101, 25.07998243 ] } },
{ "type": "Feature", "properties": { "GymType": "水上/冰上運動設施/游泳池", "Name": "國立臺北教育大學泳健館", "Addr": "臺北市大安區和平東路二段134號", "OperationTel": "02-27373378", "WebUrl": "https://www.facebook.com/HandlePowerYongJian", "Lat": 25.02271479, "Lng": 121.544044, "PassEasyEle": null, "PassEasyParking": null, "PassEasyShower": null, "PassEasyToilet": null, "PassEasyWay": null, "WheelchairAuditorium": null, "disabled": "無無障礙設備" }, "geometry": { "type": "Point", "coordinates": [ 121.544044, 25.02271479 ] } },
{ "type": "Feature", "properties": { "GymType": "球類運動設施/籃球場館", "Name": "內湖高中籃球場", "Addr": "臺北市內湖區紫陽里文德路218號", "OperationTel": "02-27977035", "WebUrl": "http://web.nhsh.tp.edu.tw/", "Lat": 25.07718382, "Lng": 121.5876245, "PassEasyEle": 0.0, "PassEasyParking": 1.0, "PassEasyShower": 0.0, "PassEasyToilet": 0.0, "PassEasyWay": 0.0, "WheelchairAuditorium": 0.0, "disabled": "有無障礙設備" }, "geometry": { "type": "Point", "coordinates": [ 121.5876245, 25.07718382 ] } },
{ "type": "Feature", "properties": { "GymType": "球類運動設施/網球場館", "Name": "臺北教育大學網球場", "Addr": "臺北市大安區和平東路二段134號", "OperationTel": "02-27321104#83412", "WebUrl": "http://www.ntue.edu.tw/", "Lat": 25.02211203, "Lng": 121.5448594, "PassEasyEle": null, "PassEasyParking": null, "PassEasyShower": null, "PassEasyToilet": null, "PassEasyWay": null, "WheelchairAuditorium": null, "disabled": "無無障礙設備" }, "geometry": { "type": "Point", "coordinates": [ 121.5448594, 25.02211203 ] } },
{ "type": "Feature", "properties": { "GymType": "球類運動設施/籃球場館", "Name": "臺北市立大學體育館（天母校區）", "Addr": "臺北市士林區忠誠路二段101號", "OperationTel": "02-28718288#7314", "WebUrl": "http://www.uTaipei.edu.tw", "Lat": 25.11611569, "Lng": 121.5348816, "PassEasyEle": 0.0, "PassEasyParking": 0.0, "PassEasyShower": 0.0, "PassEasyToilet": 0.0, "PassEasyWay": 0.0, "WheelchairAuditorium": 0.0, "disabled": "無無障礙設備" }, "geometry": { "type": "Point", "coordinates": [ 121.5348816, 25.11611569 ] } },
{ "type": "Feature", "properties": { "GymType": "球類運動設施/排球場館", "Name": "臺北教育大學排球場", "Addr": "臺北市大安區和平東路二段134號", "OperationTel": "02-27321104#83412", "WebUrl": "http://www.ntue.edu.tw/", "Lat": 25.02318143, "Lng": 121.5445161, "PassEasyEle": null, "PassEasyParking": null, "PassEasyShower": null, "PassEasyToilet": null, "PassEasyWay": null, "WheelchairAuditorium": null, "disabled": "無無障礙設備" }, "geometry": { "type": "Point", "coordinates": [ 121.5445161, 25.02318143 ] } },
{ "type": "Feature", "properties": { "GymType": "球類運動設施/籃球場館", "Name": "臺北教育大學籃球場", "Addr": "臺北市大安區和平東路二段134號", "OperationTel": "02-27321104#83412", "WebUrl": "http://www.ntue.edu.tw/", "Lat": 25.02341476, "Lng": 121.5447092, "PassEasyEle": null, "PassEasyParking": null, "PassEasyShower": null, "PassEasyToilet": null, "PassEasyWay": null, "WheelchairAuditorium": null, "disabled": "無無障礙設備" }, "geometry": { "type": "Point", "coordinates": [ 121.5447092, 25.02341476 ] } },
{ "type": "Feature", "properties": { "GymType": "球類運動設施/籃球場館", "Name": "建國中學活動中心", "Addr": "臺北市中正區龍光里南海路56號", "OperationTel": "02-23034381", "WebUrl": "https://www2.ck.tp.edu.tw/", "Lat": 25.02953932, "Lng": 121.5126085, "PassEasyEle": 1.0, "PassEasyParking": 0.0, "PassEasyShower": 0.0, "PassEasyToilet": 2.0, "PassEasyWay": 1.0, "WheelchairAuditorium": 0.0, "disabled": "有無障礙設備" }, "geometry": { "type": "Point", "coordinates": [ 121.5126085, 25.02953932 ] } },
{ "type": "Feature", "properties": { "GymType": "球類運動設施/籃球場館", "Name": "建國中學籃球場", "Addr": "臺北市中正區龍光里南海路56號", "OperationTel": "02-23034381#308", "WebUrl": "http://www.ck.tp.edu.tw", "Lat": 25.02972889, "Lng": 121.5131342, "PassEasyEle": 0.0, "PassEasyParking": 0.0, "PassEasyShower": 0.0, "PassEasyToilet": 0.0, "PassEasyWay": 0.0, "WheelchairAuditorium": 0.0, "disabled": "無無障礙設備" }, "geometry": { "type": "Point", "coordinates": [ 121.5131342, 25.02972889 ] } },
{ "type": "Feature", "properties": { "GymType": "球類運動設施/排球場館", "Name": "建國中學排球場(館)", "Addr": "臺北市中正區龍光里南海路56號", "OperationTel": "02-23034381#308", "WebUrl": "http://www.ck.tp.edu.tw", "Lat": 25.03009343, "Lng": 121.5133756, "PassEasyEle": 0.0, "PassEasyParking": 0.0, "PassEasyShower": 0.0, "PassEasyToilet": 0.0, "PassEasyWay": 0.0, "WheelchairAuditorium": 0.0, "disabled": "無無障礙設備" }, "geometry": { "type": "Point", "coordinates": [ 121.5133756, 25.03009343 ] } },
{ "type": "Feature", "properties": { "GymType": "陸上/射擊運動設施/田徑場", "Name": "建國中學田徑場", "Addr": "臺北市中正區龍光里南海路56號", "OperationTel": "02-23034381#308", "WebUrl": "http://www.ck.tp.edu.tw", "Lat": 25.03010559, "Lng": 121.5125495, "PassEasyEle": 0.0, "PassEasyParking": 0.0, "PassEasyShower": 0.0, "PassEasyToilet": 0.0, "PassEasyWay": 0.0, "WheelchairAuditorium": 0.0, "disabled": "無無障礙設備" }, "geometry": { "type": "Point", "coordinates": [ 121.5125495, 25.03010559 ] } },
{ "type": "Feature", "properties": { "GymType": "阻力運動設施/多功能健身房/體適能中心（此空間中具有兩種以上之阻力運動器材設備）", "Name": "中國科技大學健身房(含重量訓練室)", "Addr": "臺北市文山區興隆路三段56號", "OperationTel": "02-29313416#2149", "WebUrl": "http://www.cute.edu.tw/", "Lat": 24.9984467, "Lng": 121.5547943, "PassEasyEle": 0.0, "PassEasyParking": 0.0, "PassEasyShower": 0.0, "PassEasyToilet": 0.0, "PassEasyWay": 0.0, "WheelchairAuditorium": 0.0, "disabled": "無無障礙設備" }, "geometry": { "type": "Point", "coordinates": [ 121.5547943, 24.9984467 ] } },
{ "type": "Feature", "properties": { "GymType": "球類運動設施/撞球場館", "Name": "中國科技大學撞球場", "Addr": "臺北市文山區興隆路三段56號", "OperationTel": "02-29313416#2149", "WebUrl": "http://www.cute.edu.tw/", "Lat": 24.99874328, "Lng": 121.5546817, "PassEasyEle": 0.0, "PassEasyParking": 0.0, "PassEasyShower": 0.0, "PassEasyToilet": 0.0, "PassEasyWay": 0.0, "WheelchairAuditorium": 0.0, "disabled": "無無障礙設備" }, "geometry": { "type": "Point", "coordinates": [ 121.5546817, 24.99874328 ] } },
{ "type": "Feature", "properties": { "GymType": "陸上/射擊運動設施/田徑場", "Name": "田徑場", "Addr": "臺北市中山區中央里長春路167號", "OperationTel": "02-25054269#122", "WebUrl": "http://www.ttsh.tp.edu.tw/releaseRedirect.do?unitID=183&pageID=3042", "Lat": 25.05556045, "Lng": 121.5355682, "PassEasyEle": 0.0, "PassEasyParking": 2.0, "PassEasyShower": 0.0, "PassEasyToilet": 0.0, "PassEasyWay": 0.0, "WheelchairAuditorium": 0.0, "disabled": "有無障礙設備" }, "geometry": { "type": "Point", "coordinates": [ 121.5355682, 25.05556045 ] } },
{ "type": "Feature", "properties": { "GymType": "球類運動設施/籃球場館", "Name": "大同高中籃球場", "Addr": "臺北市中山區中央里長春路167號", "OperationTel": "02-25054269#122", "WebUrl": "http://www.ttsh.tp.edu.tw/releaseRedirect.do?unitID=183&pageID=3042", "Lat": 25.05617826, "Lng": 121.536217, "PassEasyEle": 0.0, "PassEasyParking": 2.0, "PassEasyShower": 0.0, "PassEasyToilet": 0.0, "PassEasyWay": 0.0, "WheelchairAuditorium": 0.0, "disabled": "有無障礙設備" }, "geometry": { "type": "Point", "coordinates": [ 121.536217, 25.05617826 ] } },
{ "type": "Feature", "properties": { "GymType": "球類運動設施/籃球場館", "Name": "泰北高中體育館", "Addr": "臺北市士林區福林里福林路240號", "OperationTel": "02-28825560#332", "WebUrl": "http://www.tpsh.tp.edu.tw", "Lat": 25.09720512, "Lng": 121.535359, "PassEasyEle": 0.0, "PassEasyParking": 2.0, "PassEasyShower": 0.0, "PassEasyToilet": 0.0, "PassEasyWay": 2.0, "WheelchairAuditorium": 0.0, "disabled": "有無障礙設備" }, "geometry": { "type": "Point", "coordinates": [ 121.535359, 25.09720512 ] } },
{ "type": "Feature", "properties": { "GymType": "球類運動設施/排球場館", "Name": "大同高中排球場", "Addr": "臺北市中山區中央里長春路167號", "OperationTel": "02-25054269#122", "WebUrl": "http://www.ttsh.tp.edu.tw/releaseRedirect.do?unitID=183&pageID=3042", "Lat": 25.05621164, "Lng": 121.5346509, "PassEasyEle": 0.0, "PassEasyParking": 2.0, "PassEasyShower": 0.0, "PassEasyToilet": 0.0, "PassEasyWay": 0.0, "WheelchairAuditorium": 0.0, "disabled": "有無障礙設備" }, "geometry": { "type": "Point", "coordinates": [ 121.5346509, 25.05621164 ] } },
{ "type": "Feature", "properties": { "GymType": "水上/冰上運動設施/游泳池", "Name": "臺北市立大學詩欣館（天母校區）", "Addr": "臺北市士林區忠誠路二段101號", "OperationTel": "02-28718288#7314", "WebUrl": "http://www.uTaipei.edu.tw", "Lat": 25.1102189, "Lng": 121.5371883, "PassEasyEle": 0.0, "PassEasyParking": 0.0, "PassEasyShower": 0.0, "PassEasyToilet": 0.0, "PassEasyWay": 0.0, "WheelchairAuditorium": 0.0, "disabled": "無無障礙設備" }, "geometry": { "type": "Point", "coordinates": [ 121.5371883, 25.1102189 ] } },
{ "type": "Feature", "properties": { "GymType": "水上/冰上運動設施/游泳池", "Name": "大同高中游泳池(館)", "Addr": "臺北市中山區中央里長春路167號", "OperationTel": "02-25054269", "WebUrl": "http://www.ttsh.tp.edu.tw/releaseRedirect.do?unitID=183&pageID=3042", "Lat": 25.05584231, "Lng": 121.5347421, "PassEasyEle": 0.0, "PassEasyParking": 2.0, "PassEasyShower": 0.0, "PassEasyToilet": 0.0, "PassEasyWay": 1.0, "WheelchairAuditorium": 0.0, "disabled": "有無障礙設備" }, "geometry": { "type": "Point", "coordinates": [ 121.5347421, 25.05584231 ] } },
{ "type": "Feature", "properties": { "GymType": "球類運動設施/羽球場館", "Name": "大同高中活動中心", "Addr": "臺北市中山區中央里長春路167號", "OperationTel": "02-25054269#122", "WebUrl": "http://www.ttsh.tp.edu.tw/releaseRedirect.do?unitID=183&pageID=3042", "Lat": 25.0568531, "Lng": 121.5357238, "PassEasyEle": 1.0, "PassEasyParking": 3.0, "PassEasyShower": 0.0, "PassEasyToilet": 1.0, "PassEasyWay": 1.0, "WheelchairAuditorium": 50.0, "disabled": "有無障礙設備" }, "geometry": { "type": "Point", "coordinates": [ 121.5357238, 25.0568531 ] } },
{ "type": "Feature", "properties": { "GymType": "球類運動設施/籃球場館", "Name": "國立臺灣大學綜合體育館", "Addr": "臺北市大安區羅斯福路四段1號", "OperationTel": "02-33665959#272", "WebUrl": "https://ntusportscenter.ntu.edu.tw/#/", "Lat": 25.02166604, "Lng": 121.5353, "PassEasyEle": 1.0, "PassEasyParking": 4.0, "PassEasyShower": 0.0, "PassEasyToilet": 24.0, "PassEasyWay": 2.0, "WheelchairAuditorium": 0.0, "disabled": "有無障礙設備" }, "geometry": { "type": "Point", "coordinates": [ 121.5353, 25.02166604 ] } },
{ "type": "Feature", "properties": { "GymType": "球類運動設施/排球場館", "Name": "內湖高中排球場", "Addr": "臺北市內湖區紫陽里文德路218號", "OperationTel": "02-27977035", "WebUrl": "http://web.nhsh.tp.edu.tw/", "Lat": 25.07784947, "Lng": 121.5870881, "PassEasyEle": 0.0, "PassEasyParking": 1.0, "PassEasyShower": 0.0, "PassEasyToilet": 0.0, "PassEasyWay": 1.0, "WheelchairAuditorium": 0.0, "disabled": "有無障礙設備" }, "geometry": { "type": "Point", "coordinates": [ 121.5870881, 25.07784947 ] } },
{ "type": "Feature", "properties": { "GymType": "球類運動設施/籃球場館", "Name": "銘傳大學體育館", "Addr": "臺北市士林區中山北路五段250號", "OperationTel": "02-28824564#2325", "WebUrl": "http://www.mcu.edu.tw", "Lat": 25.0855989, "Lng": 121.5335083, "PassEasyEle": 0.0, "PassEasyParking": 1.0, "PassEasyShower": 1.0, "PassEasyToilet": 0.0, "PassEasyWay": 1.0, "WheelchairAuditorium": 0.0, "disabled": "有無障礙設備" }, "geometry": { "type": "Point", "coordinates": [ 121.5335083, 25.0855989 ] } },
{ "type": "Feature", "properties": { "GymType": "水上/冰上運動設施/游泳池", "Name": "大理高中活動中心", "Addr": "臺北市萬華區長順街2號", "OperationTel": "02-23026959#136", "WebUrl": "http://www.tlsh.tp.edu.tw", "Lat": 25.02971345, "Lng": 121.4913398, "PassEasyEle": 0.0, "PassEasyParking": 3.0, "PassEasyShower": 1.0, "PassEasyToilet": 1.0, "PassEasyWay": 2.0, "WheelchairAuditorium": 0.0, "disabled": "有無障礙設備" }, "geometry": { "type": "Point", "coordinates": [ 121.4913398, 25.02971345 ] } },
{ "type": "Feature", "properties": { "GymType": "球類運動設施/籃球場館", "Name": "臺北醫學大學綜合球場", "Addr": "臺北市信義區吳興街250號", "OperationTel": "02-27361661#2274", "WebUrl": "http://pe.tmu.edu.tw", "Lat": 25.02602989, "Lng": 121.5613765, "PassEasyEle": 2.0, "PassEasyParking": 0.0, "PassEasyShower": 0.0, "PassEasyToilet": 1.0, "PassEasyWay": 1.0, "WheelchairAuditorium": 0.0, "disabled": "有無障礙設備" }, "geometry": { "type": "Point", "coordinates": [ 121.5613765, 25.02602989 ] } },
{ "type": "Feature", "properties": { "GymType": "水上/冰上運動設施/游泳池", "Name": "成功高中運動中心(舞動陽光有限公司成功營業所)", "Addr": "臺北市中正區濟南路1段71號", "OperationTel": "02-23216256#276", "WebUrl": "http://www.cksh.tp.edu.tw", "Lat": 25.04301229, "Lng": 121.5230155, "PassEasyEle": 1.0, "PassEasyParking": 2.0, "PassEasyShower": 1.0, "PassEasyToilet": 1.0, "PassEasyWay": 1.0, "WheelchairAuditorium": 1.0, "disabled": "有無障礙設備" }, "geometry": { "type": "Point", "coordinates": [ 121.5230155, 25.04301229 ] } },
{ "type": "Feature", "properties": { "GymType": "技擊運動設施/柔道場", "Name": "大同高中柔道場", "Addr": "臺北市中山區中央里長春路167號", "OperationTel": "02-25054269#122", "WebUrl": "http://www.ttsh.tp.edu.tw/releaseRedirect.do?unitID=183&pageID=3042", "Lat": 25.05627967, "Lng": 121.5340716, "PassEasyEle": 0.0, "PassEasyParking": 2.0, "PassEasyShower": 0.0, "PassEasyToilet": 0.0, "PassEasyWay": 0.0, "WheelchairAuditorium": 0.0, "disabled": "有無障礙設備" }, "geometry": { "type": "Point", "coordinates": [ 121.5340716, 25.05627967 ] } },
{ "type": "Feature", "properties": { "GymType": "阻力運動設施/多功能健身房/體適能中心（此空間中具有兩種以上之阻力運動器材設備）", "Name": "臺北醫學大學健身房(含重量訓練室)", "Addr": "臺北市信義區吳興街250號", "OperationTel": "(02)27361661", "WebUrl": "http://pe.tmu.edu.tw", "Lat": 25.02600558, "Lng": 121.5613496, "PassEasyEle": null, "PassEasyParking": null, "PassEasyShower": null, "PassEasyToilet": null, "PassEasyWay": null, "WheelchairAuditorium": null, "disabled": "無無障礙設備" }, "geometry": { "type": "Point", "coordinates": [ 121.5613496, 25.02600558 ] } },
{ "type": "Feature", "properties": { "GymType": "阻力運動設施/多功能健身房/體適能中心（此空間中具有兩種以上之阻力運動器材設備）", "Name": "臺北醫學大學體適能教室", "Addr": "臺北市信義區吳興街250號", "OperationTel": "(02)27361661", "WebUrl": "http://pe.tmu.edu.tw", "Lat": 25.02600072, "Lng": 121.5613443, "PassEasyEle": null, "PassEasyParking": null, "PassEasyShower": null, "PassEasyToilet": null, "PassEasyWay": null, "WheelchairAuditorium": null, "disabled": "無無障礙設備" }, "geometry": { "type": "Point", "coordinates": [ 121.5613443, 25.02600072 ] } },
{ "type": "Feature", "properties": { "GymType": "球類運動設施/桌球場館", "Name": "臺北醫學大學桌球場(館)", "Addr": "臺北市信義區吳興街250號", "OperationTel": "(02)27361661", "WebUrl": "http://pe.tmu.edu.tw", "Lat": 25.02590351, "Lng": 121.5611994, "PassEasyEle": null, "PassEasyParking": null, "PassEasyShower": null, "PassEasyToilet": null, "PassEasyWay": null, "WheelchairAuditorium": null, "disabled": "無無障礙設備" }, "geometry": { "type": "Point", "coordinates": [ 121.5611994, 25.02590351 ] } },
{ "type": "Feature", "properties": { "GymType": "冒險性運動設施/攀岩場/抱石場", "Name": "臺北醫學大學攀岩場", "Addr": "臺北市信義區吳興街250號", "OperationTel": "(02)27361661", "WebUrl": "http://pe.tmu.edu.tw", "Lat": 25.0258792, "Lng": 121.561178, "PassEasyEle": null, "PassEasyParking": null, "PassEasyShower": null, "PassEasyToilet": null, "PassEasyWay": null, "WheelchairAuditorium": null, "disabled": "無無障礙設備" }, "geometry": { "type": "Point", "coordinates": [ 121.561178, 25.0258792 ] } },
{ "type": "Feature", "properties": { "GymType": "水上/冰上運動設施/游泳池", "Name": "臺北藝術大學游泳池(館)", "Addr": "臺北市北投區學園路1號", "OperationTel": "02-28941022", "WebUrl": "http://www.tnua.edu.tw", "Lat": 25.13632001, "Lng": 121.4735448, "PassEasyEle": 0.0, "PassEasyParking": 2.0, "PassEasyShower": 1.0, "PassEasyToilet": 1.0, "PassEasyWay": 1.0, "WheelchairAuditorium": 0.0, "disabled": "有無障礙設備" }, "geometry": { "type": "Point", "coordinates": [ 121.4735448, 25.13632001 ] } },
{ "type": "Feature", "properties": { "GymType": "陸上/射擊運動設施/田徑場", "Name": "臺北醫學大學田徑場", "Addr": "臺北市信義區吳興街250號", "OperationTel": "(02)27361661", "WebUrl": "http://pe.tmu.edu.tw", "Lat": 25.0258792, "Lng": 121.5615213, "PassEasyEle": null, "PassEasyParking": null, "PassEasyShower": null, "PassEasyToilet": null, "PassEasyWay": null, "WheelchairAuditorium": null, "disabled": "無無障礙設備" }, "geometry": { "type": "Point", "coordinates": [ 121.5615213, 25.0258792 ] } },
{ "type": "Feature", "properties": { "GymType": "球類運動設施/高爾夫球練習場", "Name": "臺北醫學大學高爾夫球練習場", "Addr": "臺北市信義區吳興街250號", "OperationTel": "(02)27361661", "WebUrl": "http://pe.tmu.edu.tw", "Lat": 25.02602503, "Lng": 121.5613389, "PassEasyEle": null, "PassEasyParking": null, "PassEasyShower": null, "PassEasyToilet": null, "PassEasyWay": null, "WheelchairAuditorium": null, "disabled": "無無障礙設備" }, "geometry": { "type": "Point", "coordinates": [ 121.5613389, 25.02602503 ] } },
{ "type": "Feature", "properties": { "GymType": "球類運動設施/籃球場館", "Name": "臺北醫學大學籃球場", "Addr": "臺北市信義區吳興街250號", "OperationTel": "(02)27361661", "WebUrl": "http://pe.tmu.edu.tw", "Lat": 25.02604447, "Lng": 121.5614033, "PassEasyEle": null, "PassEasyParking": null, "PassEasyShower": null, "PassEasyToilet": null, "PassEasyWay": null, "WheelchairAuditorium": null, "disabled": "無無障礙設備" }, "geometry": { "type": "Point", "coordinates": [ 121.5614033, 25.02604447 ] } },
{ "type": "Feature", "properties": { "GymType": "球類運動設施/排球場館", "Name": "臺北醫學大學排球場(館)", "Addr": "臺北市信義區吳興街250號", "OperationTel": "(02)27361661", "WebUrl": "http://pe.tmu.edu.tw", "Lat": 25.0260153, "Lng": 121.561355, "PassEasyEle": null, "PassEasyParking": null, "PassEasyShower": null, "PassEasyToilet": null, "PassEasyWay": null, "WheelchairAuditorium": null, "disabled": "無無障礙設備" }, "geometry": { "type": "Point", "coordinates": [ 121.561355, 25.0260153 ] } },
{ "type": "Feature", "properties": { "GymType": "球類運動設施/網球場館", "Name": "臺北醫學大學網球場(館)", "Addr": "臺北市信義區吳興街250號", "OperationTel": "07-27361661#2274", "WebUrl": "http://pe.tmu.edu.tw", "Lat": 25.02604933, "Lng": 121.5614033, "PassEasyEle": 0.0, "PassEasyParking": 0.0, "PassEasyShower": 0.0, "PassEasyToilet": 0.0, "PassEasyWay": 0.0, "WheelchairAuditorium": 0.0, "disabled": "無無障礙設備" }, "geometry": { "type": "Point", "coordinates": [ 121.5614033, 25.02604933 ] } },
{ "type": "Feature", "properties": { "GymType": "球類運動設施/籃球場館", "Name": "臺灣科技大學體育館", "Addr": "臺北市大安區基隆路四段43號", "OperationTel": "02-27333141#7168", "WebUrl": "http://www.ntust.edu.tw", "Lat": 25.01463568, "Lng": 121.543234, "PassEasyEle": null, "PassEasyParking": null, "PassEasyShower": null, "PassEasyToilet": null, "PassEasyWay": null, "WheelchairAuditorium": null, "disabled": "無無障礙設備" }, "geometry": { "type": "Point", "coordinates": [ 121.543234, 25.01463568 ] } },
{ "type": "Feature", "properties": { "GymType": "陸上/射擊運動設施/田徑場", "Name": "臺北藝術大學田徑場", "Addr": "臺北市北投區學園路1號", "OperationTel": "02-28961000#3663", "WebUrl": "http://www.tnua.edu.tw", "Lat": 25.13758267, "Lng": 121.4737594, "PassEasyEle": 0.0, "PassEasyParking": 0.0, "PassEasyShower": 0.0, "PassEasyToilet": 0.0, "PassEasyWay": 1.0, "WheelchairAuditorium": 0.0, "disabled": "有無障礙設備" }, "geometry": { "type": "Point", "coordinates": [ 121.4737594, 25.13758267 ] } },
{ "type": "Feature", "properties": { "GymType": "球類運動設施/籃球場館", "Name": "臺北藝術大學籃球場", "Addr": "臺北市北投區學園路1號", "OperationTel": "02-28961000#3663", "WebUrl": "http://www.tnua.edu.tw", "Lat": 25.13720388, "Lng": 121.4734375, "PassEasyEle": 0.0, "PassEasyParking": 1.0, "PassEasyShower": 0.0, "PassEasyToilet": 0.0, "PassEasyWay": 1.0, "WheelchairAuditorium": 0.0, "disabled": "有無障礙設備" }, "geometry": { "type": "Point", "coordinates": [ 121.4734375, 25.13720388 ] } },
{ "type": "Feature", "properties": { "GymType": "球類運動設施/網球場館", "Name": "臺北藝術大學網球場(館)", "Addr": "臺北市北投區學園路1號", "OperationTel": "02-28961000#3663", "WebUrl": "http://www.tnua.edu.tw", "Lat": 25.13652398, "Lng": 121.4746499, "PassEasyEle": 0.0, "PassEasyParking": 0.0, "PassEasyShower": 0.0, "PassEasyToilet": 0.0, "PassEasyWay": 0.0, "WheelchairAuditorium": 0.0, "disabled": "無無障礙設備" }, "geometry": { "type": "Point", "coordinates": [ 121.4746499, 25.13652398 ] } },
{ "type": "Feature", "properties": { "GymType": "球類運動設施/排球場館", "Name": "臺北藝術大學排球場(館)", "Addr": "臺北市北投區學園路1號", "OperationTel": "02-28961000#3663", "WebUrl": "http://www.tnua.edu.tw", "Lat": 25.13650941, "Lng": 121.47443, "PassEasyEle": null, "PassEasyParking": null, "PassEasyShower": null, "PassEasyToilet": null, "PassEasyWay": null, "WheelchairAuditorium": null, "disabled": "無無障礙設備" }, "geometry": { "type": "Point", "coordinates": [ 121.47443, 25.13650941 ] } },
{ "type": "Feature", "properties": { "GymType": "球類運動設施/羽球場館", "Name": "銘傳大學羽球場(館)", "Addr": "臺北市士林區中山北路五段250號", "OperationTel": "02-28824564#2325", "WebUrl": "http://www.mcu.edu.tw", "Lat": 25.0870467, "Lng": 121.5276611, "PassEasyEle": 0.0, "PassEasyParking": 0.0, "PassEasyShower": 0.0, "PassEasyToilet": 0.0, "PassEasyWay": 0.0, "WheelchairAuditorium": 0.0, "disabled": "無無障礙設備" }, "geometry": { "type": "Point", "coordinates": [ 121.5276611, 25.0870467 ] } },
{ "type": "Feature", "properties": { "GymType": "球類運動設施/籃球場館", "Name": "銘傳大學室外籃球場", "Addr": "臺北市士林區中山北路五段250號", "OperationTel": "02-28824564#2325", "WebUrl": "http://www.mcu.edu.tw", "Lat": 25.08700783, "Lng": 121.5276289, "PassEasyEle": 1.0, "PassEasyParking": 1.0, "PassEasyShower": 0.0, "PassEasyToilet": 1.0, "PassEasyWay": 1.0, "WheelchairAuditorium": 2.0, "disabled": "有無障礙設備" }, "geometry": { "type": "Point", "coordinates": [ 121.5276289, 25.08700783 ] } },
{ "type": "Feature", "properties": { "GymType": "陸上/射擊運動設施/田徑場", "Name": "銘傳大學田徑場", "Addr": "臺北市士林區中山北路五段250號", "OperationTel": "02-28824564#2325", "WebUrl": "http://www.mcu.edu.tw", "Lat": 25.08701755, "Lng": 121.5276504, "PassEasyEle": 0.0, "PassEasyParking": 0.0, "PassEasyShower": 0.0, "PassEasyToilet": 1.0, "PassEasyWay": 1.0, "WheelchairAuditorium": 1.0, "disabled": "有無障礙設備" }, "geometry": { "type": "Point", "coordinates": [ 121.5276504, 25.08701755 ] } },
{ "type": "Feature", "properties": { "GymType": "球類運動設施/籃球場館", "Name": "達人女中籃球場", "Addr": "臺北市內湖區內湖路二段314號", "OperationTel": "02-27956899#401", "WebUrl": "http://www.trgsh.tp.edu.tw", "Lat": 25.0812481, "Lng": 121.5877104, "PassEasyEle": 3.0, "PassEasyParking": 4.0, "PassEasyShower": 0.0, "PassEasyToilet": 1.0, "PassEasyWay": 2.0, "WheelchairAuditorium": 0.0, "disabled": "有無障礙設備" }, "geometry": { "type": "Point", "coordinates": [ 121.5877104, 25.0812481 ] } },
{ "type": "Feature", "properties": { "GymType": "阻力運動設施/多功能健身房/體適能中心（此空間中具有兩種以上之阻力運動器材設備）", "Name": "銘傳大學健身房(含重量訓練室)", "Addr": "臺北市士林區中山北路五段250號", "OperationTel": "02-28824564#2325", "WebUrl": "http://www.mcu.edu.tw", "Lat": 25.08703698, "Lng": 121.5276343, "PassEasyEle": 0.0, "PassEasyParking": 0.0, "PassEasyShower": 0.0, "PassEasyToilet": 0.0, "PassEasyWay": 0.0, "WheelchairAuditorium": 0.0, "disabled": "無無障礙設備" }, "geometry": { "type": "Point", "coordinates": [ 121.5276343, 25.08703698 ] } },
{ "type": "Feature", "properties": { "GymType": "水上/冰上運動設施/游泳池", "Name": "國立臺灣科技大學游泳池(館)", "Addr": "臺北市大安區基隆路四段43號", "OperationTel": "02-27333141#5530", "WebUrl": "http://www.ntust.edu.tw", "Lat": 25.0146211, "Lng": 121.5431964, "PassEasyEle": null, "PassEasyParking": null, "PassEasyShower": null, "PassEasyToilet": null, "PassEasyWay": null, "WheelchairAuditorium": null, "disabled": "無無障礙設備" }, "geometry": { "type": "Point", "coordinates": [ 121.5431964, 25.0146211 ] } },
{ "type": "Feature", "properties": { "GymType": "陸上/射擊運動設施/田徑場", "Name": "臺灣科技大學田徑場", "Addr": "臺北市大安區基隆路四段43號", "OperationTel": "02-27333141#7168", "WebUrl": "http://www.ntust.edu.tw", "Lat": 25.01463082, "Lng": 121.543234, "PassEasyEle": null, "PassEasyParking": null, "PassEasyShower": null, "PassEasyToilet": null, "PassEasyWay": null, "WheelchairAuditorium": null, "disabled": "無無障礙設備" }, "geometry": { "type": "Point", "coordinates": [ 121.543234, 25.01463082 ] } },
{ "type": "Feature", "properties": { "GymType": "球類運動設施/籃球場館", "Name": "臺灣科技大學籃球場", "Addr": "臺北市大安區基隆路四段43號", "OperationTel": "02-27333141#7168", "WebUrl": "http://www.ntust.edu.tw", "Lat": 25.01463568, "Lng": 121.5432394, "PassEasyEle": null, "PassEasyParking": null, "PassEasyShower": null, "PassEasyToilet": null, "PassEasyWay": null, "WheelchairAuditorium": null, "disabled": "無無障礙設備" }, "geometry": { "type": "Point", "coordinates": [ 121.5432394, 25.01463568 ] } },
{ "type": "Feature", "properties": { "GymType": "球類運動設施/網球場館", "Name": "臺灣科技大學網球場(館)", "Addr": "臺北市大安區基隆路四段43號", "OperationTel": "02-27333141#7168", "WebUrl": "http://www.ntust.edu.tw", "Lat": 25.01466242, "Lng": 121.5432501, "PassEasyEle": null, "PassEasyParking": null, "PassEasyShower": null, "PassEasyToilet": null, "PassEasyWay": null, "WheelchairAuditorium": null, "disabled": "無無障礙設備" }, "geometry": { "type": "Point", "coordinates": [ 121.5432501, 25.01466242 ] } },
{ "type": "Feature", "properties": { "GymType": "球類運動設施/排球場館", "Name": "臺灣科技大學排球場(館)", "Addr": "臺北市大安區基隆路四段43號", "OperationTel": "02-27333141#7168", "WebUrl": "http://www.ntust.edu.tw", "Lat": 25.01463568, "Lng": 121.5432715, "PassEasyEle": null, "PassEasyParking": null, "PassEasyShower": null, "PassEasyToilet": null, "PassEasyWay": null, "WheelchairAuditorium": null, "disabled": "無無障礙設備" }, "geometry": { "type": "Point", "coordinates": [ 121.5432715, 25.01463568 ] } },
{ "type": "Feature", "properties": { "GymType": "球類運動設施/撞球場館", "Name": "臺灣科技大學撞球場", "Addr": "臺北市大安區基隆路四段43號", "OperationTel": "02-27376912", "WebUrl": "http://www.ntust.edu.tw", "Lat": 25.01463568, "Lng": 121.5432769, "PassEasyEle": null, "PassEasyParking": null, "PassEasyShower": null, "PassEasyToilet": null, "PassEasyWay": null, "WheelchairAuditorium": null, "disabled": "無無障礙設備" }, "geometry": { "type": "Point", "coordinates": [ 121.5432769, 25.01463568 ] } },
{ "type": "Feature", "properties": { "GymType": "球類運動設施/桌球場館", "Name": "臺灣科技大學桌球場(館)", "Addr": "臺北市大安區基隆路四段43號", "OperationTel": "02-27333141#7168", "WebUrl": "http://www.ntust.edu.tw", "Lat": 25.01463082, "Lng": 121.5432662, "PassEasyEle": null, "PassEasyParking": null, "PassEasyShower": null, "PassEasyToilet": null, "PassEasyWay": null, "WheelchairAuditorium": null, "disabled": "無無障礙設備" }, "geometry": { "type": "Point", "coordinates": [ 121.5432662, 25.01463082 ] } },
{ "type": "Feature", "properties": { "GymType": "球類運動設施/籃球場館", "Name": "松山工農學生活動中心", "Addr": "臺北市信義區忠孝東路5段236巷15號", "OperationTel": "02-27226616", "WebUrl": "http://www.saihs.edu.tw", "Lat": 25.03912171, "Lng": 121.5721992, "PassEasyEle": 2.0, "PassEasyParking": 0.0, "PassEasyShower": 0.0, "PassEasyToilet": 3.0, "PassEasyWay": 0.0, "WheelchairAuditorium": 0.0, "disabled": "有無障礙設備" }, "geometry": { "type": "Point", "coordinates": [ 121.5721992, 25.03912171 ] } },
{ "type": "Feature", "properties": { "GymType": "球類運動設施/籃球場館", "Name": "育成高中活動中心", "Addr": "臺北市南港區重陽路366號", "OperationTel": "02-26530475#541", "WebUrl": "http://www.yucsh.tp.edu.tw", "Lat": 25.05804369, "Lng": 121.6092324, "PassEasyEle": 0.0, "PassEasyParking": 0.0, "PassEasyShower": 0.0, "PassEasyToilet": 0.0, "PassEasyWay": 0.0, "WheelchairAuditorium": 0.0, "disabled": "無無障礙設備" }, "geometry": { "type": "Point", "coordinates": [ 121.6092324, 25.05804369 ] } },
{ "type": "Feature", "properties": { "GymType": "阻力運動設施/多功能健身房/體適能中心（此空間中具有兩種以上之阻力運動器材設備）", "Name": "中華科技大學重量訓練室", "Addr": "臺北市南港區研究院路三段245號", "OperationTel": "02-26546773", "WebUrl": "http://www.cust.edu.tw/sports/", "Lat": 25.03268169, "Lng": 121.6108713, "PassEasyEle": 0.0, "PassEasyParking": 0.0, "PassEasyShower": 0.0, "PassEasyToilet": 0.0, "PassEasyWay": 0.0, "WheelchairAuditorium": 0.0, "disabled": "無無障礙設備" }, "geometry": { "type": "Point", "coordinates": [ 121.6108713, 25.03268169 ] } },
{ "type": "Feature", "properties": { "GymType": "阻力運動設施/多功能健身房/體適能中心（此空間中具有兩種以上之阻力運動器材設備）", "Name": "中華科技大學體適能教室", "Addr": "臺北市南港區研究院路三段245號", "OperationTel": "02-26546773", "WebUrl": "http://www.cust.edu.tw/sports/", "Lat": 25.032723, "Lng": 121.6108471, "PassEasyEle": 0.0, "PassEasyParking": 0.0, "PassEasyShower": 0.0, "PassEasyToilet": 0.0, "PassEasyWay": 0.0, "WheelchairAuditorium": 0.0, "disabled": "無無障礙設備" }, "geometry": { "type": "Point", "coordinates": [ 121.6108471, 25.032723 ] } },
{ "type": "Feature", "properties": { "GymType": "陸上/射擊運動設施/田徑場", "Name": "中華科技大學操場", "Addr": "臺北市南港區研究院路三段245號", "OperationTel": "02-26546773", "WebUrl": "http://www.cust.edu.tw/sports/", "Lat": 25.0326987, "Lng": 121.6108471, "PassEasyEle": 0.0, "PassEasyParking": 0.0, "PassEasyShower": 0.0, "PassEasyToilet": 0.0, "PassEasyWay": 0.0, "WheelchairAuditorium": 0.0, "disabled": "無無障礙設備" }, "geometry": { "type": "Point", "coordinates": [ 121.6108471, 25.0326987 ] } },
{ "type": "Feature", "properties": { "GymType": "舞蹈運動設施/多功能舞蹈運動教室（含舞蹈教室/韻律教室/瑜珈教室等類型空間）", "Name": "中華科技大學舞蹈教室", "Addr": "臺北市南港區研究院路三段245號", "OperationTel": "02-26546773", "WebUrl": "http://www.cust.edu.tw/sports/", "Lat": 25.03297332, "Lng": 121.6100049, "PassEasyEle": 1.0, "PassEasyParking": 0.0, "PassEasyShower": 0.0, "PassEasyToilet": 0.0, "PassEasyWay": 1.0, "WheelchairAuditorium": 0.0, "disabled": "有無障礙設備" }, "geometry": { "type": "Point", "coordinates": [ 121.6100049, 25.03297332 ] } },
{ "type": "Feature", "properties": { "GymType": "球類運動設施/羽球場館", "Name": "中華科技大學學生活動中心", "Addr": "臺北市南港區研究院路三段245號", "OperationTel": "02-26546773", "WebUrl": "http://www.cust.edu.tw/sports/", "Lat": 25.03211544, "Lng": 121.6104233, "PassEasyEle": 0.0, "PassEasyParking": 0.0, "PassEasyShower": 0.0, "PassEasyToilet": 0.0, "PassEasyWay": 1.0, "WheelchairAuditorium": 0.0, "disabled": "有無障礙設備" }, "geometry": { "type": "Point", "coordinates": [ 121.6104233, 25.03211544 ] } },
{ "type": "Feature", "properties": { "GymType": "球類運動設施/滾球場", "Name": "臺灣科技大學滾球場", "Addr": "臺北市大安區基隆路四段43號", "OperationTel": "02-27333141#7168", "WebUrl": "http://www.ntust.edu.tw", "Lat": 25.0146454, "Lng": 121.5432715, "PassEasyEle": null, "PassEasyParking": null, "PassEasyShower": null, "PassEasyToilet": null, "PassEasyWay": null, "WheelchairAuditorium": null, "disabled": "無無障礙設備" }, "geometry": { "type": "Point", "coordinates": [ 121.5432715, 25.0146454 ] } },
{ "type": "Feature", "properties": { "GymType": "球類運動設施/籃球場館", "Name": "開南商工活動中心", "Addr": "臺北市中正區東門里濟南路1段6號", "OperationTel": "02-23212666#212", "WebUrl": "http://www.knvs.tp.edu.tw", "Lat": 25.04154939, "Lng": 121.5212399, "PassEasyEle": 0.0, "PassEasyParking": 0.0, "PassEasyShower": 0.0, "PassEasyToilet": 0.0, "PassEasyWay": 0.0, "WheelchairAuditorium": 0.0, "disabled": "無無障礙設備" }, "geometry": { "type": "Point", "coordinates": [ 121.5212399, 25.04154939 ] } },
{ "type": "Feature", "properties": { "GymType": "球類運動設施/籃球場館", "Name": "台北海洋科技大學體育館", "Addr": "臺北市士林區延平北路九段212號", "OperationTel": "02-28102292#2247", "WebUrl": "http://www.tumt.edu.tw", "Lat": 25.10897296, "Lng": 121.470699, "PassEasyEle": null, "PassEasyParking": null, "PassEasyShower": null, "PassEasyToilet": null, "PassEasyWay": null, "WheelchairAuditorium": null, "disabled": "無無障礙設備" }, "geometry": { "type": "Point", "coordinates": [ 121.470699, 25.10897296 ] } },
{ "type": "Feature", "properties": { "GymType": "水上/冰上運動設施/游泳池", "Name": "台北海洋科技大學游泳池(館)", "Addr": "臺北市士林區延平北路九段212號", "OperationTel": "02-28102292#2246", "WebUrl": "http://www.tcmt.edu.tw", "Lat": 25.10913083, "Lng": 121.4720321, "PassEasyEle": 0.0, "PassEasyParking": 50.0, "PassEasyShower": 0.0, "PassEasyToilet": 0.0, "PassEasyWay": 0.0, "WheelchairAuditorium": 0.0, "disabled": "有無障礙設備" }, "geometry": { "type": "Point", "coordinates": [ 121.4720321, 25.10913083 ] } },
{ "type": "Feature", "properties": { "GymType": "陸上/射擊運動設施/田徑場", "Name": "台北海洋科技大學田徑場", "Addr": "臺北市士林區延平北路九段212號", "OperationTel": "02-28102292#2246", "WebUrl": "http://www.tumt.edu.tw", "Lat": 25.1087228, "Lng": 121.4710557, "PassEasyEle": 0.0, "PassEasyParking": 0.0, "PassEasyShower": 0.0, "PassEasyToilet": 0.0, "PassEasyWay": 0.0, "WheelchairAuditorium": 0.0, "disabled": "無無障礙設備" }, "geometry": { "type": "Point", "coordinates": [ 121.4710557, 25.1087228 ] } },
{ "type": "Feature", "properties": { "GymType": "球類運動設施/籃球場館", "Name": "幼華高中籃球場", "Addr": "臺北市北投區北投路二段55號", "OperationTel": "02-28921166#225", "WebUrl": "http://www.shvs.tp.edu.tw", "Lat": 25.13302733, "Lng": 121.4965743, "PassEasyEle": 0.0, "PassEasyParking": 0.0, "PassEasyShower": 0.0, "PassEasyToilet": 0.0, "PassEasyWay": 0.0, "WheelchairAuditorium": 0.0, "disabled": "無無障礙設備" }, "geometry": { "type": "Point", "coordinates": [ 121.4965743, 25.13302733 ] } },
{ "type": "Feature", "properties": { "GymType": "球類運動設施/網球場館", "Name": "台北海洋科技大學網球場(館)", "Addr": "臺北市士林區延平北路九段212號", "OperationTel": "02-28059999#3109", "WebUrl": "http://www.tumt.edu.tw", "Lat": 25.10917454, "Lng": 121.4697683, "PassEasyEle": null, "PassEasyParking": null, "PassEasyShower": null, "PassEasyToilet": null, "PassEasyWay": null, "WheelchairAuditorium": null, "disabled": "無無障礙設備" }, "geometry": { "type": "Point", "coordinates": [ 121.4697683, 25.10917454 ] } },
{ "type": "Feature", "properties": { "GymType": "球類運動設施/籃球場館", "Name": "東吳大學體育館", "Addr": "臺北市士林區臨溪路70號", "OperationTel": "(02)28819471#5606", "WebUrl": "http://www.scu.edu.tw/physical/", "Lat": 25.09415671, "Lng": 121.5463655, "PassEasyEle": null, "PassEasyParking": null, "PassEasyShower": null, "PassEasyToilet": null, "PassEasyWay": null, "WheelchairAuditorium": null, "disabled": "無無障礙設備" }, "geometry": { "type": "Point", "coordinates": [ 121.5463655, 25.09415671 ] } },
{ "type": "Feature", "properties": { "GymType": "球類運動設施/羽球場館", "Name": "中正高中活動中心", "Addr": "臺北市北投區文林北路77號", "OperationTel": "02-28234811#330", "WebUrl": "http://www.ccsh.tp.edu.tw", "Lat": 25.1048926, "Lng": 121.5156823, "PassEasyEle": 1.0, "PassEasyParking": 0.0, "PassEasyShower": 0.0, "PassEasyToilet": 2.0, "PassEasyWay": 1.0, "WheelchairAuditorium": 0.0, "disabled": "有無障礙設備" }, "geometry": { "type": "Point", "coordinates": [ 121.5156823, 25.1048926 ] } },
{ "type": "Feature", "properties": { "GymType": "球類運動設施/籃球場館", "Name": "東吳大學籃球場", "Addr": "臺北市士林區臨溪路70號", "OperationTel": "(02)28819471#5606", "WebUrl": "http://www.scu.edu.tw/physical/", "Lat": 25.09550239, "Lng": 121.5446851, "PassEasyEle": null, "PassEasyParking": null, "PassEasyShower": null, "PassEasyToilet": null, "PassEasyWay": null, "WheelchairAuditorium": null, "disabled": "無無障礙設備" }, "geometry": { "type": "Point", "coordinates": [ 121.5446851, 25.09550239 ] } },
{ "type": "Feature", "properties": { "GymType": "球類運動設施/網球場館", "Name": "東吳大學網球場(館)", "Addr": "臺北市士林區臨溪路70號", "OperationTel": "(02)28819471#5606", "WebUrl": "http://www.scu.edu.tw/physical/", "Lat": 25.09567971, "Lng": 121.5443069, "PassEasyEle": null, "PassEasyParking": null, "PassEasyShower": null, "PassEasyToilet": null, "PassEasyWay": null, "WheelchairAuditorium": null, "disabled": "無無障礙設備" }, "geometry": { "type": "Point", "coordinates": [ 121.5443069, 25.09567971 ] } },
{ "type": "Feature", "properties": { "GymType": "球類運動設施/排球場館", "Name": "東吳大學排球場(館)", "Addr": "臺北市士林區臨溪路70號", "OperationTel": "(02)28819471#5606", "WebUrl": "http://www.scu.edu.tw/physical/", "Lat": 25.0954368, "Lng": 121.5452778, "PassEasyEle": null, "PassEasyParking": null, "PassEasyShower": null, "PassEasyToilet": null, "PassEasyWay": null, "WheelchairAuditorium": null, "disabled": "無無障礙設備" }, "geometry": { "type": "Point", "coordinates": [ 121.5452778, 25.0954368 ] } },
{ "type": "Feature", "properties": { "GymType": "舞蹈運動設施/多功能舞蹈運動教室（含舞蹈教室/韻律教室/瑜珈教室等類型空間）", "Name": "東吳大學舞蹈教室", "Addr": "臺北市士林區臨溪路70號", "OperationTel": "(02)28819471#5606", "WebUrl": "http://www.scu.edu.tw/physical/", "Lat": 25.09408626, "Lng": 121.5463668, "PassEasyEle": null, "PassEasyParking": null, "PassEasyShower": null, "PassEasyToilet": null, "PassEasyWay": null, "WheelchairAuditorium": null, "disabled": "無無障礙設備" }, "geometry": { "type": "Point", "coordinates": [ 121.5463668, 25.09408626 ] } },
{ "type": "Feature", "properties": { "GymType": "阻力運動設施/多功能健身房/體適能中心（此空間中具有兩種以上之阻力運動器材設備）", "Name": "東吳大學健身房(含重量訓練室)", "Addr": "臺北市士林區臨溪路70號", "OperationTel": "(02)28819471#5606", "WebUrl": "http://www.scu.edu.tw/physical/", "Lat": 25.09409598, "Lng": 121.5464258, "PassEasyEle": null, "PassEasyParking": null, "PassEasyShower": null, "PassEasyToilet": null, "PassEasyWay": null, "WheelchairAuditorium": null, "disabled": "無無障礙設備" }, "geometry": { "type": "Point", "coordinates": [ 121.5464258, 25.09409598 ] } },
{ "type": "Feature", "properties": { "GymType": "球類運動設施/桌球場館", "Name": "東吳大學桌球場(館)", "Addr": "臺北市士林區臨溪路70號", "OperationTel": "(02)28819471#5606", "WebUrl": "http://www.scu.edu.tw/physical/", "Lat": 25.09416399, "Lng": 121.546281, "PassEasyEle": null, "PassEasyParking": null, "PassEasyShower": null, "PassEasyToilet": null, "PassEasyWay": null, "WheelchairAuditorium": null, "disabled": "無無障礙設備" }, "geometry": { "type": "Point", "coordinates": [ 121.546281, 25.09416399 ] } },
{ "type": "Feature", "properties": { "GymType": "球類運動設施/籃球場館", "Name": "東吳大學體育館", "Addr": "臺北市中正區貴陽街一段56號", "OperationTel": "(02)28819471#5606", "WebUrl": "http://www.scu.edu.tw/physical/", "Lat": 25.03787504, "Lng": 121.5100175, "PassEasyEle": null, "PassEasyParking": null, "PassEasyShower": null, "PassEasyToilet": null, "PassEasyWay": null, "WheelchairAuditorium": null, "disabled": "無無障礙設備" }, "geometry": { "type": "Point", "coordinates": [ 121.5100175, 25.03787504 ] } },
{ "type": "Feature", "properties": { "GymType": "舞蹈運動設施/多功能舞蹈運動教室（含舞蹈教室/韻律教室/瑜珈教室等類型空間）", "Name": "東吳大學城中校區舞蹈教室", "Addr": "台北市中正區貴陽街一段56號", "OperationTel": "02-28819471#5606", "WebUrl": "http://www.scu.edu.tw/physical/", "Lat": 25.03877298, "Lng": 121.509748, "PassEasyEle": null, "PassEasyParking": null, "PassEasyShower": null, "PassEasyToilet": null, "PassEasyWay": null, "WheelchairAuditorium": null, "disabled": "無無障礙設備" }, "geometry": { "type": "Point", "coordinates": [ 121.509748, 25.03877298 ] } },
{ "type": "Feature", "properties": { "GymType": "阻力運動設施/多功能健身房/體適能中心（此空間中具有兩種以上之阻力運動器材設備）", "Name": "東吳大學健身房(含重量訓練室)", "Addr": "臺北市中正區貴陽街一段56號", "OperationTel": "(02)28819471#5606", "WebUrl": "http://www.scu.edu.tw/physical/", "Lat": 25.03880822, "Lng": 121.5100014, "PassEasyEle": null, "PassEasyParking": null, "PassEasyShower": null, "PassEasyToilet": null, "PassEasyWay": null, "WheelchairAuditorium": null, "disabled": "無無障礙設備" }, "geometry": { "type": "Point", "coordinates": [ 121.5100014, 25.03880822 ] } },
{ "type": "Feature", "properties": { "GymType": "陸上/射擊運動設施/田徑場", "Name": "中正高中田徑場", "Addr": "臺北市北投區文林北路77號", "OperationTel": "02-28234811#330", "WebUrl": "http://www.ccsh.tp.edu.tw", "Lat": 25.10343772, "Lng": 121.5153497, "PassEasyEle": 0.0, "PassEasyParking": 0.0, "PassEasyShower": 0.0, "PassEasyToilet": 0.0, "PassEasyWay": 0.0, "WheelchairAuditorium": 0.0, "disabled": "無無障礙設備" }, "geometry": { "type": "Point", "coordinates": [ 121.5153497, 25.10343772 ] } },
{ "type": "Feature", "properties": { "GymType": "球類運動設施/桌球場館", "Name": "東吳大學桌球場(館)", "Addr": "臺北市中正區貴陽街一段56號", "OperationTel": "(02)28819471#5606", "WebUrl": "http://www.scu.edu.tw/physical/", "Lat": 25.03890786, "Lng": 121.509929, "PassEasyEle": null, "PassEasyParking": null, "PassEasyShower": null, "PassEasyToilet": null, "PassEasyWay": null, "WheelchairAuditorium": null, "disabled": "無無障礙設備" }, "geometry": { "type": "Point", "coordinates": [ 121.509929, 25.03890786 ] } },
{ "type": "Feature", "properties": { "GymType": "球類運動設施/籃球場館", "Name": "東吳大學城中校區室外籃球場", "Addr": "臺北市中正區貴陽街一段56號", "OperationTel": "02-28819471#5606", "WebUrl": "http://www.scu.edu.tw/physical/", "Lat": 25.03797347, "Lng": 121.5098177, "PassEasyEle": null, "PassEasyParking": null, "PassEasyShower": null, "PassEasyToilet": null, "PassEasyWay": null, "WheelchairAuditorium": null, "disabled": "無無障礙設備" }, "geometry": { "type": "Point", "coordinates": [ 121.5098177, 25.03797347 ] } },
{ "type": "Feature", "properties": { "GymType": "球類運動設施/籃球場館", "Name": "中正高中籃球場", "Addr": "臺北市北投區文林北路77號", "OperationTel": "02-28234811#330", "WebUrl": "http://www.ccsh.tp.edu.tw", "Lat": 25.10400121, "Lng": 121.5149689, "PassEasyEle": 0.0, "PassEasyParking": 0.0, "PassEasyShower": 0.0, "PassEasyToilet": 0.0, "PassEasyWay": 0.0, "WheelchairAuditorium": 0.0, "disabled": "無無障礙設備" }, "geometry": { "type": "Point", "coordinates": [ 121.5149689, 25.10400121 ] } },
{ "type": "Feature", "properties": { "GymType": "球類運動設施/排球場館", "Name": "中正高中排球場(館)", "Addr": "臺北市北投區文林北路77號", "OperationTel": "02-28234811#330", "WebUrl": "http://www.ccsh.tp.edu.tw", "Lat": 25.10397692, "Lng": 121.5149447, "PassEasyEle": 0.0, "PassEasyParking": 0.0, "PassEasyShower": 0.0, "PassEasyToilet": 0.0, "PassEasyWay": 0.0, "WheelchairAuditorium": 0.0, "disabled": "無無障礙設備" }, "geometry": { "type": "Point", "coordinates": [ 121.5149447, 25.10397692 ] } },
{ "type": "Feature", "properties": { "GymType": "球類運動設施/籃球場館", "Name": "開平餐飲學校操場", "Addr": "臺北市大安區復興南路2段148巷24號", "OperationTel": "02-27556939#373", "WebUrl": "http://www.kpvs.tp.edu.tw", "Lat": 25.02859301, "Lng": 121.5422724, "PassEasyEle": 0.0, "PassEasyParking": 0.0, "PassEasyShower": 0.0, "PassEasyToilet": 1.0, "PassEasyWay": 0.0, "WheelchairAuditorium": 0.0, "disabled": "有無障礙設備" }, "geometry": { "type": "Point", "coordinates": [ 121.5422724, 25.02859301 ] } },
{ "type": "Feature", "properties": { "GymType": "阻力運動設施/舉重室/健力室", "Name": "臺北科技大學體適能運動中心(有氧訓練室)", "Addr": "臺北市大安區忠孝東路三段1號", "OperationTel": "02-27712171#3320", "WebUrl": "http://www.ntut.edu.tw", "Lat": 25.04289704, "Lng": 121.5344003, "PassEasyEle": 0.0, "PassEasyParking": 0.0, "PassEasyShower": 0.0, "PassEasyToilet": 0.0, "PassEasyWay": 0.0, "WheelchairAuditorium": 0.0, "disabled": "無無障礙設備" }, "geometry": { "type": "Point", "coordinates": [ 121.5344003, 25.04289704 ] } },
{ "type": "Feature", "properties": { "GymType": "阻力運動設施/多功能健身房/體適能中心（此空間中具有兩種以上之阻力運動器材設備）", "Name": "臺北科技大學運動體適能運動教室", "Addr": "臺北市大安區忠孝東路三段1號", "OperationTel": "02-27712171#3320", "WebUrl": "http://www.ntut.edu.tw", "Lat": 25.0430379, "Lng": 121.5342463, "PassEasyEle": 0.0, "PassEasyParking": 0.0, "PassEasyShower": 0.0, "PassEasyToilet": 0.0, "PassEasyWay": 0.0, "WheelchairAuditorium": 0.0, "disabled": "無無障礙設備" }, "geometry": { "type": "Point", "coordinates": [ 121.5342463, 25.0430379 ] } },
{ "type": "Feature", "properties": { "GymType": "阻力運動設施/多功能健身房/體適能中心（此空間中具有兩種以上之阻力運動器材設備）", "Name": "臺北科技大學健身房(含重量訓練室)", "Addr": "臺北市大安區忠孝東路三段1號", "OperationTel": "02-27712171#3320", "WebUrl": "http://www.ntut.edu.tw", "Lat": 25.04303621, "Lng": 121.5342964, "PassEasyEle": 0.0, "PassEasyParking": 0.0, "PassEasyShower": 0.0, "PassEasyToilet": 0.0, "PassEasyWay": 0.0, "WheelchairAuditorium": 0.0, "disabled": "無無障礙設備" }, "geometry": { "type": "Point", "coordinates": [ 121.5342964, 25.04303621 ] } },
{ "type": "Feature", "properties": { "GymType": "球類運動設施/籃球場館", "Name": "臺北市信義運動中心", "Addr": "臺北市 信義區 松勤街100號", "OperationTel": "02-87861911", "WebUrl": "https://xysc.teamxports.com/", "Lat": 25.03184811, "Lng": 121.5665531, "PassEasyEle": 1.0, "PassEasyParking": 0.0, "PassEasyShower": 0.0, "PassEasyToilet": 5.0, "PassEasyWay": 2.0, "WheelchairAuditorium": 0.0, "disabled": "有無障礙設備" }, "geometry": { "type": "Point", "coordinates": [ 121.5665531, 25.03184811 ] } },
{ "type": "Feature", "properties": { "GymType": "水上/冰上運動設施/游泳池", "Name": "實踐大學游泳池(館)(臺北校區)", "Addr": "臺北市中山區大直街70號", "OperationTel": "02-25381111#3811", "WebUrl": "http://www.usc.edu.tw", "Lat": 25.08459252, "Lng": 121.5456324, "PassEasyEle": 0.0, "PassEasyParking": 0.0, "PassEasyShower": 0.0, "PassEasyToilet": 0.0, "PassEasyWay": 0.0, "WheelchairAuditorium": 0.0, "disabled": "無無障礙設備" }, "geometry": { "type": "Point", "coordinates": [ 121.5456324, 25.08459252 ] } },
{ "type": "Feature", "properties": { "GymType": "球類運動設施/網球場館", "Name": "實踐大學網球場(館)(臺北校區)", "Addr": "臺北市中山區大直街70號", "OperationTel": "02-25381111#3811", "WebUrl": "http://www.sportnew.usc.edu.tw/", "Lat": 25.08458606, "Lng": 121.5456084, "PassEasyEle": 0.0, "PassEasyParking": 0.0, "PassEasyShower": 0.0, "PassEasyToilet": 0.0, "PassEasyWay": 0.0, "WheelchairAuditorium": 0.0, "disabled": "無無障礙設備" }, "geometry": { "type": "Point", "coordinates": [ 121.5456084, 25.08458606 ] } },
{ "type": "Feature", "properties": { "GymType": "球類運動設施/籃球場館", "Name": "實踐大學體育館(臺北校區)", "Addr": "臺北市中山區大直街70號", "OperationTel": "02-25381111#3811", "WebUrl": "http://www.sportnew.usc.edu.tw/", "Lat": 25.08457119, "Lng": 121.5456258, "PassEasyEle": 0.0, "PassEasyParking": 0.0, "PassEasyShower": 0.0, "PassEasyToilet": 0.0, "PassEasyWay": 0.0, "WheelchairAuditorium": 0.0, "disabled": "無無障礙設備" }, "geometry": { "type": "Point", "coordinates": [ 121.5456258, 25.08457119 ] } },
{ "type": "Feature", "properties": { "GymType": "舞蹈運動設施/多功能舞蹈運動教室（含舞蹈教室/韻律教室/瑜珈教室等類型空間）", "Name": "臺北科技大學多功能舞蹈教室", "Addr": "臺北市大安區忠孝東路三段1號", "OperationTel": "02-27712171#3320", "WebUrl": "http://www.ntut.edu.tw", "Lat": 25.04346428, "Lng": 121.5358526, "PassEasyEle": 0.0, "PassEasyParking": 0.0, "PassEasyShower": 0.0, "PassEasyToilet": 0.0, "PassEasyWay": 0.0, "WheelchairAuditorium": 0.0, "disabled": "無無障礙設備" }, "geometry": { "type": "Point", "coordinates": [ 121.5358526, 25.04346428 ] } },
{ "type": "Feature", "properties": { "GymType": "球類運動設施/撞球場館", "Name": "臺北科技大學中正館 7樓撞球教室", "Addr": "臺北市大安區忠孝東路三段1號", "OperationTel": "02-27712171#3320", "WebUrl": "http://www.ntut.edu.tw", "Lat": 25.04345942, "Lng": 121.5358579, "PassEasyEle": 0.0, "PassEasyParking": 0.0, "PassEasyShower": 0.0, "PassEasyToilet": 0.0, "PassEasyWay": 0.0, "WheelchairAuditorium": 0.0, "disabled": "無無障礙設備" }, "geometry": { "type": "Point", "coordinates": [ 121.5358579, 25.04345942 ] } },
{ "type": "Feature", "properties": { "GymType": "陸上/射擊運動設施/田徑場", "Name": "臺北科技大學東校區運動園區（爬竿區）", "Addr": "臺北市大安區忠孝東路三段1號", "OperationTel": "02-27712171#3320", "WebUrl": "http://www.ntut.edu.tw", "Lat": 25.0428276, "Lng": 121.5376335, "PassEasyEle": 0.0, "PassEasyParking": 0.0, "PassEasyShower": 0.0, "PassEasyToilet": 0.0, "PassEasyWay": 0.0, "WheelchairAuditorium": 0.0, "disabled": "無無障礙設備" }, "geometry": { "type": "Point", "coordinates": [ 121.5376335, 25.0428276 ] } },
{ "type": "Feature", "properties": { "GymType": "球類運動設施/排球場館", "Name": "臺北科技大學東校區運動園區（排球場）", "Addr": "臺北市大安區忠孝東路三段1號", "OperationTel": "02-27712171#3327", "WebUrl": "http://www.ntut.edu.tw", "Lat": 25.04307304, "Lng": 121.5381847, "PassEasyEle": 0.0, "PassEasyParking": 2.0, "PassEasyShower": 0.0, "PassEasyToilet": 0.0, "PassEasyWay": 1.0, "WheelchairAuditorium": 0.0, "disabled": "有無障礙設備" }, "geometry": { "type": "Point", "coordinates": [ 121.5381847, 25.04307304 ] } },
{ "type": "Feature", "properties": { "GymType": "球類運動設施/籃球場館", "Name": "臺北科技大學東校區運動園區（籃球比賽場）", "Addr": "臺北市大安區忠孝東路三段1號", "OperationTel": "02-27712171#3320", "WebUrl": "http://www.ntut.edu.tw", "Lat": 25.04318725, "Lng": 121.5375584, "PassEasyEle": 0.0, "PassEasyParking": 0.0, "PassEasyShower": 0.0, "PassEasyToilet": 0.0, "PassEasyWay": 0.0, "WheelchairAuditorium": 0.0, "disabled": "無無障礙設備" }, "geometry": { "type": "Point", "coordinates": [ 121.5375584, 25.04318725 ] } },
{ "type": "Feature", "properties": { "GymType": "球類運動設施/籃球場館", "Name": "臺北科技大學東校區運動園區（籃球練習場）", "Addr": "臺北市大安區忠孝東路三段1號", "OperationTel": "02-27712171#3320", "WebUrl": "http://www.ntut.edu.tw", "Lat": 25.04323585, "Lng": 121.5378749, "PassEasyEle": 0.0, "PassEasyParking": 0.0, "PassEasyShower": 0.0, "PassEasyToilet": 0.0, "PassEasyWay": 0.0, "WheelchairAuditorium": 0.0, "disabled": "無無障礙設備" }, "geometry": { "type": "Point", "coordinates": [ 121.5378749, 25.04323585 ] } },
{ "type": "Feature", "properties": { "GymType": "球類運動設施/網球場館", "Name": "臺北科技大學東校區運動園區（網球場）", "Addr": "臺北市大安區忠孝東路三段1號", "OperationTel": "02-27712171#3327", "WebUrl": "http://www.ntut.edu.tw", "Lat": 25.04319211, "Lng": 121.5372151, "PassEasyEle": 0.0, "PassEasyParking": 0.0, "PassEasyShower": 0.0, "PassEasyToilet": 0.0, "PassEasyWay": 0.0, "WheelchairAuditorium": 0.0, "disabled": "無無障礙設備" }, "geometry": { "type": "Point", "coordinates": [ 121.5372151, 25.04319211 ] } },
{ "type": "Feature", "properties": { "GymType": "球類運動設施/足球場館", "Name": "臺北科技大學東校區運動園區（足球場）", "Addr": "臺北市大安區忠孝東路三段1號", "OperationTel": "02-27712171#3320", "WebUrl": "http://www.ntut.edu.tw", "Lat": 25.04239505, "Lng": 121.5375584, "PassEasyEle": 0.0, "PassEasyParking": 0.0, "PassEasyShower": 0.0, "PassEasyToilet": 0.0, "PassEasyWay": 0.0, "WheelchairAuditorium": 0.0, "disabled": "無無障礙設備" }, "geometry": { "type": "Point", "coordinates": [ 121.5375584, 25.04239505 ] } },
{ "type": "Feature", "properties": { "GymType": "舞蹈運動設施/多功能舞蹈運動教室（含舞蹈教室/韻律教室/瑜珈教室等類型空間）", "Name": "臺北科技大學第三教學大樓B1體適能運動中心(舞蹈教室)", "Addr": "臺北市大安區忠孝東路三段1號", "OperationTel": "02-27712171#3320", "WebUrl": "http://www.ntut.edu.tw", "Lat": 25.04302374, "Lng": 121.5343533, "PassEasyEle": 0.0, "PassEasyParking": 0.0, "PassEasyShower": 0.0, "PassEasyToilet": 0.0, "PassEasyWay": 0.0, "WheelchairAuditorium": 0.0, "disabled": "無無障礙設備" }, "geometry": { "type": "Point", "coordinates": [ 121.5343533, 25.04302374 ] } },
{ "type": "Feature", "properties": { "GymType": "球類運動設施/籃球場館", "Name": "臺北科技大學14.中正館5F綜合球場", "Addr": "臺北市大安區忠孝東路三段1號", "OperationTel": "02-27712171#3320", "WebUrl": "http://www.ntut.edu.tw", "Lat": 25.04341568, "Lng": 121.5358257, "PassEasyEle": 0.0, "PassEasyParking": 0.0, "PassEasyShower": 0.0, "PassEasyToilet": 0.0, "PassEasyWay": 0.0, "WheelchairAuditorium": 0.0, "disabled": "無無障礙設備" }, "geometry": { "type": "Point", "coordinates": [ 121.5358257, 25.04341568 ] } },
{ "type": "Feature", "properties": { "GymType": "球類運動設施/桌球場館", "Name": "臺北科技大學中正館B1桌球室", "Addr": "臺北市大安區忠孝東路三段1號", "OperationTel": "02-27712171#3320", "WebUrl": "http://www.ntut.edu.tw", "Lat": 25.04343755, "Lng": 121.5358526, "PassEasyEle": 0.0, "PassEasyParking": 0.0, "PassEasyShower": 0.0, "PassEasyToilet": 0.0, "PassEasyWay": 0.0, "WheelchairAuditorium": 0.0, "disabled": "無無障礙設備" }, "geometry": { "type": "Point", "coordinates": [ 121.5358526, 25.04343755 ] } },
{ "type": "Feature", "properties": { "GymType": "陸上/射擊運動設施/田徑場", "Name": "臺北科技大學東校區運動園區(田徑場)", "Addr": "臺北市大安區忠孝東路三段1號", "OperationTel": "02-27712171#3320", "WebUrl": "http://www.ntut.edu.tw", "Lat": 25.0426332, "Lng": 121.5374565, "PassEasyEle": 0.0, "PassEasyParking": 0.0, "PassEasyShower": 0.0, "PassEasyToilet": 0.0, "PassEasyWay": 0.0, "WheelchairAuditorium": 0.0, "disabled": "無無障礙設備" }, "geometry": { "type": "Point", "coordinates": [ 121.5374565, 25.0426332 ] } },
{ "type": "Feature", "properties": { "GymType": "陸上/射擊運動設施/田徑場", "Name": "復興高中田徑場", "Addr": "臺北市北投區復興四路70號", "OperationTel": "02-28914131#330", "WebUrl": "http://www.fhsh.tp.edu.tw", "Lat": 25.14274001, "Lng": 121.5020084, "PassEasyEle": 0.0, "PassEasyParking": 0.0, "PassEasyShower": 0.0, "PassEasyToilet": 0.0, "PassEasyWay": 0.0, "WheelchairAuditorium": 0.0, "disabled": "無無障礙設備" }, "geometry": { "type": "Point", "coordinates": [ 121.5020084, 25.14274001 ] } },
{ "type": "Feature", "properties": { "GymType": "水上/冰上運動設施/游泳池", "Name": "復興高中游泳池(館)", "Addr": "臺北市北投區復興四路70號", "OperationTel": "02-28914131#330", "WebUrl": "http://www.fhsh.tp.edu.tw", "Lat": 25.14406088, "Lng": 121.5029204, "PassEasyEle": 0.0, "PassEasyParking": 0.0, "PassEasyShower": 0.0, "PassEasyToilet": 0.0, "PassEasyWay": 0.0, "WheelchairAuditorium": 0.0, "disabled": "無無障礙設備" }, "geometry": { "type": "Point", "coordinates": [ 121.5029204, 25.14406088 ] } },
{ "type": "Feature", "properties": { "GymType": "球類運動設施/羽球場館", "Name": "復興高中中正堂", "Addr": "臺北市北投區復興四路70號", "OperationTel": "02-28914131#330", "WebUrl": "http://www.fhsh.tp.edu.tw", "Lat": 25.14327419, "Lng": 121.5026253, "PassEasyEle": 0.0, "PassEasyParking": 0.0, "PassEasyShower": 0.0, "PassEasyToilet": 0.0, "PassEasyWay": 0.0, "WheelchairAuditorium": 0.0, "disabled": "無無障礙設備" }, "geometry": { "type": "Point", "coordinates": [ 121.5026253, 25.14327419 ] } },
{ "type": "Feature", "properties": { "GymType": "水上/冰上運動設施/游泳池", "Name": "德明財經科技大學游泳池", "Addr": "臺北市內湖區環山路一段56號", "OperationTel": "02-87513132", "WebUrl": "http://www.takming.edu.tw", "Lat": 25.08677244, "Lng": 121.5653139, "PassEasyEle": 2.0, "PassEasyParking": 2.0, "PassEasyShower": 0.0, "PassEasyToilet": 0.0, "PassEasyWay": 0.0, "WheelchairAuditorium": 0.0, "disabled": "有無障礙設備" }, "geometry": { "type": "Point", "coordinates": [ 121.5653139, 25.08677244 ] } },
{ "type": "Feature", "properties": { "GymType": "陸上/射擊運動設施/田徑場", "Name": "開南商工田徑場", "Addr": "臺北市中正區東門里濟南路1段6號", "OperationTel": "02-23212666#212", "WebUrl": "http://www.knvs.tp.edu.tw", "Lat": 25.04172921, "Lng": 121.5216744, "PassEasyEle": 1.0, "PassEasyParking": 0.0, "PassEasyShower": 0.0, "PassEasyToilet": 0.0, "PassEasyWay": 5.0, "WheelchairAuditorium": 0.0, "disabled": "有無障礙設備" }, "geometry": { "type": "Point", "coordinates": [ 121.5216744, 25.04172921 ] } },
{ "type": "Feature", "properties": { "GymType": "球類運動設施/籃球場館", "Name": "臺北市北投運動中心", "Addr": "臺北市 北投區 石牌路1段39巷100號", "OperationTel": "02-28202880", "WebUrl": "http://www.btsport.org.tw/", "Lat": 25.1168977, "Lng": 121.5096956, "PassEasyEle": 3.0, "PassEasyParking": 3.0, "PassEasyShower": 0.0, "PassEasyToilet": 4.0, "PassEasyWay": 1.0, "WheelchairAuditorium": 0.0, "disabled": "有無障礙設備" }, "geometry": { "type": "Point", "coordinates": [ 121.5096956, 25.1168977 ] } },
{ "type": "Feature", "properties": { "GymType": "球類運動設施/排球場館", "Name": "德明財經科技大學排球場", "Addr": "臺北市內湖區環山路一段56號", "OperationTel": "02-26585801#5196", "WebUrl": "http://www.takming.edu.tw", "Lat": 25.08746238, "Lng": 121.5669233, "PassEasyEle": 0.0, "PassEasyParking": 0.0, "PassEasyShower": 0.0, "PassEasyToilet": 0.0, "PassEasyWay": 0.0, "WheelchairAuditorium": 0.0, "disabled": "無無障礙設備" }, "geometry": { "type": "Point", "coordinates": [ 121.5669233, 25.08746238 ] } },
{ "type": "Feature", "properties": { "GymType": "球類運動設施/桌球場館", "Name": "德明財經科技大學桌球教室", "Addr": "臺北市內湖區環山路一段56號", "OperationTel": "02-26585801#5196", "WebUrl": "http://www.takming.edu.tw", "Lat": 25.0872335, "Lng": 121.5657699, "PassEasyEle": 0.0, "PassEasyParking": 0.0, "PassEasyShower": 0.0, "PassEasyToilet": 0.0, "PassEasyWay": 0.0, "WheelchairAuditorium": 0.0, "disabled": "無無障礙設備" }, "geometry": { "type": "Point", "coordinates": [ 121.5657699, 25.0872335 ] } },
{ "type": "Feature", "properties": { "GymType": "陸上/射擊運動設施/田徑場", "Name": "臺灣師範大學體育館", "Addr": "臺北市大安區和平東路一段162號", "OperationTel": "02-77343177", "WebUrl": "http://www.ntnu.edu.tw", "Lat": 25.02614533, "Lng": 121.5273754, "PassEasyEle": 1.0, "PassEasyParking": 0.0, "PassEasyShower": 0.0, "PassEasyToilet": 1.0, "PassEasyWay": 3.0, "WheelchairAuditorium": 0.0, "disabled": "有無障礙設備" }, "geometry": { "type": "Point", "coordinates": [ 121.5273754, 25.02614533 ] } },
{ "type": "Feature", "properties": { "GymType": "陸上/射擊運動設施/田徑場", "Name": "臺灣師範大學田徑場", "Addr": "臺北市大安區和平東路一段162號", "OperationTel": "02-77343176", "WebUrl": "http://www.ntnu.edu.tw", "Lat": 25.02615201, "Lng": 121.527301, "PassEasyEle": 0.0, "PassEasyParking": 0.0, "PassEasyShower": 0.0, "PassEasyToilet": 0.0, "PassEasyWay": 0.0, "WheelchairAuditorium": 0.0, "disabled": "無無障礙設備" }, "geometry": { "type": "Point", "coordinates": [ 121.527301, 25.02615201 ] } },
{ "type": "Feature", "properties": { "GymType": "球類運動設施/籃球場館", "Name": "臺北市萬華運動中心", "Addr": "臺北市 萬華區 西寧南路6之1號", "OperationTel": "02-23759900", "WebUrl": "http://whsc.com.tw/", "Lat": 25.04751753, "Lng": 121.5067506, "PassEasyEle": 1.0, "PassEasyParking": 1.0, "PassEasyShower": 0.0, "PassEasyToilet": 5.0, "PassEasyWay": 1.0, "WheelchairAuditorium": 0.0, "disabled": "有無障礙設備" }, "geometry": { "type": "Point", "coordinates": [ 121.5067506, 25.04751753 ] } },
{ "type": "Feature", "properties": { "GymType": "水上/冰上運動設施/游泳池", "Name": "臺北市松山運動中心", "Addr": "臺北市 松山區 敦化北路1號", "OperationTel": "02-66176789", "WebUrl": "http://sssc.com.tw/", "Lat": 25.04857699, "Lng": 121.5501916, "PassEasyEle": 1.0, "PassEasyParking": 2.0, "PassEasyShower": 2.0, "PassEasyToilet": 2.0, "PassEasyWay": 1.0, "WheelchairAuditorium": 0.0, "disabled": "有無障礙設備" }, "geometry": { "type": "Point", "coordinates": [ 121.5501916, 25.04857699 ] } },
{ "type": "Feature", "properties": { "GymType": "陸上/射擊運動設施/田徑場", "Name": "喬治工商田徑場、籃球場", "Addr": "臺北市信義區基隆路二段155號", "OperationTel": "02-27386515#220", "WebUrl": "http://www.gvs.tp.edu.tw", "Lat": 25.02564102, "Lng": 121.555202, "PassEasyEle": 3.0, "PassEasyParking": 30.0, "PassEasyShower": 0.0, "PassEasyToilet": 2.0, "PassEasyWay": 2.0, "WheelchairAuditorium": 10.0, "disabled": "有無障礙設備" }, "geometry": { "type": "Point", "coordinates": [ 121.555202, 25.02564102 ] } },
{ "type": "Feature", "properties": { "GymType": "水上/冰上運動設施/游泳池", "Name": "國立臺灣師範大學游泳池(館)", "Addr": "臺北市大安區和平東路一段162號", "OperationTel": "02-77343181", "WebUrl": "http://www.ntnu.edu.tw", "Lat": 25.0254077, "Lng": 121.526792, "PassEasyEle": null, "PassEasyParking": null, "PassEasyShower": null, "PassEasyToilet": null, "PassEasyWay": null, "WheelchairAuditorium": null, "disabled": "無無障礙設備" }, "geometry": { "type": "Point", "coordinates": [ 121.526792, 25.0254077 ] } },
{ "type": "Feature", "properties": { "GymType": "球類運動設施/籃球場館", "Name": "大同高中綜合球場", "Addr": "臺北市中山區聚英里中山北路3段40號", "OperationTel": "02-25858785#603", "WebUrl": "http://www.tsh.ttu.edu.tw", "Lat": 25.0673122, "Lng": 121.5203655, "PassEasyEle": 0.0, "PassEasyParking": 0.0, "PassEasyShower": 0.0, "PassEasyToilet": 0.0, "PassEasyWay": 0.0, "WheelchairAuditorium": 0.0, "disabled": "無無障礙設備" }, "geometry": { "type": "Point", "coordinates": [ 121.5203655, 25.0673122 ] } },
{ "type": "Feature", "properties": { "GymType": "陸上/射擊運動設施/田徑場", "Name": "松山工農田徑場", "Addr": "臺北市信義區忠孝東路5段236巷15號", "OperationTel": "02-27226616#351", "WebUrl": "http://www.saihs.edu.tw", "Lat": 25.03962961, "Lng": 121.5730011, "PassEasyEle": 0.0, "PassEasyParking": 0.0, "PassEasyShower": 0.0, "PassEasyToilet": 0.0, "PassEasyWay": 0.0, "WheelchairAuditorium": 0.0, "disabled": "無無障礙設備" }, "geometry": { "type": "Point", "coordinates": [ 121.5730011, 25.03962961 ] } },
{ "type": "Feature", "properties": { "GymType": "球類運動設施/籃球場館", "Name": "松山家商活動中心", "Addr": "臺北市信義區松山路655號", "OperationTel": "02-27261118#330", "WebUrl": "http://www.ssvs.tp.edu.tw", "Lat": 25.03572191, "Lng": 121.5804791, "PassEasyEle": 1.0, "PassEasyParking": 1.0, "PassEasyShower": 0.0, "PassEasyToilet": 1.0, "PassEasyWay": 1.0, "WheelchairAuditorium": 0.0, "disabled": "有無障礙設備" }, "geometry": { "type": "Point", "coordinates": [ 121.5804791, 25.03572191 ] } },
{ "type": "Feature", "properties": { "GymType": "球類運動設施/籃球場館", "Name": "公館校區體育館", "Addr": "臺北市文山區汀州路四段88號", "OperationTel": "02-77496853", "WebUrl": "https://www.phr.ntnu.edu.tw/", "Lat": 25.00870605, "Lng": 121.5353067, "PassEasyEle": 0.0, "PassEasyParking": 0.0, "PassEasyShower": 0.0, "PassEasyToilet": 0.0, "PassEasyWay": 0.0, "WheelchairAuditorium": 0.0, "disabled": "無無障礙設備" }, "geometry": { "type": "Point", "coordinates": [ 121.5353067, 25.00870605 ] } },
{ "type": "Feature", "properties": { "GymType": "球類運動設施/籃球場館", "Name": "大誠高中籃球場", "Addr": "臺北市文山區萬興里秀明路2段175號", "OperationTel": "02-22348989#34", "WebUrl": "http://www.tcsh.tp.edu.tw", "Lat": 24.99067232, "Lng": 121.5783978, "PassEasyEle": 1.0, "PassEasyParking": 1.0, "PassEasyShower": 0.0, "PassEasyToilet": 2.0, "PassEasyWay": 1.0, "WheelchairAuditorium": 0.0, "disabled": "有無障礙設備" }, "geometry": { "type": "Point", "coordinates": [ 121.5783978, 24.99067232 ] } },
{ "type": "Feature", "properties": { "GymType": "陸上/射擊運動設施/田徑場", "Name": "臺灣師範大學田徑場、足球場", "Addr": "臺北市文山區", "OperationTel": "02-77496853", "WebUrl": "https://www.phr.ntnu.edu.tw/", "Lat": 25.00895277, "Lng": 121.5359545, "PassEasyEle": 0.0, "PassEasyParking": 10.0, "PassEasyShower": 0.0, "PassEasyToilet": 1.0, "PassEasyWay": 2.0, "WheelchairAuditorium": 0.0, "disabled": "有無障礙設備" }, "geometry": { "type": "Point", "coordinates": [ 121.5359545, 25.00895277 ] } },
{ "type": "Feature", "properties": { "GymType": "球類運動設施/籃球場館", "Name": "松山工農籃球場", "Addr": "臺北市信義區忠孝東路5段236巷15號", "OperationTel": "02-27226616#351", "WebUrl": "http://www.saihs.edu.tw", "Lat": 25.04015451, "Lng": 121.573602, "PassEasyEle": 0.0, "PassEasyParking": 0.0, "PassEasyShower": 0.0, "PassEasyToilet": 0.0, "PassEasyWay": 0.0, "WheelchairAuditorium": 0.0, "disabled": "無無障礙設備" }, "geometry": { "type": "Point", "coordinates": [ 121.573602, 25.04015451 ] } },
{ "type": "Feature", "properties": { "GymType": "球類運動設施/籃球場館", "Name": "師大附中體育館", "Addr": "臺北市大安區和安里信義路3段143號", "OperationTel": "02-27075215#271", "WebUrl": "http://www.hs.ntnu.edu.tw", "Lat": 25.03408336, "Lng": 121.5398478, "PassEasyEle": 0.0, "PassEasyParking": 0.0, "PassEasyShower": 0.0, "PassEasyToilet": 2.0, "PassEasyWay": 1.0, "WheelchairAuditorium": 0.0, "disabled": "有無障礙設備" }, "geometry": { "type": "Point", "coordinates": [ 121.5398478, 25.03408336 ] } },
{ "type": "Feature", "properties": { "GymType": "阻力運動設施/多功能健身房/體適能中心（此空間中具有兩種以上之阻力運動器材設備）", "Name": "大誠高中健身房", "Addr": "臺北市文山區萬興里秀明路2段175號", "OperationTel": "02-22348989#34", "WebUrl": "http://www.tcsh.tp.edu.tw", "Lat": 24.99093974, "Lng": 121.5784192, "PassEasyEle": 1.0, "PassEasyParking": 1.0, "PassEasyShower": 0.0, "PassEasyToilet": 2.0, "PassEasyWay": 1.0, "WheelchairAuditorium": 0.0, "disabled": "有無障礙設備" }, "geometry": { "type": "Point", "coordinates": [ 121.5784192, 24.99093974 ] } },
{ "type": "Feature", "properties": { "GymType": "球類運動設施/籃球場館", "Name": "師大附中籃球場", "Addr": "臺北市大安區和安里信義路3段143號", "OperationTel": "02-27075215#271", "WebUrl": "http://www.hs.ntnu.edu.tw", "Lat": 25.03575342, "Lng": 121.5405587, "PassEasyEle": 0.0, "PassEasyParking": 0.0, "PassEasyShower": 0.0, "PassEasyToilet": 0.0, "PassEasyWay": 0.0, "WheelchairAuditorium": 0.0, "disabled": "無無障礙設備" }, "geometry": { "type": "Point", "coordinates": [ 121.5405587, 25.03575342 ] } },
{ "type": "Feature", "properties": { "GymType": "阻力運動設施/多功能健身房/體適能中心（此空間中具有兩種以上之阻力運動器材設備）", "Name": "師大附中健身房(含重量訓練室)", "Addr": "臺北市大安區和安里信義路3段143號", "OperationTel": "02-27075215#271", "WebUrl": "http://www.hs.ntnu.edu.tw", "Lat": 25.03369996, "Lng": 121.5403104, "PassEasyEle": 0.0, "PassEasyParking": 0.0, "PassEasyShower": 0.0, "PassEasyToilet": 2.0, "PassEasyWay": 0.0, "WheelchairAuditorium": 0.0, "disabled": "有無障礙設備" }, "geometry": { "type": "Point", "coordinates": [ 121.5403104, 25.03369996 ] } },
{ "type": "Feature", "properties": { "GymType": "陸上/射擊運動設施/田徑場", "Name": "德明財經科技大學田徑場", "Addr": "臺北市內湖區環山路一段56號", "OperationTel": "02-26585801#5196", "WebUrl": "http://www.takming.edu.tw", "Lat": 25.08719332, "Lng": 121.5672398, "PassEasyEle": 0.0, "PassEasyParking": 0.0, "PassEasyShower": 0.0, "PassEasyToilet": 0.0, "PassEasyWay": 1.0, "WheelchairAuditorium": 0.0, "disabled": "有無障礙設備" }, "geometry": { "type": "Point", "coordinates": [ 121.5672398, 25.08719332 ] } },
{ "type": "Feature", "properties": { "GymType": "阻力運動設施/多功能健身房/體適能中心（此空間中具有兩種以上之阻力運動器材設備）", "Name": "臺北市文山運動中心", "Addr": "臺北市 文山區 興隆路三段222號", "OperationTel": "02-22308268", "WebUrl": "https://wssc.cyc.org.tw/", "Lat": 24.9970088, "Lng": 121.5596867, "PassEasyEle": 1.0, "PassEasyParking": 7.0, "PassEasyShower": 2.0, "PassEasyToilet": 5.0, "PassEasyWay": 3.0, "WheelchairAuditorium": 0.0, "disabled": "有無障礙設備" }, "geometry": { "type": "Point", "coordinates": [ 121.5596867, 24.9970088 ] } },
{ "type": "Feature", "properties": { "GymType": "球類運動設施/排球場館", "Name": "師大附中排球場(館)", "Addr": "臺北市大安區和安里信義路3段143號", "OperationTel": "02-27075215#271", "WebUrl": "http://www.hs.ntnu.edu.tw", "Lat": 25.03563485, "Lng": 121.5410743, "PassEasyEle": 0.0, "PassEasyParking": 0.0, "PassEasyShower": 0.0, "PassEasyToilet": 0.0, "PassEasyWay": 0.0, "WheelchairAuditorium": 0.0, "disabled": "無無障礙設備" }, "geometry": { "type": "Point", "coordinates": [ 121.5410743, 25.03563485 ] } },
{ "type": "Feature", "properties": { "GymType": "球類運動設施/羽球場館", "Name": "大同大學室內運動場", "Addr": "臺北市中山區中山北路三段40號", "OperationTel": "02-21822928#7519", "WebUrl": "http://www.ttu.edu.tw", "Lat": 25.06820451, "Lng": 121.5207168, "PassEasyEle": 0.0, "PassEasyParking": 0.0, "PassEasyShower": 0.0, "PassEasyToilet": 0.0, "PassEasyWay": 0.0, "WheelchairAuditorium": 0.0, "disabled": "無無障礙設備" }, "geometry": { "type": "Point", "coordinates": [ 121.5207168, 25.06820451 ] } },
{ "type": "Feature", "properties": { "GymType": "球類運動設施/籃球場館", "Name": "大同大學籃球場", "Addr": "臺北市中山區中山北路三段40號", "OperationTel": "02-21822928#7519", "WebUrl": "http://www.ttu.edu.tw", "Lat": 25.06827011, "Lng": 121.5201589, "PassEasyEle": 0.0, "PassEasyParking": 0.0, "PassEasyShower": 0.0, "PassEasyToilet": 0.0, "PassEasyWay": 0.0, "WheelchairAuditorium": 0.0, "disabled": "無無障礙設備" }, "geometry": { "type": "Point", "coordinates": [ 121.5201589, 25.06827011 ] } },
{ "type": "Feature", "properties": { "GymType": "水上/冰上運動設施/游泳池", "Name": "松山高中活動中心", "Addr": "臺北市信義區基隆路一段156號", "OperationTel": "02-27535968#260", "WebUrl": "http://www.sssh.tp.edu.tw", "Lat": 25.04363438, "Lng": 121.565609, "PassEasyEle": 1.0, "PassEasyParking": 1.0, "PassEasyShower": 1.0, "PassEasyToilet": 1.0, "PassEasyWay": 1.0, "WheelchairAuditorium": 0.0, "disabled": "有無障礙設備" }, "geometry": { "type": "Point", "coordinates": [ 121.565609, 25.04363438 ] } },
{ "type": "Feature", "properties": { "GymType": "球類運動設施/網球場館", "Name": "大同大學網球場", "Addr": "臺北市中山區中山北路三段40號", "OperationTel": "02-21822928#7519", "WebUrl": "http://www.ttu.edu.tw", "Lat": 25.06802958, "Lng": 121.520167, "PassEasyEle": 0.0, "PassEasyParking": 0.0, "PassEasyShower": 0.0, "PassEasyToilet": 0.0, "PassEasyWay": 1.0, "WheelchairAuditorium": 0.0, "disabled": "有無障礙設備" }, "geometry": { "type": "Point", "coordinates": [ 121.520167, 25.06802958 ] } },
{ "type": "Feature", "properties": { "GymType": "球類運動設施/排球場館", "Name": "大同大學排球場", "Addr": "臺北市中山區中山北路三段40號", "OperationTel": "02-21822928#7519", "WebUrl": "http://www.ttu.edu.tw", "Lat": 25.06771131, "Lng": 121.5204298, "PassEasyEle": 0.0, "PassEasyParking": 0.0, "PassEasyShower": 0.0, "PassEasyToilet": 0.0, "PassEasyWay": 0.0, "WheelchairAuditorium": 0.0, "disabled": "無無障礙設備" }, "geometry": { "type": "Point", "coordinates": [ 121.5204298, 25.06771131 ] } },
{ "type": "Feature", "properties": { "GymType": "球類運動設施/籃球場館", "Name": "陽明大學活動中心", "Addr": "臺北市北投區立農街二段155號", "OperationTel": "02-28267000#2169", "WebUrl": "http://pe.web.ym.edu.tw/", "Lat": 25.1216217, "Lng": 121.5142487, "PassEasyEle": 0.0, "PassEasyParking": 0.0, "PassEasyShower": 0.0, "PassEasyToilet": 0.0, "PassEasyWay": 0.0, "WheelchairAuditorium": 0.0, "disabled": "無無障礙設備" }, "geometry": { "type": "Point", "coordinates": [ 121.5142487, 25.1216217 ] } },
{ "type": "Feature", "properties": { "GymType": "球類運動設施/籃球場館", "Name": "陽明大學山下球場", "Addr": "臺北市北投區立農街二段155號", "OperationTel": "02-28267000#2169", "WebUrl": "http://pe.web.ym.edu.tw/", "Lat": 25.11978395, "Lng": 121.5137203, "PassEasyEle": 0.0, "PassEasyParking": 0.0, "PassEasyShower": 0.0, "PassEasyToilet": 0.0, "PassEasyWay": 0.0, "WheelchairAuditorium": 0.0, "disabled": "無無障礙設備" }, "geometry": { "type": "Point", "coordinates": [ 121.5137203, 25.11978395 ] } },
{ "type": "Feature", "properties": { "GymType": "陸上/射擊運動設施/田徑場", "Name": "陽明大學山頂運動場", "Addr": "臺北市北投區立農街二段155號", "OperationTel": "02-28267000#2169", "WebUrl": "http://pe.web.ym.edu.tw/", "Lat": 25.12518658, "Lng": 121.514883, "PassEasyEle": 0.0, "PassEasyParking": 0.0, "PassEasyShower": 0.0, "PassEasyToilet": 0.0, "PassEasyWay": 0.0, "WheelchairAuditorium": 0.0, "disabled": "無無障礙設備" }, "geometry": { "type": "Point", "coordinates": [ 121.514883, 25.12518658 ] } },
{ "type": "Feature", "properties": { "GymType": "球類運動設施/籃球場館", "Name": "南湖高中運動中心", "Addr": "臺北市內湖區康寧路三段220號", "OperationTel": "02-26308889", "WebUrl": "http://www.nhush.tp.edu.tw/", "Lat": 25.06693142, "Lng": 121.6106915, "PassEasyEle": null, "PassEasyParking": null, "PassEasyShower": null, "PassEasyToilet": null, "PassEasyWay": null, "WheelchairAuditorium": null, "disabled": "無無障礙設備" }, "geometry": { "type": "Point", "coordinates": [ 121.6106915, 25.06693142 ] } },
{ "type": "Feature", "properties": { "GymType": "球類運動設施/網球場館", "Name": "陽明大學山頂網球場", "Addr": "臺北市北投區立農街二段155號", "OperationTel": "02-28267000#2169", "WebUrl": "http://pe.web.ym.edu.tw/", "Lat": 25.12442066, "Lng": 121.5138155, "PassEasyEle": 0.0, "PassEasyParking": 0.0, "PassEasyShower": 0.0, "PassEasyToilet": 0.0, "PassEasyWay": 0.0, "WheelchairAuditorium": 0.0, "disabled": "無無障礙設備" }, "geometry": { "type": "Point", "coordinates": [ 121.5138155, 25.12442066 ] } },
{ "type": "Feature", "properties": { "GymType": "球類運動設施/籃球場館", "Name": "臺北市士林運動中心", "Addr": "臺北市 士林區 士商路1號", "OperationTel": "02-28806066", "WebUrl": "http://www.slsc-taipei.org/News.aspx", "Lat": 25.08935926, "Lng": 121.5215403, "PassEasyEle": 2.0, "PassEasyParking": 2.0, "PassEasyShower": 2.0, "PassEasyToilet": 9.0, "PassEasyWay": 1.0, "WheelchairAuditorium": 0.0, "disabled": "有無障礙設備" }, "geometry": { "type": "Point", "coordinates": [ 121.5215403, 25.08935926 ] } },
{ "type": "Feature", "properties": { "GymType": "球類運動設施/籃球場館", "Name": "臺北市中山運動中心", "Addr": "臺北市 中山區 中山北路2段44巷2號", "OperationTel": "02-25811060", "WebUrl": "https://cssc.cyc.org.tw/", "Lat": 25.05482665, "Lng": 121.5214115, "PassEasyEle": 1.0, "PassEasyParking": 2.0, "PassEasyShower": 2.0, "PassEasyToilet": 3.0, "PassEasyWay": 1.0, "WheelchairAuditorium": 0.0, "disabled": "有無障礙設備" }, "geometry": { "type": "Point", "coordinates": [ 121.5214115, 25.05482665 ] } },
{ "type": "Feature", "properties": { "GymType": "球類運動設施/籃球場館", "Name": "臺北市大同運動中心", "Addr": "臺北市 大同區 大龍街51號", "OperationTel": "02-25920055", "WebUrl": "http://www.dtsc-wdyg.com.tw/web/index/index.jsp", "Lat": 25.06526957, "Lng": 121.5163475, "PassEasyEle": 1.0, "PassEasyParking": 2.0, "PassEasyShower": 0.0, "PassEasyToilet": 3.0, "PassEasyWay": 1.0, "WheelchairAuditorium": 0.0, "disabled": "有無障礙設備" }, "geometry": { "type": "Point", "coordinates": [ 121.5163475, 25.06526957 ] } },
{ "type": "Feature", "properties": { "GymType": "球類運動設施/籃球場館", "Name": "臺北市南港運動中心", "Addr": "臺北市 南港區 玉成街69號", "OperationTel": "02-26532279", "WebUrl": "https://ngsc.cyc.org.tw/", "Lat": 25.04895059, "Lng": 121.5818531, "PassEasyEle": 2.0, "PassEasyParking": 2.0, "PassEasyShower": 2.0, "PassEasyToilet": 4.0, "PassEasyWay": 1.0, "WheelchairAuditorium": 0.0, "disabled": "有無障礙設備" }, "geometry": { "type": "Point", "coordinates": [ 121.5818531, 25.04895059 ] } },
{ "type": "Feature", "properties": { "GymType": "球類運動設施/籃球場館", "Name": "馬偕醫護管理專科學校體育館", "Addr": "臺北市北投區聖景路92號", "OperationTel": "02-28584180#2145", "WebUrl": "http://www.mkc.edu.tw", "Lat": 25.12284313, "Lng": 121.4644164, "PassEasyEle": 1.0, "PassEasyParking": 1.0, "PassEasyShower": 0.0, "PassEasyToilet": 1.0, "PassEasyWay": 1.0, "WheelchairAuditorium": 0.0, "disabled": "有無障礙設備" }, "geometry": { "type": "Point", "coordinates": [ 121.4644164, 25.12284313 ] } },
{ "type": "Feature", "properties": { "GymType": "球類運動設施/羽球場館", "Name": "馬偕醫護管理專科學校體育館", "Addr": "臺北市北投區聖景路92號", "OperationTel": "02-28584180#2145", "WebUrl": "http://www.mkc.edu.tw", "Lat": 25.12286703, "Lng": 121.4644575, "PassEasyEle": 1.0, "PassEasyParking": 1.0, "PassEasyShower": 0.0, "PassEasyToilet": 1.0, "PassEasyWay": 1.0, "WheelchairAuditorium": 0.0, "disabled": "有無障礙設備" }, "geometry": { "type": "Point", "coordinates": [ 121.4644575, 25.12286703 ] } },
{ "type": "Feature", "properties": { "GymType": "球類運動設施/籃球場館", "Name": "滬江高中體育館", "Addr": "臺北市文山區景美里羅斯福路6段336號", "OperationTel": "02-86631122#224", "WebUrl": "http://www.hchs.tp.edu.tw", "Lat": 24.9894484, "Lng": 121.5387762, "PassEasyEle": 1.0, "PassEasyParking": 1.0, "PassEasyShower": 0.0, "PassEasyToilet": 1.0, "PassEasyWay": 0.0, "WheelchairAuditorium": 0.0, "disabled": "有無障礙設備" }, "geometry": { "type": "Point", "coordinates": [ 121.5387762, 24.9894484 ] } },
{ "type": "Feature", "properties": { "GymType": "球類運動設施/籃球場館", "Name": "靜心小學運動中心", "Addr": "臺北市文山區興福里興隆路2段46號", "OperationTel": "02-29323118#165", "WebUrl": "http://www.chjhs.tp.edu.tw", "Lat": 24.99880983, "Lng": 121.5467724, "PassEasyEle": null, "PassEasyParking": null, "PassEasyShower": null, "PassEasyToilet": null, "PassEasyWay": null, "WheelchairAuditorium": null, "disabled": "無無障礙設備" }, "geometry": { "type": "Point", "coordinates": [ 121.5467724, 24.99880983 ] } },
{ "type": "Feature", "properties": { "GymType": "球類運動設施/棒球場", "Name": "新生公園棒球場", "Addr": "臺北市 中山區 新生北路三段105號", "OperationTel": "02-25972232", "WebUrl": "https://sports.tms.gov.tw/venues/?K=121", "Lat": 25.06928809, "Lng": 121.5324032, "PassEasyEle": 0.0, "PassEasyParking": 0.0, "PassEasyShower": 0.0, "PassEasyToilet": 1.0, "PassEasyWay": 0.0, "WheelchairAuditorium": 0.0, "disabled": "有無障礙設備" }, "geometry": { "type": "Point", "coordinates": [ 121.5324032, 25.06928809 ] } },
{ "type": "Feature", "properties": { "GymType": "陸上/射擊運動設施/田徑場", "Name": "方濟中學田徑場", "Addr": "臺北市內湖區紫星里成功路三段61號", "OperationTel": "02-27910278", "WebUrl": "http://www.sfh.tp.edu.tw", "Lat": 25.0769574, "Lng": 121.5909719, "PassEasyEle": 0.0, "PassEasyParking": 0.0, "PassEasyShower": 0.0, "PassEasyToilet": 0.0, "PassEasyWay": 0.0, "WheelchairAuditorium": 0.0, "disabled": "無無障礙設備" }, "geometry": { "type": "Point", "coordinates": [ 121.5909719, 25.0769574 ] } },
{ "type": "Feature", "properties": { "GymType": "球類運動設施/棒球場", "Name": "臺北市天母棒球場", "Addr": "臺北市 士林區 忠誠路二段77號", "OperationTel": "02-25702330", "WebUrl": "https://sports.gov.taipei/", "Lat": 25.11345634, "Lng": 121.5329289, "PassEasyEle": 1.0, "PassEasyParking": 1.0, "PassEasyShower": 1.0, "PassEasyToilet": 4.0, "PassEasyWay": 1.0, "WheelchairAuditorium": 18.0, "disabled": "有無障礙設備" }, "geometry": { "type": "Point", "coordinates": [ 121.5329289, 25.11345634 ] } },
{ "type": "Feature", "properties": { "GymType": "球類運動設施/棒球場", "Name": "臺北市中山區迎風河濱運動公園", "Addr": "臺北市 松山區 塔悠街與撫遠街389巷 交叉口 (基6號水門進入)", "OperationTel": "02-25702330#6520", "WebUrl": "https://vbs.sports.taipei/", "Lat": 25.0733602, "Lng": 121.5450747, "PassEasyEle": 0.0, "PassEasyParking": 0.0, "PassEasyShower": 0.0, "PassEasyToilet": 0.0, "PassEasyWay": 0.0, "WheelchairAuditorium": 0.0, "disabled": "無無障礙設備" }, "geometry": { "type": "Point", "coordinates": [ 121.5450747, 25.0733602 ] } },
{ "type": "Feature", "properties": { "GymType": "水上/冰上運動設施/游泳池", "Name": "景美游泳池", "Addr": "臺北市 文山區 羅斯福路5段176巷50號1樓", "OperationTel": "02-29353602", "WebUrl": "https://sports.gov.taipei/", "Lat": 25.00364576, "Lng": 121.5364145, "PassEasyEle": 0.0, "PassEasyParking": 0.0, "PassEasyShower": 2.0, "PassEasyToilet": 1.0, "PassEasyWay": 1.0, "WheelchairAuditorium": 0.0, "disabled": "有無障礙設備" }, "geometry": { "type": "Point", "coordinates": [ 121.5364145, 25.00364576 ] } },
{ "type": "Feature", "properties": { "GymType": "球類運動設施/籃球場館", "Name": "新生高架橋下運動場", "Addr": "八德路 與 市民大道間新生高架橋下", "OperationTel": "02-25702330", "WebUrl": "https://sports.tms.gov.tw/venues/?K=261", "Lat": 25.04276078, "Lng": 121.5318333, "PassEasyEle": 0.0, "PassEasyParking": 0.0, "PassEasyShower": 0.0, "PassEasyToilet": 0.0, "PassEasyWay": 0.0, "WheelchairAuditorium": 0.0, "disabled": "無無障礙設備" }, "geometry": { "type": "Point", "coordinates": [ 121.5318333, 25.04276078 ] } },
{ "type": "Feature", "properties": { "GymType": "冒險性運動設施/極限運動場", "Name": "臺北市極限運動訓練中心", "Addr": "臺北市 南港區 忠孝東路七段382號", "OperationTel": "02-25702330", "WebUrl": "https://sports.gov.taipei/", "Lat": 25.05191163, "Lng": 121.6072841, "PassEasyEle": 0.0, "PassEasyParking": 3.0, "PassEasyShower": 1.0, "PassEasyToilet": 1.0, "PassEasyWay": 1.0, "WheelchairAuditorium": 0.0, "disabled": "有無障礙設備" }, "geometry": { "type": "Point", "coordinates": [ 121.6072841, 25.05191163 ] } },
{ "type": "Feature", "properties": { "GymType": "球類運動設施/網球場館", "Name": "臺北市中山區大佳河濱公園", "Addr": "臺北市 中山區 圓山橋下10號水門 大直橋至中山橋(大佳段)（基隆河左岸）", "OperationTel": "02-25702330#6520", "WebUrl": "https://vbs.sports.taipei/", "Lat": 25.07480301, "Lng": 121.5355468, "PassEasyEle": 0.0, "PassEasyParking": 0.0, "PassEasyShower": 0.0, "PassEasyToilet": 0.0, "PassEasyWay": 0.0, "WheelchairAuditorium": 0.0, "disabled": "無無障礙設備" }, "geometry": { "type": "Point", "coordinates": [ 121.5355468, 25.07480301 ] } },
{ "type": "Feature", "properties": { "GymType": "球類運動設施/棒球場", "Name": "青年公園棒球場", "Addr": "臺北市 萬華區 水源路199號", "OperationTel": "02-25702330#6513", "WebUrl": "https://sports.gov.taipei/Default.aspx", "Lat": 25.02337101, "Lng": 121.503489, "PassEasyEle": 0.0, "PassEasyParking": 0.0, "PassEasyShower": 1.0, "PassEasyToilet": 1.0, "PassEasyWay": 0.0, "WheelchairAuditorium": 0.0, "disabled": "有無障礙設備" }, "geometry": { "type": "Point", "coordinates": [ 121.503489, 25.02337101 ] } },
{ "type": "Feature", "properties": { "GymType": "球類運動設施/足球場館", "Name": "華中河濱公園", "Addr": "華中橋下游約100M兒童遊戲區旁溜冰場", "OperationTel": "02-25702330#6654", "WebUrl": "https://iplay.sa.gov.tw/Gym/Edit/23104?", "Lat": 25.01623502, "Lng": 121.4944071, "PassEasyEle": 0.0, "PassEasyParking": 0.0, "PassEasyShower": 0.0, "PassEasyToilet": 0.0, "PassEasyWay": 0.0, "WheelchairAuditorium": 0.0, "disabled": "無無障礙設備" }, "geometry": { "type": "Point", "coordinates": [ 121.4944071, 25.01623502 ] } },
{ "type": "Feature", "properties": { "GymType": "球類運動設施/籃球場館", "Name": "士林區百齡河濱公園", "Addr": "臺北市士林區通河東街1及2段堤外", "OperationTel": "02-25702330#6508", "WebUrl": "https://vbs.sports.taipei/venues/", "Lat": 25.08843132, "Lng": 121.5149474, "PassEasyEle": 0.0, "PassEasyParking": 0.0, "PassEasyShower": 0.0, "PassEasyToilet": 0.0, "PassEasyWay": 0.0, "WheelchairAuditorium": 0.0, "disabled": "無無障礙設備" }, "geometry": { "type": "Point", "coordinates": [ 121.5149474, 25.08843132 ] } },
{ "type": "Feature", "properties": { "GymType": "球類運動設施/籃球場館", "Name": "臺北體育館", "Addr": "臺北市 松山區 南京東路4段10號", "OperationTel": "02-25702330#6552", "WebUrl": "https://sports.gov.taipei/", "Lat": 25.05141027, "Lng": 121.5523696, "PassEasyEle": 1.0, "PassEasyParking": 1.0, "PassEasyShower": 0.0, "PassEasyToilet": 6.0, "PassEasyWay": 1.0, "WheelchairAuditorium": 18.0, "disabled": "有無障礙設備" }, "geometry": { "type": "Point", "coordinates": [ 121.5523696, 25.05141027 ] } },
{ "type": "Feature", "properties": { "GymType": "球類運動設施/排球場館", "Name": "排球場館", "Addr": "臺北市士林區翠山里至善路2段321號", "OperationTel": "02-28411487#154", "WebUrl": "http://www.wlgsh.tp.edu.tw", "Lat": 25.10281107, "Lng": 121.5529221, "PassEasyEle": 1.0, "PassEasyParking": 1.0, "PassEasyShower": 0.0, "PassEasyToilet": 1.0, "PassEasyWay": 1.0, "WheelchairAuditorium": 0.0, "disabled": "有無障礙設備" }, "geometry": { "type": "Point", "coordinates": [ 121.5529221, 25.10281107 ] } },
{ "type": "Feature", "properties": { "GymType": "球類運動設施/籃球場館", "Name": "衛理女中室外球場", "Addr": "臺北市士林區翠山里至善路2段321號", "OperationTel": "02-28411487#154", "WebUrl": "http://www.wlgsh.tp.edu.tw", "Lat": 25.10194154, "Lng": 121.5510392, "PassEasyEle": 0.0, "PassEasyParking": 0.0, "PassEasyShower": 0.0, "PassEasyToilet": 0.0, "PassEasyWay": 0.0, "WheelchairAuditorium": 0.0, "disabled": "無無障礙設備" }, "geometry": { "type": "Point", "coordinates": [ 121.5510392, 25.10194154 ] } },
{ "type": "Feature", "properties": { "GymType": "球類運動設施/羽球場館", "Name": "中興中學羽球場", "Addr": "臺北市中山區力行里朱崙街42號", "OperationTel": "(02)27412542#217", "WebUrl": "http://www.chsh.tp.edu.tw", "Lat": 25.04987316, "Lng": 121.5419734, "PassEasyEle": null, "PassEasyParking": null, "PassEasyShower": null, "PassEasyToilet": null, "PassEasyWay": null, "WheelchairAuditorium": null, "disabled": "無無障礙設備" }, "geometry": { "type": "Point", "coordinates": [ 121.5419734, 25.04987316 ] } },
{ "type": "Feature", "properties": { "GymType": "球類運動設施/籃球場館", "Name": "稻江護家籃球場", "Addr": "臺北市中山區新生北路三段55號", "OperationTel": "(02)25955161", "WebUrl": "http://www.tcnvs.tp.edu.tw", "Lat": 25.06554169, "Lng": 121.5290666, "PassEasyEle": null, "PassEasyParking": null, "PassEasyShower": null, "PassEasyToilet": null, "PassEasyWay": null, "WheelchairAuditorium": null, "disabled": "無無障礙設備" }, "geometry": { "type": "Point", "coordinates": [ 121.5290666, 25.06554169 ] } },
{ "type": "Feature", "properties": { "GymType": "球類運動設施/籃球場館", "Name": "中國文化大學室外運動球場", "Addr": "臺北市士林區華岡路55號", "OperationTel": "935957111", "WebUrl": "http://www.pccu.edu.tw", "Lat": 25.13579552, "Lng": 121.5393019, "PassEasyEle": 0.0, "PassEasyParking": 0.0, "PassEasyShower": 0.0, "PassEasyToilet": 0.0, "PassEasyWay": 0.0, "WheelchairAuditorium": 0.0, "disabled": "無無障礙設備" }, "geometry": { "type": "Point", "coordinates": [ 121.5393019, 25.13579552 ] } },
{ "type": "Feature", "properties": { "GymType": "球類運動設施/籃球場館", "Name": "復興實驗高中大禮堂(體育館)", "Addr": "臺北市大安區敦化南路1段262 號", "OperationTel": "02-27715859#172", "WebUrl": "http://www.fhjh.tp.edu.tw", "Lat": 25.03949778, "Lng": 121.5474843, "PassEasyEle": 2.0, "PassEasyParking": 2.0, "PassEasyShower": 1.0, "PassEasyToilet": 2.0, "PassEasyWay": 7.0, "WheelchairAuditorium": 0.0, "disabled": "有無障礙設備" }, "geometry": { "type": "Point", "coordinates": [ 121.5474843, 25.03949778 ] } },
{ "type": "Feature", "properties": { "GymType": "水上/冰上運動設施/游泳池", "Name": "啟明學校游泳池(館)", "Addr": "臺北市士林區忠誠路二段207巷1號", "OperationTel": "02-28740670#1203", "WebUrl": "http://www.tmsb.tp.edu.tw/", "Lat": 25.11691349, "Lng": 121.5349352, "PassEasyEle": 2.0, "PassEasyParking": 1.0, "PassEasyShower": 4.0, "PassEasyToilet": 3.0, "PassEasyWay": 6.0, "WheelchairAuditorium": 6.0, "disabled": "有無障礙設備" }, "geometry": { "type": "Point", "coordinates": [ 121.5349352, 25.11691349 ] } },
{ "type": "Feature", "properties": { "GymType": "球類運動設施/籃球場館", "Name": "康寧大學台北校區野聲館", "Addr": "臺北市內湖區康寧路三段75巷137號", "OperationTel": "02-26321181#451", "WebUrl": "http://www.ukn.edu.tw", "Lat": 25.07644529, "Lng": 121.6104662, "PassEasyEle": 0.0, "PassEasyParking": 0.0, "PassEasyShower": 0.0, "PassEasyToilet": 0.0, "PassEasyWay": 1.0, "WheelchairAuditorium": 0.0, "disabled": "有無障礙設備" }, "geometry": { "type": "Point", "coordinates": [ 121.6104662, 25.07644529 ] } },
{ "type": "Feature", "properties": { "GymType": "球類運動設施/籃球場館", "Name": "國防醫學院活動中心", "Addr": "臺北市內湖區民權東路六段161號", "OperationTel": "(02)87923144", "WebUrl": "http://www.ndmctsgh.edu.tw/", "Lat": 25.07209514, "Lng": 121.5971732, "PassEasyEle": null, "PassEasyParking": null, "PassEasyShower": null, "PassEasyToilet": null, "PassEasyWay": null, "WheelchairAuditorium": null, "disabled": "無無障礙設備" }, "geometry": { "type": "Point", "coordinates": [ 121.5971732, 25.07209514 ] } },
{ "type": "Feature", "properties": { "GymType": "陸上/射擊運動設施/田徑場", "Name": "國防醫學院田徑場", "Addr": "臺北市內湖區民權東路六段161號", "OperationTel": "(02)87923144", "WebUrl": "http://www.ndmctsgh.edu.tw/", "Lat": 25.07173247, "Lng": 121.5987504, "PassEasyEle": null, "PassEasyParking": null, "PassEasyShower": null, "PassEasyToilet": null, "PassEasyWay": null, "WheelchairAuditorium": null, "disabled": "無無障礙設備" }, "geometry": { "type": "Point", "coordinates": [ 121.5987504, 25.07173247 ] } },
{ "type": "Feature", "properties": { "GymType": "球類運動設施/籃球場館", "Name": "強恕中學體育館", "Addr": "臺北市中正區板溪里汀州路二段143號", "OperationTel": "02-23656571", "WebUrl": "http://www.qshs.tp.edu.tw", "Lat": 25.02590351, "Lng": 121.515044, "PassEasyEle": 0.0, "PassEasyParking": 0.0, "PassEasyShower": 0.0, "PassEasyToilet": 0.0, "PassEasyWay": 0.0, "WheelchairAuditorium": 0.0, "disabled": "無無障礙設備" }, "geometry": { "type": "Point", "coordinates": [ 121.515044, 25.02590351 ] } },
{ "type": "Feature", "properties": { "GymType": "球類運動設施/籃球場館", "Name": "景文高中籃球場", "Addr": "臺北市文山區木新里保儀路127號", "OperationTel": "02-29390310", "WebUrl": "http://www.jwsh.tp.edu.tw", "Lat": 24.98500172, "Lng": 121.5685996, "PassEasyEle": null, "PassEasyParking": null, "PassEasyShower": null, "PassEasyToilet": null, "PassEasyWay": null, "WheelchairAuditorium": null, "disabled": "無無障礙設備" }, "geometry": { "type": "Point", "coordinates": [ 121.5685996, 24.98500172 ] } },
{ "type": "Feature", "properties": { "GymType": "球類運動設施/排球場館", "Name": "景文高中排球場", "Addr": "臺北市文山區木新里保儀路127號", "OperationTel": "02-29390310", "WebUrl": "http://www.jwsh.tp.edu.tw", "Lat": 24.98543724, "Lng": 121.568259, "PassEasyEle": 4.0, "PassEasyParking": 0.0, "PassEasyShower": 0.0, "PassEasyToilet": 20.0, "PassEasyWay": 2.0, "WheelchairAuditorium": 0.0, "disabled": "有無障礙設備" }, "geometry": { "type": "Point", "coordinates": [ 121.568259, 24.98543724 ] } },
{ "type": "Feature", "properties": { "GymType": "球類運動設施/桌球場館", "Name": "景文高中桌球場", "Addr": "臺北市文山區木新里保儀路127號", "OperationTel": "02-29390310", "WebUrl": "http://www.jwsh.tp.edu.tw", "Lat": 24.98492547, "Lng": 121.5689456, "PassEasyEle": null, "PassEasyParking": null, "PassEasyShower": null, "PassEasyToilet": null, "PassEasyWay": null, "WheelchairAuditorium": null, "disabled": "無無障礙設備" }, "geometry": { "type": "Point", "coordinates": [ 121.5689456, 24.98492547 ] } },
{ "type": "Feature", "properties": { "GymType": "陸上/射擊運動設施/環形或直線慢跑場（非田徑場）", "Name": "祐德中學環形/直線慢跑道(非田徑場型)", "Addr": "臺北市信義區忠孝東路5段790巷27號", "OperationTel": "(02)27278280", "WebUrl": "http://www.ytsh.tp.edu.tw", "Lat": 25.04173026, "Lng": 121.5840465, "PassEasyEle": null, "PassEasyParking": null, "PassEasyShower": null, "PassEasyToilet": null, "PassEasyWay": null, "WheelchairAuditorium": null, "disabled": "無無障礙設備" }, "geometry": { "type": "Point", "coordinates": [ 121.5840465, 25.04173026 ] } },
{ "type": "Feature", "properties": { "GymType": "水上/冰上運動設施/游泳池", "Name": "臺灣警察專科學校游泳池(館)", "Addr": "臺北市文山區興隆路三段 153 號", "OperationTel": "(02)22308512-4", "WebUrl": "http://www.tpa.edu.tw/", "Lat": 24.9990755, "Lng": 121.5600908, "PassEasyEle": null, "PassEasyParking": null, "PassEasyShower": null, "PassEasyToilet": null, "PassEasyWay": null, "WheelchairAuditorium": null, "disabled": "無無障礙設備" }, "geometry": { "type": "Point", "coordinates": [ 121.5600908, 24.9990755 ] } },
{ "type": "Feature", "properties": { "GymType": "球類運動設施/籃球場館", "Name": "臺灣警察專科學校籃球場", "Addr": "臺北市文山區興隆路三段 153 號", "OperationTel": "(02)22308512-4", "WebUrl": "http://www.tpa.edu.tw/", "Lat": 24.99891442, "Lng": 121.5609169, "PassEasyEle": null, "PassEasyParking": null, "PassEasyShower": null, "PassEasyToilet": null, "PassEasyWay": null, "WheelchairAuditorium": null, "disabled": "無無障礙設備" }, "geometry": { "type": "Point", "coordinates": [ 121.5609169, 24.99891442 ] } },
{ "type": "Feature", "properties": { "GymType": "技擊運動設施/柔道場", "Name": "臺灣警察專科學校體育館", "Addr": "臺北市文山區興隆路三段 153 號", "OperationTel": "(02)22308512-4", "WebUrl": "http://www.tpa.edu.tw/", "Lat": 25.00052206, "Lng": 121.5604949, "PassEasyEle": null, "PassEasyParking": null, "PassEasyShower": null, "PassEasyToilet": null, "PassEasyWay": null, "WheelchairAuditorium": null, "disabled": "無無障礙設備" }, "geometry": { "type": "Point", "coordinates": [ 121.5604949, 25.00052206 ] } },
{ "type": "Feature", "properties": { "GymType": "陸上/射擊運動設施/田徑場", "Name": "華興小學田徑場", "Addr": "臺北市士林區芝山里仰德大道1段101號", "OperationTel": "02-28316834", "WebUrl": "http://www.hhhs.tp.edu.tw", "Lat": 25.10496942, "Lng": 121.5395089, "PassEasyEle": 0.0, "PassEasyParking": 0.0, "PassEasyShower": 0.0, "PassEasyToilet": null, "PassEasyWay": 0.0, "WheelchairAuditorium": 0.0, "disabled": "無無障礙設備" }, "geometry": { "type": "Point", "coordinates": [ 121.5395089, 25.10496942 ] } },
{ "type": "Feature", "properties": { "GymType": "球類運動設施/籃球場館", "Name": "祐德中學籃球場", "Addr": "臺北市信義區忠孝東路5段790巷27號", "OperationTel": "(02)27278280", "WebUrl": "http://www.ytsh.tp.edu.tw", "Lat": 25.04176836, "Lng": 121.5840572, "PassEasyEle": null, "PassEasyParking": null, "PassEasyShower": null, "PassEasyToilet": null, "PassEasyWay": null, "WheelchairAuditorium": null, "disabled": "無無障礙設備" }, "geometry": { "type": "Point", "coordinates": [ 121.5840572, 25.04176836 ] } },
{ "type": "Feature", "properties": { "GymType": "舞蹈運動設施/多功能舞蹈運動教室（含舞蹈教室/韻律教室/瑜珈教室等類型空間）", "Name": "華岡藝校舞蹈教室", "Addr": "臺北市士林區建業路73巷8號", "OperationTel": "02-28612354", "WebUrl": "http://www.hka.edu.tw", "Lat": 25.13721359, "Lng": 121.5490115, "PassEasyEle": 0.0, "PassEasyParking": 0.0, "PassEasyShower": 0.0, "PassEasyToilet": 1.0, "PassEasyWay": 1.0, "WheelchairAuditorium": 0.0, "disabled": "有無障礙設備" }, "geometry": { "type": "Point", "coordinates": [ 121.5490115, 25.13721359 ] } },
{ "type": "Feature", "properties": { "GymType": "球類運動設施/羽球場館", "Name": "薇閣高中羽球場(館)", "Addr": "臺北市北投區中心里珠海路50號", "OperationTel": "(02)28913630轉330", "WebUrl": "http://www.wghs.tp.edu.tw", "Lat": 25.13975881, "Lng": 121.5031384, "PassEasyEle": null, "PassEasyParking": null, "PassEasyShower": null, "PassEasyToilet": null, "PassEasyWay": null, "WheelchairAuditorium": null, "disabled": "無無障礙設備" }, "geometry": { "type": "Point", "coordinates": [ 121.5031384, 25.13975881 ] } },
{ "type": "Feature", "properties": { "GymType": "球類運動設施/籃球場館", "Name": "臺北護理健康大學體育館", "Addr": "臺北市北投區明德路365號", "OperationTel": "02-28227101#2901", "WebUrl": "http://www.ntunhs.edu.tw/bin/home.php", "Lat": 25.11841799, "Lng": 121.5186274, "PassEasyEle": null, "PassEasyParking": null, "PassEasyShower": null, "PassEasyToilet": null, "PassEasyWay": null, "WheelchairAuditorium": null, "disabled": "無無障礙設備" }, "geometry": { "type": "Point", "coordinates": [ 121.5186274, 25.11841799 ] } },
{ "type": "Feature", "properties": { "GymType": "陸上/射擊運動設施/田徑場", "Name": "臺北護理健康大學田徑場", "Addr": "臺北市北投區明德路365號", "OperationTel": "(02)28227101#2901", "WebUrl": "http://www.ntunhs.edu.tw/bin/home.php", "Lat": 25.11776228, "Lng": 121.5192926, "PassEasyEle": null, "PassEasyParking": null, "PassEasyShower": null, "PassEasyToilet": null, "PassEasyWay": null, "WheelchairAuditorium": null, "disabled": "無無障礙設備" }, "geometry": { "type": "Point", "coordinates": [ 121.5192926, 25.11776228 ] } },
{ "type": "Feature", "properties": { "GymType": "球類運動設施/滾球場", "Name": "臺北護理健康大學滾球場", "Addr": "臺北市北投區明德路365號", "OperationTel": "(02)28227101#2901", "WebUrl": "http://www.ntunhs.edu.tw/bin/home.php", "Lat": 25.11736399, "Lng": 121.520108, "PassEasyEle": null, "PassEasyParking": null, "PassEasyShower": null, "PassEasyToilet": null, "PassEasyWay": null, "WheelchairAuditorium": null, "disabled": "無無障礙設備" }, "geometry": { "type": "Point", "coordinates": [ 121.520108, 25.11736399 ] } },
{ "type": "Feature", "properties": { "GymType": "陸上/射擊運動設施/田徑場", "Name": "薇閣小學田徑場", "Addr": "臺北市北投區長安里育仁路106號", "OperationTel": "(02)28912668", "WebUrl": "http://www.wgps.tp.edu.tw", "Lat": 25.13612576, "Lng": 121.5008819, "PassEasyEle": null, "PassEasyParking": null, "PassEasyShower": null, "PassEasyToilet": null, "PassEasyWay": null, "WheelchairAuditorium": null, "disabled": "無無障礙設備" }, "geometry": { "type": "Point", "coordinates": [ 121.5008819, 25.13612576 ] } },
{ "type": "Feature", "properties": { "GymType": "球類運動設施/籃球場館", "Name": "復興國小活動中心", "Addr": "臺北市大安區仁愛里敦化南路1段262號", "OperationTel": "02-27715859", "WebUrl": "http://www.fhjh.tp.edu.tw", "Lat": 25.03923471, "Lng": 121.5484192, "PassEasyEle": 2.0, "PassEasyParking": 2.0, "PassEasyShower": 1.0, "PassEasyToilet": 2.0, "PassEasyWay": 7.0, "WheelchairAuditorium": 0.0, "disabled": "有無障礙設備" }, "geometry": { "type": "Point", "coordinates": [ 121.5484192, 25.03923471 ] } },
{ "type": "Feature", "properties": { "GymType": "陸上/射擊運動設施/田徑場", "Name": "臺北教大實小田徑場", "Addr": "臺北市大安區龍淵里和平東路2段94號", "OperationTel": "02-27356186", "WebUrl": "http://www.ntueees.tp.edu.tw", "Lat": 25.02437701, "Lng": 121.5407127, "PassEasyEle": 0.0, "PassEasyParking": 0.0, "PassEasyShower": 0.0, "PassEasyToilet": 0.0, "PassEasyWay": 0.0, "WheelchairAuditorium": 0.0, "disabled": "無無障礙設備" }, "geometry": { "type": "Point", "coordinates": [ 121.5407127, 25.02437701 ] } },
{ "type": "Feature", "properties": { "GymType": "球類運動設施/籃球場館", "Name": "華興中學體育館", "Addr": "臺北市士林區芝山里仰德大道1段101號", "OperationTel": "02-28316834#234", "WebUrl": "http://www.hhhs.tp.edu.tw", "Lat": 25.10606338, "Lng": 121.5379179, "PassEasyEle": null, "PassEasyParking": null, "PassEasyShower": null, "PassEasyToilet": null, "PassEasyWay": null, "WheelchairAuditorium": null, "disabled": "無無障礙設備" }, "geometry": { "type": "Point", "coordinates": [ 121.5379179, 25.10606338 ] } },
{ "type": "Feature", "properties": { "GymType": "球類運動設施/籃球場館", "Name": "再興小學戶外籃球場", "Addr": "臺北市文山區明義里興隆路4段2號", "OperationTel": "02-29371118#223", "WebUrl": "http://www.tsps.tp.edu.tw", "Lat": 24.98991709, "Lng": 121.5582407, "PassEasyEle": 2.0, "PassEasyParking": 6.0, "PassEasyShower": 0.0, "PassEasyToilet": 2.0, "PassEasyWay": 2.0, "WheelchairAuditorium": 0.0, "disabled": "有無障礙設備" }, "geometry": { "type": "Point", "coordinates": [ 121.5582407, 24.98991709 ] } },
{ "type": "Feature", "properties": { "GymType": "水上/冰上運動設施/游泳池", "Name": "滬江高中室內溫水游泳池", "Addr": "臺北市文山區景美里羅斯福路6段336號", "OperationTel": "02-86631122#224", "WebUrl": "http://www.hchs.tp.edu.tw", "Lat": 24.98961382, "Lng": 121.5379069, "PassEasyEle": 1.0, "PassEasyParking": 1.0, "PassEasyShower": 1.0, "PassEasyToilet": 1.0, "PassEasyWay": 0.0, "WheelchairAuditorium": 0.0, "disabled": "有無障礙設備" }, "geometry": { "type": "Point", "coordinates": [ 121.5379069, 24.98961382 ] } },
{ "type": "Feature", "properties": { "GymType": "球類運動設施/籃球場館", "Name": "臺北市大安運動中心", "Addr": "臺北市 大安區 辛亥路三段55號", "OperationTel": "02-23770300", "WebUrl": "https://www.daansports.com.tw/zh_TW/index", "Lat": 25.02053343, "Lng": 121.5457787, "PassEasyEle": 1.0, "PassEasyParking": 4.0, "PassEasyShower": 2.0, "PassEasyToilet": 4.0, "PassEasyWay": 1.0, "WheelchairAuditorium": 0.0, "disabled": "有無障礙設備" }, "geometry": { "type": "Point", "coordinates": [ 121.5457787, 25.02053343 ] } },
{ "type": "Feature", "properties": { "GymType": "球類運動設施/籃球場館", "Name": "光仁小學B2活動中心", "Addr": "臺北市萬華區壽德里萬大路423巷15號", "OperationTel": "07-23032874#834", "WebUrl": "http://www.kjes.tp.edu.tw", "Lat": 25.02144608, "Lng": 121.4996561, "PassEasyEle": 0.0, "PassEasyParking": 0.0, "PassEasyShower": 0.0, "PassEasyToilet": 0.0, "PassEasyWay": 0.0, "WheelchairAuditorium": 0.0, "disabled": "無無障礙設備" }, "geometry": { "type": "Point", "coordinates": [ 121.4996561, 25.02144608 ] } },
{ "type": "Feature", "properties": { "GymType": "球類運動設施/籃球場館", "Name": "臺北市內湖運動中心", "Addr": "臺北市 內湖區 洲子街12號", "OperationTel": "02-26562869", "WebUrl": "https://nhsc.cyc.org.tw/", "Lat": 25.07829161, "Lng": 121.5752006, "PassEasyEle": 1.0, "PassEasyParking": 2.0, "PassEasyShower": 0.0, "PassEasyToilet": 6.0, "PassEasyWay": 0.0, "WheelchairAuditorium": 0.0, "disabled": "有無障礙設備" }, "geometry": { "type": "Point", "coordinates": [ 121.5752006, 25.07829161 ] } },
{ "type": "Feature", "properties": { "GymType": "球類運動設施/籃球場館", "Name": "龍門國中體育館(游泳池)", "Addr": "臺北市大安區建國南路二段269號9號", "OperationTel": "02-27390722", "WebUrl": "http://www.lmjh.tp.edu.tw", "Lat": 25.02373388, "Lng": 121.5382493, "PassEasyEle": 1.0, "PassEasyParking": 14.0, "PassEasyShower": 8.0, "PassEasyToilet": 2.0, "PassEasyWay": 3.0, "WheelchairAuditorium": 2.0, "disabled": "有無障礙設備" }, "geometry": { "type": "Point", "coordinates": [ 121.5382493, 25.02373388 ] } },
{ "type": "Feature", "properties": { "GymType": "球類運動設施/籃球場館", "Name": "臺北市立大學附設實驗國民小學活動中心", "Addr": "臺北市中正區黎明里公園路29號", "OperationTel": "02-23110395#823", "WebUrl": "http://new.estmue.tp.edu.tw/index.php", "Lat": 25.03619093, "Lng": 121.5153658, "PassEasyEle": 0.0, "PassEasyParking": 0.0, "PassEasyShower": 0.0, "PassEasyToilet": 0.0, "PassEasyWay": 0.0, "WheelchairAuditorium": 0.0, "disabled": "無無障礙設備" }, "geometry": { "type": "Point", "coordinates": [ 121.5153658, 25.03619093 ] } },
{ "type": "Feature", "properties": { "GymType": "陸上/射擊運動設施/田徑場", "Name": "臺北市立大學附設實驗國民小學田徑場", "Addr": "臺北市中正區黎明里公園路29號", "OperationTel": "02-23110395#823", "WebUrl": "http://new.estmue.tp.edu.tw/index.php", "Lat": 25.03590174, "Lng": 121.515795, "PassEasyEle": 0.0, "PassEasyParking": 0.0, "PassEasyShower": 0.0, "PassEasyToilet": 0.0, "PassEasyWay": 0.0, "WheelchairAuditorium": 0.0, "disabled": "無無障礙設備" }, "geometry": { "type": "Point", "coordinates": [ 121.515795, 25.03590174 ] } },
{ "type": "Feature", "properties": { "GymType": "球類運動設施/籃球場館", "Name": "木柵國中籃球場", "Addr": "臺北市文山區木柵路3段102巷12號", "OperationTel": "02-29393031", "WebUrl": "http://www.mcjhs.tp.edu.tw", "Lat": 24.98753617, "Lng": 121.5672398, "PassEasyEle": 0.0, "PassEasyParking": 0.0, "PassEasyShower": 0.0, "PassEasyToilet": 0.0, "PassEasyWay": 0.0, "WheelchairAuditorium": 0.0, "disabled": "無無障礙設備" }, "geometry": { "type": "Point", "coordinates": [ 121.5672398, 24.98753617 ] } },
{ "type": "Feature", "properties": { "GymType": "水上/冰上運動設施/游泳池", "Name": "臺北市立大學附設實驗國民小學游泳池(館)", "Addr": "臺北市中正區黎明里公園路29號", "OperationTel": "02-23110395", "WebUrl": "http://new.estmue.tp.edu.tw/index.php", "Lat": 25.03647041, "Lng": 121.5162188, "PassEasyEle": 1.0, "PassEasyParking": 0.0, "PassEasyShower": 1.0, "PassEasyToilet": 1.0, "PassEasyWay": 1.0, "WheelchairAuditorium": 0.0, "disabled": "有無障礙設備" }, "geometry": { "type": "Point", "coordinates": [ 121.5162188, 25.03647041 ] } },
{ "type": "Feature", "properties": { "GymType": "陸上/射擊運動設施/田徑場", "Name": "修德國小操場", "Addr": "臺北市南港區東新街118巷86號", "OperationTel": "02-27880500", "WebUrl": "http://www.sdps.tp.edu.tw", "Lat": 25.04466958, "Lng": 121.588971, "PassEasyEle": 0.0, "PassEasyParking": 1.0, "PassEasyShower": 1.0, "PassEasyToilet": 1.0, "PassEasyWay": 1.0, "WheelchairAuditorium": 0.0, "disabled": "有無障礙設備" }, "geometry": { "type": "Point", "coordinates": [ 121.588971, 25.04466958 ] } },
{ "type": "Feature", "properties": { "GymType": "球類運動設施/籃球場館", "Name": "誠正國中活動中心", "Addr": "臺北市南港區新富里富康街1巷24號", "OperationTel": "02-27828094#1314", "WebUrl": "http://163.21.132.5", "Lat": 25.0541531, "Lng": 121.6195895, "PassEasyEle": null, "PassEasyParking": null, "PassEasyShower": null, "PassEasyToilet": null, "PassEasyWay": null, "WheelchairAuditorium": null, "disabled": "無無障礙設備" }, "geometry": { "type": "Point", "coordinates": [ 121.6195895, 25.0541531 ] } },
{ "type": "Feature", "properties": { "GymType": "球類運動設施/排球場館", "Name": "修德國小排球場", "Addr": "臺北市南港區東新街118巷86號", "OperationTel": "02-27880500", "WebUrl": "http://www.sdps.tp.edu.tw", "Lat": 25.04481538, "Lng": 121.5894002, "PassEasyEle": 0.0, "PassEasyParking": 1.0, "PassEasyShower": 1.0, "PassEasyToilet": 1.0, "PassEasyWay": 1.0, "WheelchairAuditorium": 0.0, "disabled": "有無障礙設備" }, "geometry": { "type": "Point", "coordinates": [ 121.5894002, 25.04481538 ] } },
{ "type": "Feature", "properties": { "GymType": "球類運動設施/手球場", "Name": "修德國小綜合球場", "Addr": "臺北市南港區東新街118巷86號", "OperationTel": "02-27880500", "WebUrl": "http://www.sdps.tp.edu.tw", "Lat": 25.04529652, "Lng": 121.5889817, "PassEasyEle": 0.0, "PassEasyParking": 1.0, "PassEasyShower": 1.0, "PassEasyToilet": 2.0, "PassEasyWay": 1.0, "WheelchairAuditorium": 0.0, "disabled": "有無障礙設備" }, "geometry": { "type": "Point", "coordinates": [ 121.5889817, 25.04529652 ] } },
{ "type": "Feature", "properties": { "GymType": "球類運動設施/籃球場館", "Name": "東門國小活動中心", "Addr": "臺北市中正區東門里仁愛路一段2-4號", "OperationTel": "02-23412822#27", "WebUrl": "http://www.tmps.tp.edu.tw", "Lat": 25.03810348, "Lng": 121.5198398, "PassEasyEle": 1.0, "PassEasyParking": 1.0, "PassEasyShower": 3.0, "PassEasyToilet": 3.0, "PassEasyWay": 1.0, "WheelchairAuditorium": 0.0, "disabled": "有無障礙設備" }, "geometry": { "type": "Point", "coordinates": [ 121.5198398, 25.03810348 ] } },
{ "type": "Feature", "properties": { "GymType": "陸上/射擊運動設施/田徑場", "Name": "東門國小操場", "Addr": "臺北市中正區東門里仁愛路一段2-4號", "OperationTel": "02-23412822#27", "WebUrl": "http://www.tmps.tp.edu.tw", "Lat": 25.03819096, "Lng": 121.5205693, "PassEasyEle": null, "PassEasyParking": null, "PassEasyShower": null, "PassEasyToilet": null, "PassEasyWay": null, "WheelchairAuditorium": null, "disabled": "無無障礙設備" }, "geometry": { "type": "Point", "coordinates": [ 121.5205693, 25.03819096 ] } },
{ "type": "Feature", "properties": { "GymType": "陸上/射擊運動設施/田徑場", "Name": "文湖國小田徑場", "Addr": "臺北市內湖區西康里文湖街15號", "OperationTel": "02-26583515#1054", "WebUrl": "http://www.whups.tp.edu.tw", "Lat": 25.08640539, "Lng": 121.5603304, "PassEasyEle": 0.0, "PassEasyParking": 0.0, "PassEasyShower": 0.0, "PassEasyToilet": 0.0, "PassEasyWay": 1.0, "WheelchairAuditorium": 0.0, "disabled": "有無障礙設備" }, "geometry": { "type": "Point", "coordinates": [ 121.5603304, 25.08640539 ] } },
{ "type": "Feature", "properties": { "GymType": "球類運動設施/籃球場館", "Name": "信義國中活動中心", "Addr": "臺北市信義區松仁路158巷1號", "OperationTel": "02-27236771", "WebUrl": "http://www.syijh.tp.edu.tw", "Lat": 25.02882967, "Lng": 121.5679157, "PassEasyEle": 0.0, "PassEasyParking": 0.0, "PassEasyShower": 0.0, "PassEasyToilet": 0.0, "PassEasyWay": 0.0, "WheelchairAuditorium": 0.0, "disabled": "無無障礙設備" }, "geometry": { "type": "Point", "coordinates": [ 121.5679157, 25.02882967 ] } },
{ "type": "Feature", "properties": { "GymType": "水上/冰上運動設施/游泳池", "Name": "信義國中游泳池(館)", "Addr": "臺北市11058信義區松仁路158巷1號", "OperationTel": "02-27236771", "WebUrl": "http://www.syijh.tp.edu.tw", "Lat": 25.02897306, "Lng": 121.5667328, "PassEasyEle": 0.0, "PassEasyParking": 2.0, "PassEasyShower": 1.0, "PassEasyToilet": 1.0, "PassEasyWay": 2.0, "WheelchairAuditorium": 0.0, "disabled": "有無障礙設備" }, "geometry": { "type": "Point", "coordinates": [ 121.5667328, 25.02897306 ] } },
{ "type": "Feature", "properties": { "GymType": "球類運動設施/籃球場館", "Name": "華江國小活動中心", "Addr": "臺北市萬華區環河南路2段250巷42弄2號", "OperationTel": "02-23064352#134", "WebUrl": "http://web.hces.tp.edu.tw/front/bin/home.phtml", "Lat": 25.03419725, "Lng": 121.4912498, "PassEasyEle": 1.0, "PassEasyParking": 0.0, "PassEasyShower": 0.0, "PassEasyToilet": 1.0, "PassEasyWay": 3.0, "WheelchairAuditorium": 0.0, "disabled": "有無障礙設備" }, "geometry": { "type": "Point", "coordinates": [ 121.4912498, 25.03419725 ] } },
{ "type": "Feature", "properties": { "GymType": "水上/冰上運動設施/游泳池", "Name": "雙園國中附設伊藤萬游泳學校", "Addr": "臺北市萬華區興義街2號", "OperationTel": "02-23030827", "WebUrl": "http://www.syjhs.tp.edu.tw/", "Lat": 25.02773504, "Lng": 121.49169, "PassEasyEle": 1.0, "PassEasyParking": 0.0, "PassEasyShower": 0.0, "PassEasyToilet": 0.0, "PassEasyWay": 1.0, "WheelchairAuditorium": 0.0, "disabled": "有無障礙設備" }, "geometry": { "type": "Point", "coordinates": [ 121.49169, 25.02773504 ] } },
{ "type": "Feature", "properties": { "GymType": "球類運動設施/籃球場館", "Name": "信義國小活動中心", "Addr": "臺北市信義區松勤街60號", "OperationTel": "02-27204005", "WebUrl": "http://www.syes.tp.edu.tw", "Lat": 25.03123081, "Lng": 121.5630877, "PassEasyEle": 1.0, "PassEasyParking": 2.0, "PassEasyShower": 1.0, "PassEasyToilet": 1.0, "PassEasyWay": 0.0, "WheelchairAuditorium": 0.0, "disabled": "有無障礙設備" }, "geometry": { "type": "Point", "coordinates": [ 121.5630877, 25.03123081 ] } },
{ "type": "Feature", "properties": { "GymType": "陸上/射擊運動設施/田徑場", "Name": "永春高中田徑場", "Addr": "臺北市信義區松隆里松山路654號", "OperationTel": "02-27272983#307", "WebUrl": "http://www.ycsh.tp.edu.tw", "Lat": 25.03216404, "Lng": 121.578505, "PassEasyEle": null, "PassEasyParking": null, "PassEasyShower": null, "PassEasyToilet": null, "PassEasyWay": null, "WheelchairAuditorium": null, "disabled": "無無障礙設備" }, "geometry": { "type": "Point", "coordinates": [ 121.578505, 25.03216404 ] } },
{ "type": "Feature", "properties": { "GymType": "陸上/射擊運動設施/田徑場", "Name": "木柵國中田徑場", "Addr": "臺北市文山區木柵路3段102巷12號", "OperationTel": "02-29393031", "WebUrl": "http://www.mcjhs.tp.edu.tw", "Lat": 24.98744865, "Lng": 121.5673041, "PassEasyEle": 0.0, "PassEasyParking": 0.0, "PassEasyShower": 0.0, "PassEasyToilet": 0.0, "PassEasyWay": 0.0, "WheelchairAuditorium": 0.0, "disabled": "無無障礙設備" }, "geometry": { "type": "Point", "coordinates": [ 121.5673041, 24.98744865 ] } },
{ "type": "Feature", "properties": { "GymType": "球類運動設施/籃球場館", "Name": "雙園國中體育館", "Addr": "臺北市萬華區和德里興義街2號", "OperationTel": "02-23037605#137", "WebUrl": "http://www.syjhs.tp.edu.tw", "Lat": 25.02742492, "Lng": 121.4913225, "PassEasyEle": 1.0, "PassEasyParking": 0.0, "PassEasyShower": 0.0, "PassEasyToilet": 0.0, "PassEasyWay": 1.0, "WheelchairAuditorium": 0.0, "disabled": "有無障礙設備" }, "geometry": { "type": "Point", "coordinates": [ 121.4913225, 25.02742492 ] } },
{ "type": "Feature", "properties": { "GymType": "球類運動設施/籃球場館", "Name": "永春高中活動中心", "Addr": "臺北市信義區松隆里松山路654號", "OperationTel": "02-27272983", "WebUrl": "http://www.ycsh.tp.edu.tw", "Lat": 25.03403388, "Lng": 121.5783334, "PassEasyEle": 0.0, "PassEasyParking": 0.0, "PassEasyShower": 1.0, "PassEasyToilet": 1.0, "PassEasyWay": 1.0, "WheelchairAuditorium": 0.0, "disabled": "有無障礙設備" }, "geometry": { "type": "Point", "coordinates": [ 121.5783334, 25.03403388 ] } },
{ "type": "Feature", "properties": { "GymType": "球類運動設施/籃球場館", "Name": "志清國小籃球場", "Addr": "臺北市文山區景仁里景福街21巷5號", "OperationTel": "02-29323875#33", "WebUrl": "http://www.jcps.tp.edu.tw", "Lat": 24.99829599, "Lng": 121.5389371, "PassEasyEle": 1.0, "PassEasyParking": 0.0, "PassEasyShower": 0.0, "PassEasyToilet": 1.0, "PassEasyWay": 1.0, "WheelchairAuditorium": 0.0, "disabled": "有無障礙設備" }, "geometry": { "type": "Point", "coordinates": [ 121.5389371, 24.99829599 ] } },
{ "type": "Feature", "properties": { "GymType": "陸上/射擊運動設施/田徑場", "Name": "雙園國中田徑場", "Addr": "臺北市萬華區和德里興義街2號", "OperationTel": "02-23037605#137", "WebUrl": "http://www.syjhs.tp.edu.tw", "Lat": 25.02742978, "Lng": 121.4914513, "PassEasyEle": 1.0, "PassEasyParking": 0.0, "PassEasyShower": 0.0, "PassEasyToilet": 0.0, "PassEasyWay": 1.0, "WheelchairAuditorium": 0.0, "disabled": "有無障礙設備" }, "geometry": { "type": "Point", "coordinates": [ 121.4914513, 25.02742978 ] } },
{ "type": "Feature", "properties": { "GymType": "球類運動設施/網球場館", "Name": "逸仙國小網球場、籃球場、躲避球場、樂樂棒球場", "Addr": "臺北市北投區中心里新民路2號", "OperationTel": "02-28914537", "WebUrl": "http://www.ysps.tp.edu.tw", "Lat": 25.13816543, "Lng": 121.5055704, "PassEasyEle": 0.0, "PassEasyParking": 0.0, "PassEasyShower": 0.0, "PassEasyToilet": 0.0, "PassEasyWay": 0.0, "WheelchairAuditorium": 0.0, "disabled": "無無障礙設備" }, "geometry": { "type": "Point", "coordinates": [ 121.5055704, 25.13816543 ] } },
{ "type": "Feature", "properties": { "GymType": "水上/冰上運動設施/游泳池", "Name": "信義國小游泳池(館)", "Addr": "臺北市信義區松勤街60號", "OperationTel": "02-27204005", "WebUrl": "http://www.syes.tp.edu.tw", "Lat": 25.03143496, "Lng": 121.5630609, "PassEasyEle": 1.0, "PassEasyParking": 2.0, "PassEasyShower": 1.0, "PassEasyToilet": 1.0, "PassEasyWay": 0.0, "WheelchairAuditorium": 0.0, "disabled": "有無障礙設備" }, "geometry": { "type": "Point", "coordinates": [ 121.5630609, 25.03143496 ] } },
{ "type": "Feature", "properties": { "GymType": "球類運動設施/籃球場館", "Name": "東園國小籃球場", "Addr": "臺北市萬華區全德里東園街195號", "OperationTel": "02-23034803#1305", "WebUrl": "http://www.tyes.tp.edu.tw", "Lat": 25.02278284, "Lng": 121.4986342, "PassEasyEle": 0.0, "PassEasyParking": 0.0, "PassEasyShower": 0.0, "PassEasyToilet": 0.0, "PassEasyWay": 0.0, "WheelchairAuditorium": 0.0, "disabled": "無無障礙設備" }, "geometry": { "type": "Point", "coordinates": [ 121.4986342, 25.02278284 ] } },
{ "type": "Feature", "properties": { "GymType": "球類運動設施/籃球場館", "Name": "民生國中活動中心", "Addr": "臺北市松山區新東里新東街30巷1號", "OperationTel": "02-27653433", "WebUrl": "http://newweb.msjh.tp.edu.tw/", "Lat": 25.05995346, "Lng": 121.5672934, "PassEasyEle": 1.0, "PassEasyParking": 0.0, "PassEasyShower": 0.0, "PassEasyToilet": 1.0, "PassEasyWay": 1.0, "WheelchairAuditorium": 0.0, "disabled": "有無障礙設備" }, "geometry": { "type": "Point", "coordinates": [ 121.5672934, 25.05995346 ] } },
{ "type": "Feature", "properties": { "GymType": "球類運動設施/躲避球場", "Name": "逸仙國小操場", "Addr": "臺北市北投區中心里新民路2號", "OperationTel": "02-28914537", "WebUrl": "http://www.ysps.tp.edu.tw", "Lat": 25.13770408, "Lng": 121.5058815, "PassEasyEle": 0.0, "PassEasyParking": 0.0, "PassEasyShower": 0.0, "PassEasyToilet": 0.0, "PassEasyWay": 1.0, "WheelchairAuditorium": 0.0, "disabled": "有無障礙設備" }, "geometry": { "type": "Point", "coordinates": [ 121.5058815, 25.13770408 ] } },
{ "type": "Feature", "properties": { "GymType": "球類運動設施/羽球場館", "Name": "蘭雅國中活動中心", "Addr": "臺北市士林區三玉里忠誠路2段51號", "OperationTel": "02-28329377#230", "WebUrl": "http://163.21.26.20/enable01/", "Lat": 25.11044758, "Lng": 121.5320164, "PassEasyEle": 1.0, "PassEasyParking": 2.0, "PassEasyShower": 0.0, "PassEasyToilet": 1.0, "PassEasyWay": 1.0, "WheelchairAuditorium": 0.0, "disabled": "有無障礙設備" }, "geometry": { "type": "Point", "coordinates": [ 121.5320164, 25.11044758 ] } },
{ "type": "Feature", "properties": { "GymType": "陸上/射擊運動設施/環形或直線慢跑場（非田徑場）", "Name": "辛亥國小環形/直線慢跑道(非田徑場型)", "Addr": "臺北市文山區興昌里辛亥路4段103號", "OperationTel": "02-29357282#133", "WebUrl": "http://www.saes.tp.edu.tw", "Lat": 25.00609906, "Lng": 121.5596974, "PassEasyEle": 0.0, "PassEasyParking": 0.0, "PassEasyShower": 0.0, "PassEasyToilet": 0.0, "PassEasyWay": 0.0, "WheelchairAuditorium": 0.0, "disabled": "無無障礙設備" }, "geometry": { "type": "Point", "coordinates": [ 121.5596974, 25.00609906 ] } },
{ "type": "Feature", "properties": { "GymType": "陸上/射擊運動設施/田徑場", "Name": "東園國小田徑場", "Addr": "臺北市萬華區全德里東園街195號", "OperationTel": "02-23034803#1305", "WebUrl": "http://www.tyes.tp.edu.tw", "Lat": 25.02317171, "Lng": 121.4985967, "PassEasyEle": 1.0, "PassEasyParking": 0.0, "PassEasyShower": 0.0, "PassEasyToilet": 0.0, "PassEasyWay": 1.0, "WheelchairAuditorium": 0.0, "disabled": "有無障礙設備" }, "geometry": { "type": "Point", "coordinates": [ 121.4985967, 25.02317171 ] } },
{ "type": "Feature", "properties": { "GymType": "球類運動設施/躲避球場", "Name": "東園國小躲避球場", "Addr": "臺北市萬華區全德里東園街195號", "OperationTel": "02-23034803#1305", "WebUrl": "http://www.tyes.tp.edu.tw", "Lat": 25.02313283, "Lng": 121.4985538, "PassEasyEle": 0.0, "PassEasyParking": 0.0, "PassEasyShower": 0.0, "PassEasyToilet": 0.0, "PassEasyWay": 0.0, "WheelchairAuditorium": 0.0, "disabled": "無無障礙設備" }, "geometry": { "type": "Point", "coordinates": [ 121.4985538, 25.02313283 ] } },
{ "type": "Feature", "properties": { "GymType": "水上/冰上運動設施/游泳池", "Name": "永建國小游泳池", "Addr": "臺北市文山區木柵路一段311巷1號", "OperationTel": "02-29377199#130", "WebUrl": "http://www.yjps.tp.edu.tw", "Lat": 24.98905586, "Lng": 121.5554943, "PassEasyEle": 1.0, "PassEasyParking": 5.0, "PassEasyShower": 1.0, "PassEasyToilet": 1.0, "PassEasyWay": 2.0, "WheelchairAuditorium": 0.0, "disabled": "有無障礙設備" }, "geometry": { "type": "Point", "coordinates": [ 121.5554943, 24.98905586 ] } },
{ "type": "Feature", "properties": { "GymType": "水上/冰上運動設施/游泳池", "Name": "陽明高中漾泉館", "Addr": "臺北市士林區後港里中正路510號", "OperationTel": "02-28316675#195", "WebUrl": "http://www.ymsh.tp.edu.tw", "Lat": 25.09356888, "Lng": 121.5166432, "PassEasyEle": 1.0, "PassEasyParking": 0.0, "PassEasyShower": 1.0, "PassEasyToilet": 1.0, "PassEasyWay": 0.0, "WheelchairAuditorium": 0.0, "disabled": "有無障礙設備" }, "geometry": { "type": "Point", "coordinates": [ 121.5166432, 25.09356888 ] } },
{ "type": "Feature", "properties": { "GymType": "陸上/射擊運動設施/田徑場", "Name": "陽明高中田徑場", "Addr": "臺北市士林區後港里中正路510號", "OperationTel": "02-28316675#195", "WebUrl": "http://www.ymsh.tp.edu.tw", "Lat": 25.0923586, "Lng": 121.5162443, "PassEasyEle": 0.0, "PassEasyParking": 0.0, "PassEasyShower": 0.0, "PassEasyToilet": 0.0, "PassEasyWay": 0.0, "WheelchairAuditorium": 0.0, "disabled": "無無障礙設備" }, "geometry": { "type": "Point", "coordinates": [ 121.5162443, 25.0923586 ] } },
{ "type": "Feature", "properties": { "GymType": "球類運動設施/籃球場館", "Name": "陽明高中台元館", "Addr": "臺北市士林區後港里中正路510號", "OperationTel": "02-28316675#195", "WebUrl": "http://www.ymsh.tp.edu.tw", "Lat": 25.09314258, "Lng": 121.5167163, "PassEasyEle": 0.0, "PassEasyParking": 0.0, "PassEasyShower": 0.0, "PassEasyToilet": 0.0, "PassEasyWay": 1.0, "WheelchairAuditorium": 0.0, "disabled": "有無障礙設備" }, "geometry": { "type": "Point", "coordinates": [ 121.5167163, 25.09314258 ] } },
{ "type": "Feature", "properties": { "GymType": "球類運動設施/籃球場館", "Name": "陽明高中新大樓體育館", "Addr": "臺北市士林區後港里中正路510號", "OperationTel": "02-28316675#195", "WebUrl": "http://www.ymsh.tp.edu.tw", "Lat": 25.09217763, "Lng": 121.5166231, "PassEasyEle": 1.0, "PassEasyParking": 1.0, "PassEasyShower": 0.0, "PassEasyToilet": 1.0, "PassEasyWay": 4.0, "WheelchairAuditorium": 0.0, "disabled": "有無障礙設備" }, "geometry": { "type": "Point", "coordinates": [ 121.5166231, 25.09217763 ] } },
{ "type": "Feature", "properties": { "GymType": "球類運動設施/排球場館", "Name": "民權國中排球場(館)", "Addr": "臺北市大同區重慶北路三段1號", "OperationTel": "02-25931951#123", "WebUrl": "http://www.mqjh.tp.edu.tw", "Lat": 25.0637632, "Lng": 121.5142071, "PassEasyEle": 1.0, "PassEasyParking": 1.0, "PassEasyShower": 0.0, "PassEasyToilet": 1.0, "PassEasyWay": 1.0, "WheelchairAuditorium": 0.0, "disabled": "有無障礙設備" }, "geometry": { "type": "Point", "coordinates": [ 121.5142071, 25.0637632 ] } },
{ "type": "Feature", "properties": { "GymType": "球類運動設施/籃球場館", "Name": "健康國小活動中心", "Addr": "臺北市松山區延壽街168號", "OperationTel": "02-25282814#132", "WebUrl": "http://www.jkes.nss.tp.edu.tw/nss/p/index", "Lat": 25.05658097, "Lng": 121.5631843, "PassEasyEle": 1.0, "PassEasyParking": 0.0, "PassEasyShower": 0.0, "PassEasyToilet": 1.0, "PassEasyWay": 1.0, "WheelchairAuditorium": 0.0, "disabled": "有無障礙設備" }, "geometry": { "type": "Point", "coordinates": [ 121.5631843, 25.05658097 ] } },
{ "type": "Feature", "properties": { "GymType": "球類運動設施/籃球場館", "Name": "西松國小操場附設籃球場、手球場、滾球場", "Addr": "臺北市松山區東光里三民路5號", "OperationTel": "02-27609221#330", "WebUrl": "http://www.sups.tp.edu.tw", "Lat": 25.05276128, "Lng": 121.5629697, "PassEasyEle": 0.0, "PassEasyParking": 0.0, "PassEasyShower": 0.0, "PassEasyToilet": 1.0, "PassEasyWay": 1.0, "WheelchairAuditorium": 0.0, "disabled": "有無障礙設備" }, "geometry": { "type": "Point", "coordinates": [ 121.5629697, 25.05276128 ] } },
{ "type": "Feature", "properties": { "GymType": "球類運動設施/羽球場館", "Name": "大理國小活動中心", "Addr": "臺北市萬華區綠堤里艋舺大道389號", "OperationTel": "02-23064311#1400", "WebUrl": "http://www.tlps.tp.edu.tw", "Lat": 25.0318238, "Lng": 121.4928085, "PassEasyEle": 1.0, "PassEasyParking": 0.0, "PassEasyShower": 0.0, "PassEasyToilet": 1.0, "PassEasyWay": 1.0, "WheelchairAuditorium": 0.0, "disabled": "有無障礙設備" }, "geometry": { "type": "Point", "coordinates": [ 121.4928085, 25.0318238 ] } },
{ "type": "Feature", "properties": { "GymType": "陸上/射擊運動設施/田徑場", "Name": "石牌國小田徑場", "Addr": "臺北市北投區吉利里致遠二路80號", "OperationTel": "02-28227484#332", "WebUrl": "http://web.spps.tp.edu.tw", "Lat": 25.11472652, "Lng": 121.5126675, "PassEasyEle": 0.0, "PassEasyParking": 0.0, "PassEasyShower": 0.0, "PassEasyToilet": 0.0, "PassEasyWay": 1.0, "WheelchairAuditorium": 0.0, "disabled": "有無障礙設備" }, "geometry": { "type": "Point", "coordinates": [ 121.5126675, 25.11472652 ] } },
{ "type": "Feature", "properties": { "GymType": "球類運動設施/籃球場館", "Name": "石牌國小活動中心", "Addr": "臺北市北投區吉利里致遠二路80號", "OperationTel": "02-28227484#225", "WebUrl": "http://web.spps.tp.edu.tw", "Lat": 25.11626627, "Lng": 121.512233, "PassEasyEle": 1.0, "PassEasyParking": 0.0, "PassEasyShower": 0.0, "PassEasyToilet": 0.0, "PassEasyWay": 0.0, "WheelchairAuditorium": 0.0, "disabled": "有無障礙設備" }, "geometry": { "type": "Point", "coordinates": [ 121.512233, 25.11626627 ] } },
{ "type": "Feature", "properties": { "GymType": "水上/冰上運動設施/游泳池", "Name": "石牌國小游泳池", "Addr": "臺北市北投區吉利里致遠二路80號", "OperationTel": "02-28227484#332", "WebUrl": "http://web.spps.tp.edu.tw", "Lat": 25.11648727, "Lng": 121.5122357, "PassEasyEle": 0.0, "PassEasyParking": 0.0, "PassEasyShower": 0.0, "PassEasyToilet": 0.0, "PassEasyWay": 1.0, "WheelchairAuditorium": 0.0, "disabled": "有無障礙設備" }, "geometry": { "type": "Point", "coordinates": [ 121.5122357, 25.11648727 ] } },
{ "type": "Feature", "properties": { "GymType": "球類運動設施/籃球場館", "Name": "雨聲國小籃球場", "Addr": "臺北市士林區岩山里至誠路1段62巷70號", "OperationTel": "02-28311004#232", "WebUrl": "http://www.yses.tp.edu.tw", "Lat": 25.10300053, "Lng": 121.5354851, "PassEasyEle": 0.0, "PassEasyParking": 1.0, "PassEasyShower": 0.0, "PassEasyToilet": 1.0, "PassEasyWay": 0.0, "WheelchairAuditorium": 0.0, "disabled": "有無障礙設備" }, "geometry": { "type": "Point", "coordinates": [ 121.5354851, 25.10300053 ] } },
{ "type": "Feature", "properties": { "GymType": "陸上/射擊運動設施/田徑場", "Name": "雨聲國小操場", "Addr": "臺北市士林區岩山里至誠路1段62巷70號", "OperationTel": "02-28311004#232", "WebUrl": "http://www.yses.tp.edu.tw", "Lat": 25.10448698, "Lng": 121.5372849, "PassEasyEle": 0.0, "PassEasyParking": 1.0, "PassEasyShower": 0.0, "PassEasyToilet": 1.0, "PassEasyWay": 0.0, "WheelchairAuditorium": 0.0, "disabled": "有無障礙設備" }, "geometry": { "type": "Point", "coordinates": [ 121.5372849, 25.10448698 ] } },
{ "type": "Feature", "properties": { "GymType": "陸上/射擊運動設施/田徑場", "Name": "信義國小田徑場", "Addr": "臺北市信義區松勤街60號", "OperationTel": "02-27204005", "WebUrl": "http://www.syes.tp.edu.tw", "Lat": 25.03152245, "Lng": 121.5632915, "PassEasyEle": 1.0, "PassEasyParking": 2.0, "PassEasyShower": 0.0, "PassEasyToilet": 1.0, "PassEasyWay": 0.0, "WheelchairAuditorium": 0.0, "disabled": "有無障礙設備" }, "geometry": { "type": "Point", "coordinates": [ 121.5632915, 25.03152245 ] } },
{ "type": "Feature", "properties": { "GymType": "球類運動設施/羽球場館", "Name": "幸安國小活動中心", "Addr": "臺北市大安區民炤里仁愛路3段22號", "OperationTel": "02-27074191", "WebUrl": "http://www.haps.tp.edu.tw", "Lat": 25.03685084, "Lng": 121.5344771, "PassEasyEle": 1.0, "PassEasyParking": 0.0, "PassEasyShower": 1.0, "PassEasyToilet": 1.0, "PassEasyWay": 1.0, "WheelchairAuditorium": 0.0, "disabled": "有無障礙設備" }, "geometry": { "type": "Point", "coordinates": [ 121.5344771, 25.03685084 ] } },
{ "type": "Feature", "properties": { "GymType": "球類運動設施/籃球場館", "Name": "吳興國小三樓活動中心綜合球場", "Addr": "臺北市信義區松仁路226號", "OperationTel": "02-27200226#35", "WebUrl": "https://www.wsps.tp.edu.tw/Default.aspx", "Lat": 25.02515494, "Lng": 121.5677226, "PassEasyEle": 1.0, "PassEasyParking": 1.0, "PassEasyShower": 1.0, "PassEasyToilet": 2.0, "PassEasyWay": 2.0, "WheelchairAuditorium": 0.0, "disabled": "有無障礙設備" }, "geometry": { "type": "Point", "coordinates": [ 121.5677226, 25.02515494 ] } },
{ "type": "Feature", "properties": { "GymType": "水上/冰上運動設施/游泳池", "Name": "清江國小綜合活動中心", "Addr": "臺北市北投區公館路220號", "OperationTel": "02-28912764#204", "WebUrl": "http://www.cjps.tp.edu.tw", "Lat": 25.12592201, "Lng": 121.5065789, "PassEasyEle": 1.0, "PassEasyParking": 0.0, "PassEasyShower": 1.0, "PassEasyToilet": 1.0, "PassEasyWay": 1.0, "WheelchairAuditorium": 0.0, "disabled": "有無障礙設備" }, "geometry": { "type": "Point", "coordinates": [ 121.5065789, 25.12592201 ] } },
{ "type": "Feature", "properties": { "GymType": "水上/冰上運動設施/游泳池", "Name": "吳興國小游泳池", "Addr": "臺北市信義區松仁路226號", "OperationTel": "02-27200226#35", "WebUrl": "https://www.wsps.tp.edu.tw/Default.aspx", "Lat": 25.02507352, "Lng": 121.5673605, "PassEasyEle": 0.0, "PassEasyParking": 1.0, "PassEasyShower": 1.0, "PassEasyToilet": 1.0, "PassEasyWay": 1.0, "WheelchairAuditorium": 0.0, "disabled": "有無障礙設備" }, "geometry": { "type": "Point", "coordinates": [ 121.5673605, 25.02507352 ] } },
{ "type": "Feature", "properties": { "GymType": "陸上/射擊運動設施/環形或直線慢跑場（非田徑場）", "Name": "永吉國小運動場", "Addr": "臺北市信義區永春里松山路287巷5號", "OperationTel": "02-87858111#640", "WebUrl": "http://www.yhps.tp.edu.tw", "Lat": 25.04330329, "Lng": 121.5790314, "PassEasyEle": 0.0, "PassEasyParking": 0.0, "PassEasyShower": 1.0, "PassEasyToilet": 2.0, "PassEasyWay": 2.0, "WheelchairAuditorium": 0.0, "disabled": "有無障礙設備" }, "geometry": { "type": "Point", "coordinates": [ 121.5790314, 25.04330329 ] } },
{ "type": "Feature", "properties": { "GymType": "水上/冰上運動設施/游泳池", "Name": "西湖國中活動中心", "Addr": "臺北市內湖區西湖里環山路1段27號", "OperationTel": "02-27991817#215", "WebUrl": "http://www.xhjhs.tp.edu.tw", "Lat": 25.08557946, "Lng": 121.566081, "PassEasyEle": 0.0, "PassEasyParking": 0.0, "PassEasyShower": 0.0, "PassEasyToilet": 0.0, "PassEasyWay": 0.0, "WheelchairAuditorium": 0.0, "disabled": "無無障礙設備" }, "geometry": { "type": "Point", "coordinates": [ 121.566081, 25.08557946 ] } },
{ "type": "Feature", "properties": { "GymType": "球類運動設施/籃球場館", "Name": "永吉國中活動中心", "Addr": "臺北市信義區四育里8鄰松隆路161號", "OperationTel": "02-27649066", "WebUrl": "http://www.yjjh.tp.edu.tw", "Lat": 25.04878618, "Lng": 121.5736378, "PassEasyEle": 0.0, "PassEasyParking": 0.0, "PassEasyShower": 0.0, "PassEasyToilet": 0.0, "PassEasyWay": 0.0, "WheelchairAuditorium": 0.0, "disabled": "無無障礙設備" }, "geometry": { "type": "Point", "coordinates": [ 121.5736378, 25.04878618 ] } },
{ "type": "Feature", "properties": { "GymType": "水上/冰上運動設施/游泳池", "Name": "西門國小親水游泳池", "Addr": "臺北市萬華區西門里成都路98號", "OperationTel": "02-23113519#1124", "WebUrl": "http://core.hmes.tp.edu.tw/", "Lat": 25.04242907, "Lng": 121.5038431, "PassEasyEle": 0.0, "PassEasyParking": 0.0, "PassEasyShower": 1.0, "PassEasyToilet": 1.0, "PassEasyWay": 1.0, "WheelchairAuditorium": 0.0, "disabled": "有無障礙設備" }, "geometry": { "type": "Point", "coordinates": [ 121.5038431, 25.04242907 ] } },
{ "type": "Feature", "properties": { "GymType": "陸上/射擊運動設施/田徑場", "Name": "吳興國小田徑場", "Addr": "臺北市信義區松仁路226號", "OperationTel": "02-27200226#35", "WebUrl": "https://www.wsps.tp.edu.tw/Default.aspx", "Lat": 25.02539069, "Lng": 121.5673336, "PassEasyEle": 0.0, "PassEasyParking": 1.0, "PassEasyShower": 0.0, "PassEasyToilet": 0.0, "PassEasyWay": 0.0, "WheelchairAuditorium": 0.0, "disabled": "有無障礙設備" }, "geometry": { "type": "Point", "coordinates": [ 121.5673336, 25.02539069 ] } },
{ "type": "Feature", "properties": { "GymType": "陸上/射擊運動設施/環形或直線慢跑場（非田徑場）", "Name": "文化國小操場", "Addr": "臺北市北投區文化里文化三路1號", "OperationTel": "02-28933828#122", "WebUrl": "http://www.whps.tp.edu.tw", "Lat": 25.13716017, "Lng": 121.4965045, "PassEasyEle": 0.0, "PassEasyParking": 0.0, "PassEasyShower": 0.0, "PassEasyToilet": 0.0, "PassEasyWay": 0.0, "WheelchairAuditorium": 0.0, "disabled": "無無障礙設備" }, "geometry": { "type": "Point", "coordinates": [ 121.4965045, 25.13716017 ] } },
{ "type": "Feature", "properties": { "GymType": "球類運動設施/籃球場館", "Name": "北一女中活動中心", "Addr": "臺北市中正區黎明里重慶南路1段165號", "OperationTel": "02-23820484#530", "WebUrl": "http://www.fg.tp.edu.tw", "Lat": 25.03790907, "Lng": 121.5129411, "PassEasyEle": 0.0, "PassEasyParking": 1.0, "PassEasyShower": 0.0, "PassEasyToilet": 0.0, "PassEasyWay": 1.0, "WheelchairAuditorium": 0.0, "disabled": "有無障礙設備" }, "geometry": { "type": "Point", "coordinates": [ 121.5129411, 25.03790907 ] } },
{ "type": "Feature", "properties": { "GymType": "陸上/射擊運動設施/田徑場", "Name": "西門國小操場", "Addr": "臺北市萬華區西門里成都路98號", "OperationTel": "02-23113519", "WebUrl": "http://www.hmes.tp.edu.tw", "Lat": 25.04279358, "Lng": 121.5034568, "PassEasyEle": 1.0, "PassEasyParking": 0.0, "PassEasyShower": 0.0, "PassEasyToilet": 1.0, "PassEasyWay": 1.0, "WheelchairAuditorium": 0.0, "disabled": "有無障礙設備" }, "geometry": { "type": "Point", "coordinates": [ 121.5034568, 25.04279358 ] } },
{ "type": "Feature", "properties": { "GymType": "球類運動設施/籃球場館", "Name": "松山國小活動中心", "Addr": "臺北市松山區八德路四段746號", "OperationTel": "02-27672907#623", "WebUrl": "http://web.ssps.tp.edu.tw", "Lat": 25.05080474, "Lng": 121.5792743, "PassEasyEle": 0.0, "PassEasyParking": 0.0, "PassEasyShower": 0.0, "PassEasyToilet": 0.0, "PassEasyWay": 1.0, "WheelchairAuditorium": 0.0, "disabled": "有無障礙設備" }, "geometry": { "type": "Point", "coordinates": [ 121.5792743, 25.05080474 ] } },
{ "type": "Feature", "properties": { "GymType": "水上/冰上運動設施/游泳池", "Name": "臺北市松山區松山國民小學", "Addr": "臺北市松山區八德路4段746號", "OperationTel": "02-25286575", "WebUrl": "http://w3.ssps.tp.edu.tw/", "Lat": 25.0507576, "Lng": 121.5778597, "PassEasyEle": 0.0, "PassEasyParking": 0.0, "PassEasyShower": 0.0, "PassEasyToilet": 1.0, "PassEasyWay": 0.0, "WheelchairAuditorium": 0.0, "disabled": "有無障礙設備" }, "geometry": { "type": "Point", "coordinates": [ 121.5778597, 25.0507576 ] } },
{ "type": "Feature", "properties": { "GymType": "球類運動設施/籃球場館", "Name": "育達高職體育館", "Addr": "臺北市松山區美仁里寧安街12號", "OperationTel": "02-25706767#306", "WebUrl": "http://www.yudah.tp.edu.tw", "Lat": 25.04993775, "Lng": 121.5543598, "PassEasyEle": 0.0, "PassEasyParking": 3.0, "PassEasyShower": 0.0, "PassEasyToilet": 10.0, "PassEasyWay": 3.0, "WheelchairAuditorium": 0.0, "disabled": "有無障礙設備" }, "geometry": { "type": "Point", "coordinates": [ 121.5543598, 25.04993775 ] } },
{ "type": "Feature", "properties": { "GymType": "陸上/射擊運動設施/田徑場", "Name": "興華國小運動場", "Addr": "臺北市文山區興光里興隆路3段125巷6號", "OperationTel": "02-22393070", "WebUrl": "http://www.hhps.tp.edu.tw", "Lat": 24.99921488, "Lng": 121.5591207, "PassEasyEle": 0.0, "PassEasyParking": 1.0, "PassEasyShower": 0.0, "PassEasyToilet": 1.0, "PassEasyWay": 3.0, "WheelchairAuditorium": 0.0, "disabled": "有無障礙設備" }, "geometry": { "type": "Point", "coordinates": [ 121.5591207, 24.99921488 ] } },
{ "type": "Feature", "properties": { "GymType": "球類運動設施/羽球場館", "Name": "濱江國小禮堂", "Addr": "臺北市中山區樂群二路266巷99號", "OperationTel": "02-85021571#1303", "WebUrl": "http://www.bjes.tp.edu.tw", "Lat": 25.07737817, "Lng": 121.5608025, "PassEasyEle": 1.0, "PassEasyParking": 0.0, "PassEasyShower": 0.0, "PassEasyToilet": 0.0, "PassEasyWay": 0.0, "WheelchairAuditorium": 0.0, "disabled": "有無障礙設備" }, "geometry": { "type": "Point", "coordinates": [ 121.5608025, 25.07737817 ] } },
{ "type": "Feature", "properties": { "GymType": "陸上/射擊運動設施/田徑場", "Name": "西湖國中運動場", "Addr": "臺北市內湖區西湖里環山路1段27號", "OperationTel": "02-27991817#215", "WebUrl": "http://www.xhjhs.tp.edu.tw", "Lat": 25.08604344, "Lng": 121.5661964, "PassEasyEle": 0.0, "PassEasyParking": 0.0, "PassEasyShower": 0.0, "PassEasyToilet": 0.0, "PassEasyWay": 0.0, "WheelchairAuditorium": 0.0, "disabled": "無無障礙設備" }, "geometry": { "type": "Point", "coordinates": [ 121.5661964, 25.08604344 ] } },
{ "type": "Feature", "properties": { "GymType": "水上/冰上運動設施/游泳池", "Name": "建成國中體育館", "Addr": "臺北市大同區長安西路37之1號", "OperationTel": "02-25587042#651", "WebUrl": "http://www.jcjh.tp.edu.tw", "Lat": 25.05188653, "Lng": 121.5188648, "PassEasyEle": 1.0, "PassEasyParking": 1.0, "PassEasyShower": 1.0, "PassEasyToilet": 1.0, "PassEasyWay": 1.0, "WheelchairAuditorium": 0.0, "disabled": "有無障礙設備" }, "geometry": { "type": "Point", "coordinates": [ 121.5188648, 25.05188653 ] } },
{ "type": "Feature", "properties": { "GymType": "球類運動設施/排球場館", "Name": "大安國小活動中心", "Addr": "臺北市大安區芳和里臥龍街129號", "OperationTel": "02-27322332#824", "WebUrl": "http://www.taes.tp.edu.tw", "Lat": 25.01929509, "Lng": 121.5501541, "PassEasyEle": 1.0, "PassEasyParking": 0.0, "PassEasyShower": 0.0, "PassEasyToilet": 1.0, "PassEasyWay": 0.0, "WheelchairAuditorium": 0.0, "disabled": "有無障礙設備" }, "geometry": { "type": "Point", "coordinates": [ 121.5501541, 25.01929509 ] } },
{ "type": "Feature", "properties": { "GymType": "水上/冰上運動設施/游泳池", "Name": "大安國小游泳池", "Addr": "臺北市大安區芳和里臥龍街129號", "OperationTel": "02-27322332", "WebUrl": "http://www.taes.tp.edu.tw", "Lat": 25.01974959, "Lng": 121.5509534, "PassEasyEle": 0.0, "PassEasyParking": 0.0, "PassEasyShower": 1.0, "PassEasyToilet": 0.0, "PassEasyWay": 0.0, "WheelchairAuditorium": 0.0, "disabled": "有無障礙設備" }, "geometry": { "type": "Point", "coordinates": [ 121.5509534, 25.01974959 ] } },
{ "type": "Feature", "properties": { "GymType": "球類運動設施/籃球場館", "Name": "三玉國小室內綜合球場", "Addr": "臺北市士林區三玉里天母東路116號", "OperationTel": "02-28751369#725", "WebUrl": "http://www.syups.tp.edu.tw", "Lat": 25.11677142, "Lng": 121.5369201, "PassEasyEle": 0.0, "PassEasyParking": 0.0, "PassEasyShower": 0.0, "PassEasyToilet": 0.0, "PassEasyWay": 0.0, "WheelchairAuditorium": 0.0, "disabled": "無無障礙設備" }, "geometry": { "type": "Point", "coordinates": [ 121.5369201, 25.11677142 ] } },
{ "type": "Feature", "properties": { "GymType": "水上/冰上運動設施/游泳池", "Name": "葫蘆洲運動公園", "Addr": "臺北市 內湖區 安康路290號", "OperationTel": "02-27961833#352", "WebUrl": "https://www.nhrip.gov.taipei/", "Lat": 25.06207216, "Lng": 121.6043723, "PassEasyEle": 0.0, "PassEasyParking": 2.0, "PassEasyShower": 2.0, "PassEasyToilet": 6.0, "PassEasyWay": 1.0, "WheelchairAuditorium": 0.0, "disabled": "有無障礙設備" }, "geometry": { "type": "Point", "coordinates": [ 121.6043723, 25.06207216 ] } },
{ "type": "Feature", "properties": { "GymType": "球類運動設施/羽球場館", "Name": "羽球場館", "Addr": "臺北市大同區玉泉里西寧北路32號", "OperationTel": "02-25524890#78", "WebUrl": "http://www.chjh.tp.edu.tw", "Lat": 25.05093037, "Lng": 121.5071113, "PassEasyEle": 0.0, "PassEasyParking": 1.0, "PassEasyShower": 0.0, "PassEasyToilet": 1.0, "PassEasyWay": 1.0, "WheelchairAuditorium": 0.0, "disabled": "有無障礙設備" }, "geometry": { "type": "Point", "coordinates": [ 121.5071113, 25.05093037 ] } },
{ "type": "Feature", "properties": { "GymType": "陸上/射擊運動設施/田徑場", "Name": "大直國小室外田徑場/網球場", "Addr": "臺北市中山區大直里大直街2號", "OperationTel": "02-25333953#21", "WebUrl": "http://www.tzes.tp.edu.tw", "Lat": 25.08046344, "Lng": 121.5461791, "PassEasyEle": 1.0, "PassEasyParking": 0.0, "PassEasyShower": 0.0, "PassEasyToilet": 1.0, "PassEasyWay": 2.0, "WheelchairAuditorium": 0.0, "disabled": "有無障礙設備" }, "geometry": { "type": "Point", "coordinates": [ 121.5461791, 25.08046344 ] } },
{ "type": "Feature", "properties": { "GymType": "球類運動設施/羽球場館", "Name": "三興國民小學活動中心", "Addr": "臺北市信義區景聯里基隆路2段99號", "OperationTel": "02-27364687#123", "WebUrl": "http://www.shps.tp.edu.tw", "Lat": 25.02924768, "Lng": 121.5588284, "PassEasyEle": 1.0, "PassEasyParking": 0.0, "PassEasyShower": 0.0, "PassEasyToilet": 0.0, "PassEasyWay": 0.0, "WheelchairAuditorium": 0.0, "disabled": "有無障礙設備" }, "geometry": { "type": "Point", "coordinates": [ 121.5588284, 25.02924768 ] } },
{ "type": "Feature", "properties": { "GymType": "水上/冰上運動設施/游泳池", "Name": "五常國中活動中心", "Addr": "臺北市中山區下埤里復興北路430巷1號", "OperationTel": "02-25014320#207", "WebUrl": "http://www.wcjhs.tp.edu.tw", "Lat": 25.06352024, "Lng": 121.543352, "PassEasyEle": 1.0, "PassEasyParking": 1.0, "PassEasyShower": 0.0, "PassEasyToilet": 0.0, "PassEasyWay": 3.0, "WheelchairAuditorium": 0.0, "disabled": "有無障礙設備" }, "geometry": { "type": "Point", "coordinates": [ 121.543352, 25.06352024 ] } },
{ "type": "Feature", "properties": { "GymType": "球類運動設施/籃球場館", "Name": "內湖國小操場", "Addr": "臺北市內湖區港富里內湖路二段41號", "OperationTel": "02-27998085", "WebUrl": "http://www.nhes.tp.edu.tw", "Lat": 25.07942693, "Lng": 121.5803754, "PassEasyEle": 0.0, "PassEasyParking": 0.0, "PassEasyShower": 0.0, "PassEasyToilet": 0.0, "PassEasyWay": 0.0, "WheelchairAuditorium": 0.0, "disabled": "無無障礙設備" }, "geometry": { "type": "Point", "coordinates": [ 121.5803754, 25.07942693 ] } },
{ "type": "Feature", "properties": { "GymType": "球類運動設施/籃球場館", "Name": "興雅國中活動中心", "Addr": "臺北市信義區松德路168巷15號", "OperationTel": "02-27232771#330", "WebUrl": "http://www.syajh.tp.edu.tw", "Lat": 25.03630758, "Lng": 121.5717888, "PassEasyEle": 1.0, "PassEasyParking": 0.0, "PassEasyShower": 0.0, "PassEasyToilet": 0.0, "PassEasyWay": 0.0, "WheelchairAuditorium": 0.0, "disabled": "有無障礙設備" }, "geometry": { "type": "Point", "coordinates": [ 121.5717888, 25.03630758 ] } },
{ "type": "Feature", "properties": { "GymType": "球類運動設施/籃球場館", "Name": "內湖國小活動中心", "Addr": "臺北市內湖區港富里內湖路二段41號", "OperationTel": "02-27998085#216", "WebUrl": "http://www.nhes.tp.edu.tw", "Lat": 25.07996462, "Lng": 121.5799141, "PassEasyEle": 1.0, "PassEasyParking": 0.0, "PassEasyShower": 1.0, "PassEasyToilet": 1.0, "PassEasyWay": 1.0, "WheelchairAuditorium": 0.0, "disabled": "有無障礙設備" }, "geometry": { "type": "Point", "coordinates": [ 121.5799141, 25.07996462 ] } },
{ "type": "Feature", "properties": { "GymType": "陸上/射擊運動設施/田徑場", "Name": "臺北市延平國小操場", "Addr": "臺北市大同區昌吉街97號", "OperationTel": "02-25942439#622", "WebUrl": "http://www.ypps.tp.edu.tw", "Lat": 25.06663602, "Lng": 121.5124169, "PassEasyEle": 0.0, "PassEasyParking": 0.0, "PassEasyShower": 0.0, "PassEasyToilet": 1.0, "PassEasyWay": 4.0, "WheelchairAuditorium": 0.0, "disabled": "有無障礙設備" }, "geometry": { "type": "Point", "coordinates": [ 121.5124169, 25.06663602 ] } },
{ "type": "Feature", "properties": { "GymType": "球類運動設施/籃球場館", "Name": "百齡國小活動中心", "Addr": "臺北市士林區福中里福港街205號", "OperationTel": "02-28817683#851", "WebUrl": "http://www.bles.tp.edu.tw", "Lat": 25.08548229, "Lng": 121.51896, "PassEasyEle": 1.0, "PassEasyParking": 1.0, "PassEasyShower": 0.0, "PassEasyToilet": 1.0, "PassEasyWay": 1.0, "WheelchairAuditorium": 0.0, "disabled": "有無障礙設備" }, "geometry": { "type": "Point", "coordinates": [ 121.51896, 25.08548229 ] } },
{ "type": "Feature", "properties": { "GymType": "陸上/射擊運動設施/田徑場", "Name": "碧湖國小操場", "Addr": "臺北市內湖區內湖里金龍路100號", "OperationTel": "02-27907161#133", "WebUrl": "http://www.bhps.tp.edu.tw", "Lat": 25.0842191, "Lng": 121.5914333, "PassEasyEle": 0.0, "PassEasyParking": 0.0, "PassEasyShower": 0.0, "PassEasyToilet": 0.0, "PassEasyWay": 0.0, "WheelchairAuditorium": 0.0, "disabled": "無無障礙設備" }, "geometry": { "type": "Point", "coordinates": [ 121.5914333, 25.0842191 ] } },
{ "type": "Feature", "properties": { "GymType": "水上/冰上運動設施/游泳池", "Name": "社子國小附設游泳池", "Addr": "臺北市士林區永倫里延平北路六段308號", "OperationTel": "02-28126195#821", "WebUrl": "http://www.stps.tp.edu.tw", "Lat": 25.09043779, "Lng": 121.5020245, "PassEasyEle": 0.0, "PassEasyParking": 1.0, "PassEasyShower": 4.0, "PassEasyToilet": 0.0, "PassEasyWay": 1.0, "WheelchairAuditorium": 2.0, "disabled": "有無障礙設備" }, "geometry": { "type": "Point", "coordinates": [ 121.5020245, 25.09043779 ] } },
{ "type": "Feature", "properties": { "GymType": "陸上/射擊運動設施/田徑場", "Name": "社子國小後操場", "Addr": "臺北市士林區永倫里延平北路六段308號", "OperationTel": "02-28126195#821", "WebUrl": "http://www.stps.tp.edu.tw", "Lat": 25.09125883, "Lng": 121.5025073, "PassEasyEle": 0.0, "PassEasyParking": 1.0, "PassEasyShower": 0.0, "PassEasyToilet": 0.0, "PassEasyWay": 0.0, "WheelchairAuditorium": 0.0, "disabled": "有無障礙設備" }, "geometry": { "type": "Point", "coordinates": [ 121.5025073, 25.09125883 ] } },
{ "type": "Feature", "properties": { "GymType": "陸上/射擊運動設施/田徑場", "Name": "舊莊國小後山操場", "Addr": "臺北市南港區舊莊里舊莊街1段100號", "OperationTel": "02-27821418#130", "WebUrl": "http://www.zzes.tp.edu.tw", "Lat": 25.03915122, "Lng": 121.6191273, "PassEasyEle": 0.0, "PassEasyParking": 0.0, "PassEasyShower": 0.0, "PassEasyToilet": 0.0, "PassEasyWay": 1.0, "WheelchairAuditorium": 0.0, "disabled": "有無障礙設備" }, "geometry": { "type": "Point", "coordinates": [ 121.6191273, 25.03915122 ] } },
{ "type": "Feature", "properties": { "GymType": "陸上/射擊運動設施/田徑場", "Name": "明德國小田徑場", "Addr": "臺北市北投區榮華里明德路190號", "OperationTel": "02-28229651#1204", "WebUrl": "http://www.mdes.tp.edu.tw", "Lat": 25.11193842, "Lng": 121.5229297, "PassEasyEle": 1.0, "PassEasyParking": 0.0, "PassEasyShower": 0.0, "PassEasyToilet": 2.0, "PassEasyWay": 4.0, "WheelchairAuditorium": 0.0, "disabled": "有無障礙設備" }, "geometry": { "type": "Point", "coordinates": [ 121.5229297, 25.11193842 ] } },
{ "type": "Feature", "properties": { "GymType": "球類運動設施/網球場館", "Name": "至善國中學生活動中心", "Addr": "臺北市士林區臨溪里至善路2段360號", "OperationTel": "02-28411350#40", "WebUrl": "http://www.jsjh.tp.edu.tw", "Lat": 25.10397207, "Lng": 121.556688, "PassEasyEle": 0.0, "PassEasyParking": 1.0, "PassEasyShower": 1.0, "PassEasyToilet": 1.0, "PassEasyWay": 1.0, "WheelchairAuditorium": 0.0, "disabled": "有無障礙設備" }, "geometry": { "type": "Point", "coordinates": [ 121.556688, 25.10397207 ] } },
{ "type": "Feature", "properties": { "GymType": "水上/冰上運動設施/游泳池", "Name": "萬芳高中游泳池", "Addr": "臺北市文山區興隆路3段115巷1號", "OperationTel": "02-22309585#350", "WebUrl": "http://www.wfsh.tp.edu.tw", "Lat": 25.00112557, "Lng": 121.5582275, "PassEasyEle": 0.0, "PassEasyParking": 1.0, "PassEasyShower": 1.0, "PassEasyToilet": 1.0, "PassEasyWay": 1.0, "WheelchairAuditorium": 0.0, "disabled": "有無障礙設備" }, "geometry": { "type": "Point", "coordinates": [ 121.5582275, 25.00112557 ] } },
{ "type": "Feature", "properties": { "GymType": "球類運動設施/籃球場館", "Name": "螢橋國小活動中心", "Addr": "臺北市中正區螢雪里詔安街29號", "OperationTel": "02-23054620", "WebUrl": "http://www.yces.tp.edu.tw", "Lat": 25.02546117, "Lng": 121.5151727, "PassEasyEle": 1.0, "PassEasyParking": 0.0, "PassEasyShower": 0.0, "PassEasyToilet": 1.0, "PassEasyWay": 1.0, "WheelchairAuditorium": 0.0, "disabled": "有無障礙設備" }, "geometry": { "type": "Point", "coordinates": [ 121.5151727, 25.02546117 ] } },
{ "type": "Feature", "properties": { "GymType": "球類運動設施/籃球場館", "Name": "古亭國中體育館", "Addr": "臺北市中正區中華路2段465號", "OperationTel": "02-23090986#511", "WebUrl": "http://www.ktjh.tp.edu.tw", "Lat": 25.02464456, "Lng": 121.5109563, "PassEasyEle": 1.0, "PassEasyParking": 1.0, "PassEasyShower": 1.0, "PassEasyToilet": 1.0, "PassEasyWay": 1.0, "WheelchairAuditorium": 0.0, "disabled": "有無障礙設備" }, "geometry": { "type": "Point", "coordinates": [ 121.5109563, 25.02464456 ] } },
{ "type": "Feature", "properties": { "GymType": "陸上/射擊運動設施/田徑場", "Name": "劍潭國小操場", "Addr": "臺北市士林區明勝里通河街16號", "OperationTel": "02-28855491#823", "WebUrl": "http://www.jtes.tp.edu.tw", "Lat": 25.07954195, "Lng": 121.5227065, "PassEasyEle": 0.0, "PassEasyParking": 0.0, "PassEasyShower": 0.0, "PassEasyToilet": 0.0, "PassEasyWay": 0.0, "WheelchairAuditorium": 50.0, "disabled": "有無障礙設備" }, "geometry": { "type": "Point", "coordinates": [ 121.5227065, 25.07954195 ] } },
{ "type": "Feature", "properties": { "GymType": "陸上/射擊運動設施/田徑場", "Name": "士東國小田徑場", "Addr": "臺北市士林區蘭雅里中山北路6段392號", "OperationTel": "02-28710064#234", "WebUrl": "http://www.stes.tp.edu.tw", "Lat": 25.11276417, "Lng": 121.5275002, "PassEasyEle": 2.0, "PassEasyParking": 3.0, "PassEasyShower": 1.0, "PassEasyToilet": 1.0, "PassEasyWay": 3.0, "WheelchairAuditorium": 0.0, "disabled": "有無障礙設備" }, "geometry": { "type": "Point", "coordinates": [ 121.5275002, 25.11276417 ] } },
{ "type": "Feature", "properties": { "GymType": "陸上/射擊運動設施/田徑場", "Name": "古亭國中田徑場", "Addr": "臺北市中正區中華路2段465號", "OperationTel": "02-23090986#511", "WebUrl": "http://www.ktjh.tp.edu.tw", "Lat": 25.02484972, "Lng": 121.5107266, "PassEasyEle": 1.0, "PassEasyParking": 1.0, "PassEasyShower": 1.0, "PassEasyToilet": 1.0, "PassEasyWay": 1.0, "WheelchairAuditorium": 0.0, "disabled": "有無障礙設備" }, "geometry": { "type": "Point", "coordinates": [ 121.5107266, 25.02484972 ] } },
{ "type": "Feature", "properties": { "GymType": "球類運動設施/羽球場館", "Name": "明德國小活動中心", "Addr": "臺北市北投區榮華里明德路190號", "OperationTel": "02-28229651#1204", "WebUrl": "http://www.mdes.tp.edu.tw", "Lat": 25.1122833, "Lng": 121.5222698, "PassEasyEle": 1.0, "PassEasyParking": 0.0, "PassEasyShower": 0.0, "PassEasyToilet": 2.0, "PassEasyWay": 3.0, "WheelchairAuditorium": 0.0, "disabled": "有無障礙設備" }, "geometry": { "type": "Point", "coordinates": [ 121.5222698, 25.1122833 ] } },
{ "type": "Feature", "properties": { "GymType": "水上/冰上運動設施/游泳池", "Name": "蓬萊國小綜合體育館", "Addr": "臺北市大同區星明里寧夏路35號", "OperationTel": "02-25569835", "WebUrl": "http://enable.plps.tp.edu.tw/modules/tadnews/", "Lat": 25.05597829, "Lng": 121.5155272, "PassEasyEle": 1.0, "PassEasyParking": 0.0, "PassEasyShower": 1.0, "PassEasyToilet": 1.0, "PassEasyWay": 1.0, "WheelchairAuditorium": 3.0, "disabled": "有無障礙設備" }, "geometry": { "type": "Point", "coordinates": [ 121.5155272, 25.05597829 ] } },
{ "type": "Feature", "properties": { "GymType": "球類運動設施/籃球場館", "Name": "明德國小籃球場", "Addr": "臺北市北投區榮華里明德路190號", "OperationTel": "02-28229651#1204", "WebUrl": "http://www.mdes.tp.edu.tw", "Lat": 25.11160326, "Lng": 121.52253, "PassEasyEle": 1.0, "PassEasyParking": 0.0, "PassEasyShower": 0.0, "PassEasyToilet": 2.0, "PassEasyWay": 2.0, "WheelchairAuditorium": 0.0, "disabled": "有無障礙設備" }, "geometry": { "type": "Point", "coordinates": [ 121.52253, 25.11160326 ] } },
{ "type": "Feature", "properties": { "GymType": "水上/冰上運動設施/游泳池", "Name": "臺北市信義區博愛國民小學", "Addr": "臺北市信義區松仁路95巷20號", "OperationTel": "02-87892525", "WebUrl": "http://www.baps.tp.edu.tw/", "Lat": 25.03624412, "Lng": 121.5706708, "PassEasyEle": 1.0, "PassEasyParking": 0.0, "PassEasyShower": 1.0, "PassEasyToilet": 1.0, "PassEasyWay": 1.0, "WheelchairAuditorium": 0.0, "disabled": "有無障礙設備" }, "geometry": { "type": "Point", "coordinates": [ 121.5706708, 25.03624412 ] } },
{ "type": "Feature", "properties": { "GymType": "陸上/射擊運動設施/田徑場", "Name": "永春國小操場", "Addr": "臺北市信義區永春里松山路225巷48號", "OperationTel": "02-27641314#621", "WebUrl": "http://www.ycps.tp.edu.tw", "Lat": 25.04449704, "Lng": 121.5796021, "PassEasyEle": 0.0, "PassEasyParking": 0.0, "PassEasyShower": 0.0, "PassEasyToilet": 0.0, "PassEasyWay": 0.0, "WheelchairAuditorium": 0.0, "disabled": "無無障礙設備" }, "geometry": { "type": "Point", "coordinates": [ 121.5796021, 25.04449704 ] } },
{ "type": "Feature", "properties": { "GymType": "球類運動設施/籃球場館", "Name": "士東國小籃球場", "Addr": "臺北市士林區蘭雅里中山北路6段392號", "OperationTel": "02-28710064#234", "WebUrl": "http://www.stes.tp.edu.tw", "Lat": 25.11281275, "Lng": 121.5275109, "PassEasyEle": 2.0, "PassEasyParking": 3.0, "PassEasyShower": 1.0, "PassEasyToilet": 1.0, "PassEasyWay": 3.0, "WheelchairAuditorium": 0.0, "disabled": "有無障礙設備" }, "geometry": { "type": "Point", "coordinates": [ 121.5275109, 25.11281275 ] } },
{ "type": "Feature", "properties": { "GymType": "球類運動設施/羽球場館", "Name": "士東國小活動中心", "Addr": "臺北市士林區蘭雅里中山北路6段392號", "OperationTel": "02-28710064#234", "WebUrl": "http://www.stes.tp.edu.tw", "Lat": 25.1127156, "Lng": 121.5275109, "PassEasyEle": 2.0, "PassEasyParking": 3.0, "PassEasyShower": 1.0, "PassEasyToilet": 1.0, "PassEasyWay": 3.0, "WheelchairAuditorium": 0.0, "disabled": "有無障礙設備" }, "geometry": { "type": "Point", "coordinates": [ 121.5275109, 25.1127156 ] } },
{ "type": "Feature", "properties": { "GymType": "水上/冰上運動設施/游泳池", "Name": "士東國小游泳池", "Addr": "臺北市士林區蘭雅里中山北路6段392號", "OperationTel": "02-28710064", "WebUrl": "http://www.stes.tp.edu.tw", "Lat": 25.11268646, "Lng": 121.5274358, "PassEasyEle": 2.0, "PassEasyParking": 3.0, "PassEasyShower": 1.0, "PassEasyToilet": 1.0, "PassEasyWay": 3.0, "WheelchairAuditorium": 0.0, "disabled": "有無障礙設備" }, "geometry": { "type": "Point", "coordinates": [ 121.5274358, 25.11268646 ] } },
{ "type": "Feature", "properties": { "GymType": "陸上/射擊運動設施/環形或直線慢跑場（非田徑場）", "Name": "明道國小環形/直線慢跑道(非田徑場型)", "Addr": "臺北市文山區木柵路2段138巷61號", "OperationTel": "02-29392821#20", "WebUrl": "http://www.mdps.tp.edu.tw", "Lat": 24.98752939, "Lng": 121.5640817, "PassEasyEle": 0.0, "PassEasyParking": 0.0, "PassEasyShower": 0.0, "PassEasyToilet": 1.0, "PassEasyWay": 0.0, "WheelchairAuditorium": 0.0, "disabled": "有無障礙設備" }, "geometry": { "type": "Point", "coordinates": [ 121.5640817, 24.98752939 ] } },
{ "type": "Feature", "properties": { "GymType": "球類運動設施/籃球場館", "Name": "萬福國小籃球場", "Addr": "臺北市文山區羅斯福5段170巷32號", "OperationTel": "02-29353123", "WebUrl": "http://www.wfps.tp.edu.tw", "Lat": 25.0051598, "Lng": 121.5369169, "PassEasyEle": 0.0, "PassEasyParking": 0.0, "PassEasyShower": 1.0, "PassEasyToilet": 1.0, "PassEasyWay": 1.0, "WheelchairAuditorium": 0.0, "disabled": "有無障礙設備" }, "geometry": { "type": "Point", "coordinates": [ 121.5369169, 25.0051598 ] } },
{ "type": "Feature", "properties": { "GymType": "水上/冰上運動設施/游泳池", "Name": "文林國小游泳池", "Addr": "臺北市北投區建民里文林北路155號", "OperationTel": "02-28234212", "WebUrl": "http://www.wles.tp.edu.tw", "Lat": 25.10606086, "Lng": 121.5141964, "PassEasyEle": 0.0, "PassEasyParking": 0.0, "PassEasyShower": 2.0, "PassEasyToilet": 1.0, "PassEasyWay": 1.0, "WheelchairAuditorium": 0.0, "disabled": "有無障礙設備" }, "geometry": { "type": "Point", "coordinates": [ 121.5141964, 25.10606086 ] } },
{ "type": "Feature", "properties": { "GymType": "球類運動設施/籃球場館", "Name": "中正國小活動中心", "Addr": "臺北市中山區力行里龍江路62號", "OperationTel": "02-25070932#124", "WebUrl": "http://web.jjes.tp.edu.tw", "Lat": 25.05020261, "Lng": 121.5392536, "PassEasyEle": 1.0, "PassEasyParking": 1.0, "PassEasyShower": 0.0, "PassEasyToilet": 1.0, "PassEasyWay": 1.0, "WheelchairAuditorium": 0.0, "disabled": "有無障礙設備" }, "geometry": { "type": "Point", "coordinates": [ 121.5392536, 25.05020261 ] } },
{ "type": "Feature", "properties": { "GymType": "球類運動設施/籃球場館", "Name": "桃源國中籃球場", "Addr": "臺北市北投區一德里中央北路4段48號", "OperationTel": "02-28929633#235", "WebUrl": "http://www.tyjh.tp.edu.tw/TYJHenable/", "Lat": 25.13459598, "Lng": 121.4770585, "PassEasyEle": 0.0, "PassEasyParking": 1.0, "PassEasyShower": 0.0, "PassEasyToilet": 0.0, "PassEasyWay": 1.0, "WheelchairAuditorium": 0.0, "disabled": "有無障礙設備" }, "geometry": { "type": "Point", "coordinates": [ 121.4770585, 25.13459598 ] } },
{ "type": "Feature", "properties": { "GymType": "陸上/射擊運動設施/田徑場", "Name": "桃源國中操場", "Addr": "臺北市北投區一德里中央北路4段48號", "OperationTel": "02-28929633#235", "WebUrl": "http://www.tyjh.tp.edu.tw/TYJHenable/", "Lat": 25.13475321, "Lng": 121.4773395, "PassEasyEle": 0.0, "PassEasyParking": 0.0, "PassEasyShower": 0.0, "PassEasyToilet": 0.0, "PassEasyWay": 0.0, "WheelchairAuditorium": 0.0, "disabled": "無無障礙設備" }, "geometry": { "type": "Point", "coordinates": [ 121.4773395, 25.13475321 ] } },
{ "type": "Feature", "properties": { "GymType": "水上/冰上運動設施/游泳池", "Name": "福林國小溫水游泳池", "Addr": "臺北市士林區福志路75號", "OperationTel": "02-28316293", "WebUrl": "http://www.flps.tp.edu.tw/", "Lat": 25.09839045, "Lng": 121.5305203, "PassEasyEle": 0.0, "PassEasyParking": 0.0, "PassEasyShower": 1.0, "PassEasyToilet": 0.0, "PassEasyWay": 1.0, "WheelchairAuditorium": 1.0, "disabled": "有無障礙設備" }, "geometry": { "type": "Point", "coordinates": [ 121.5305203, 25.09839045 ] } },
{ "type": "Feature", "properties": { "GymType": "球類運動設施/籃球場館", "Name": "芝山國小芝星廣場", "Addr": "臺北市士林區芝山里德行東路285號", "OperationTel": "02-28316115#233", "WebUrl": "http://www.zsps.tp.edu.tw", "Lat": 25.1100572, "Lng": 121.5358076, "PassEasyEle": 0.0, "PassEasyParking": 0.0, "PassEasyShower": 0.0, "PassEasyToilet": 2.0, "PassEasyWay": 0.0, "WheelchairAuditorium": 0.0, "disabled": "有無障礙設備" }, "geometry": { "type": "Point", "coordinates": [ 121.5358076, 25.1100572 ] } },
{ "type": "Feature", "properties": { "GymType": "水上/冰上運動設施/游泳池", "Name": "濱江國小采堤游泳館", "Addr": "臺北市中山區樂群二路266巷99號", "OperationTel": "02-85023217", "WebUrl": "http://www.bjes.tp.edu.tw/", "Lat": 25.07814585, "Lng": 121.5616661, "PassEasyEle": 0.0, "PassEasyParking": 0.0, "PassEasyShower": 0.0, "PassEasyToilet": 1.0, "PassEasyWay": 1.0, "WheelchairAuditorium": 0.0, "disabled": "有無障礙設備" }, "geometry": { "type": "Point", "coordinates": [ 121.5616661, 25.07814585 ] } },
{ "type": "Feature", "properties": { "GymType": "水上/冰上運動設施/游泳池", "Name": "山豬窟游泳池館", "Addr": "臺北市 南港區 舊莊街一段290巷32號", "OperationTel": "02-26547412#126", "WebUrl": "http://www.dep.gov.taipei/", "Lat": 25.03250428, "Lng": 121.6244701, "PassEasyEle": 1.0, "PassEasyParking": 1.0, "PassEasyShower": 1.0, "PassEasyToilet": 1.0, "PassEasyWay": 2.0, "WheelchairAuditorium": 0.0, "disabled": "有無障礙設備" }, "geometry": { "type": "Point", "coordinates": [ 121.6244701, 25.03250428 ] } },
{ "type": "Feature", "properties": { "GymType": "球類運動設施/羽球場館", "Name": "羽球場館", "Addr": "臺北市大安區農場里羅斯褔路四段21號", "OperationTel": "02-23639815#13", "WebUrl": "http://www.mhps.tp.edu.tw", "Lat": 25.0140395, "Lng": 121.5356224, "PassEasyEle": 1.0, "PassEasyParking": 0.0, "PassEasyShower": 0.0, "PassEasyToilet": 1.0, "PassEasyWay": 2.0, "WheelchairAuditorium": 0.0, "disabled": "有無障礙設備" }, "geometry": { "type": "Point", "coordinates": [ 121.5356224, 25.0140395 ] } },
{ "type": "Feature", "properties": { "GymType": "水上/冰上運動設施/游泳池", "Name": "大湖國小活動中心暨溫水游泳池", "Addr": "臺北市內湖區大湖里大湖山莊街170號", "OperationTel": "02-27915870#510", "WebUrl": "http://www.dhps.tp.edu.tw", "Lat": 25.0875714, "Lng": 121.6005099, "PassEasyEle": 1.0, "PassEasyParking": 2.0, "PassEasyShower": 0.0, "PassEasyToilet": 4.0, "PassEasyWay": 1.0, "WheelchairAuditorium": 0.0, "disabled": "有無障礙設備" }, "geometry": { "type": "Point", "coordinates": [ 121.6005099, 25.0875714 ] } },
{ "type": "Feature", "properties": { "GymType": "球類運動設施/桌球場館", "Name": "龍安國小活動中心", "Addr": "臺北市大安區龍門里新生南路3段33號", "OperationTel": "02-23632077#724", "WebUrl": "http://www.laes.tp.edu.tw", "Lat": 25.02406786, "Lng": 121.5353429, "PassEasyEle": 1.0, "PassEasyParking": 1.0, "PassEasyShower": 0.0, "PassEasyToilet": 1.0, "PassEasyWay": 1.0, "WheelchairAuditorium": 0.0, "disabled": "有無障礙設備" }, "geometry": { "type": "Point", "coordinates": [ 121.5353429, 25.02406786 ] } },
{ "type": "Feature", "properties": { "GymType": "球類運動設施/籃球場館", "Name": "士林國小籃球場", "Addr": "臺北市士林區福德里大東路165號", "OperationTel": "02-28812231#222", "WebUrl": "http://www.slps.tp.edu.tw", "Lat": 25.09321278, "Lng": 121.5246034, "PassEasyEle": null, "PassEasyParking": null, "PassEasyShower": null, "PassEasyToilet": null, "PassEasyWay": null, "WheelchairAuditorium": null, "disabled": "無無障礙設備" }, "geometry": { "type": "Point", "coordinates": [ 121.5246034, 25.09321278 ] } },
{ "type": "Feature", "properties": { "GymType": "球類運動設施/籃球場館", "Name": "長安國中綜合球場", "Addr": "臺北市中山區興亞里松江路70巷11號", "OperationTel": "02-25112382#309", "WebUrl": "http://www.cajh.tp.edu.tw", "Lat": 25.04941617, "Lng": 121.5319236, "PassEasyEle": 1.0, "PassEasyParking": 1.0, "PassEasyShower": 0.0, "PassEasyToilet": 1.0, "PassEasyWay": 1.0, "WheelchairAuditorium": 0.0, "disabled": "有無障礙設備" }, "geometry": { "type": "Point", "coordinates": [ 121.5319236, 25.04941617 ] } },
{ "type": "Feature", "properties": { "GymType": "陸上/射擊運動設施/田徑場", "Name": "萬福國小田徑場", "Addr": "臺北市文山區羅斯福5段170巷32號", "OperationTel": "02-29353123", "WebUrl": "http://www.wfps.tp.edu.tw", "Lat": 25.00524382, "Lng": 121.5366164, "PassEasyEle": 0.0, "PassEasyParking": 0.0, "PassEasyShower": 1.0, "PassEasyToilet": 1.0, "PassEasyWay": 1.0, "WheelchairAuditorium": 0.0, "disabled": "有無障礙設備" }, "geometry": { "type": "Point", "coordinates": [ 121.5366164, 25.00524382 ] } },
{ "type": "Feature", "properties": { "GymType": "球類運動設施/籃球場館", "Name": "風雨球場", "Addr": "臺北市文山區羅斯福5段170巷32號", "OperationTel": "02-29353123#132", "WebUrl": "http://www.wfps.tp.edu.tw", "Lat": 25.00517576, "Lng": 121.5367291, "PassEasyEle": 0.0, "PassEasyParking": 0.0, "PassEasyShower": 1.0, "PassEasyToilet": 1.0, "PassEasyWay": 1.0, "WheelchairAuditorium": 0.0, "disabled": "有無障礙設備" }, "geometry": { "type": "Point", "coordinates": [ 121.5367291, 25.00517576 ] } },
{ "type": "Feature", "properties": { "GymType": "球類運動設施/籃球場館", "Name": "文林國小活動中心", "Addr": "臺北市北投區建民里文林北路155號", "OperationTel": "02-28234212", "WebUrl": "http://www.wles.tp.edu.tw", "Lat": 25.10600257, "Lng": 121.5141642, "PassEasyEle": 0.0, "PassEasyParking": 2.0, "PassEasyShower": 0.0, "PassEasyToilet": 2.0, "PassEasyWay": 1.0, "WheelchairAuditorium": 0.0, "disabled": "有無障礙設備" }, "geometry": { "type": "Point", "coordinates": [ 121.5141642, 25.10600257 ] } },
{ "type": "Feature", "properties": { "GymType": "陸上/射擊運動設施/田徑場", "Name": "文林國小田徑場", "Addr": "臺北市北投區建民里文林北路155號", "OperationTel": "02-28234212#303", "WebUrl": "http://www.wles.tp.edu.tw", "Lat": 25.10567468, "Lng": 121.5139496, "PassEasyEle": 0.0, "PassEasyParking": 0.0, "PassEasyShower": 0.0, "PassEasyToilet": 1.0, "PassEasyWay": 1.0, "WheelchairAuditorium": 0.0, "disabled": "有無障礙設備" }, "geometry": { "type": "Point", "coordinates": [ 121.5139496, 25.10567468 ] } },
{ "type": "Feature", "properties": { "GymType": "陸上/射擊運動設施/田徑場", "Name": "桃源國小田徑場", "Addr": "臺北市北投區中央北路3段40巷45號", "OperationTel": "02-28941208#124", "WebUrl": "http://www.tyues.tp.edu.tw", "Lat": 25.13965146, "Lng": 121.4833617, "PassEasyEle": 0.0, "PassEasyParking": 0.0, "PassEasyShower": 0.0, "PassEasyToilet": 0.0, "PassEasyWay": 0.0, "WheelchairAuditorium": 0.0, "disabled": "無無障礙設備" }, "geometry": { "type": "Point", "coordinates": [ 121.4833617, 25.13965146 ] } },
{ "type": "Feature", "properties": { "GymType": "球類運動設施/籃球場館", "Name": "景美國小活動中心", "Addr": "臺北市文山區景行里景文街108號", "OperationTel": "02-29322151#123", "WebUrl": "http://www.cmes.tp.edu.tw", "Lat": 24.98904919, "Lng": 121.5399975, "PassEasyEle": 1.0, "PassEasyParking": 0.0, "PassEasyShower": 0.0, "PassEasyToilet": 0.0, "PassEasyWay": 1.0, "WheelchairAuditorium": 0.0, "disabled": "有無障礙設備" }, "geometry": { "type": "Point", "coordinates": [ 121.5399975, 24.98904919 ] } },
{ "type": "Feature", "properties": { "GymType": "球類運動設施/籃球場館", "Name": "景美國小籃球場", "Addr": "臺北市文山區景行里景文街108號", "OperationTel": "02-29322151#123", "WebUrl": "http://www.cmes.tp.edu.tw", "Lat": 24.98931791, "Lng": 121.5404562, "PassEasyEle": 0.0, "PassEasyParking": 0.0, "PassEasyShower": 0.0, "PassEasyToilet": 1.0, "PassEasyWay": 3.0, "WheelchairAuditorium": 0.0, "disabled": "有無障礙設備" }, "geometry": { "type": "Point", "coordinates": [ 121.5404562, 24.98931791 ] } },
{ "type": "Feature", "properties": { "GymType": "球類運動設施/籃球場館", "Name": "信義國中風雨操場", "Addr": "臺北市信義區松仁路158巷1號", "OperationTel": "02-27236771", "WebUrl": "http://www.syijh.tp.edu.tw", "Lat": 25.02919908, "Lng": 121.5671754, "PassEasyEle": 0.0, "PassEasyParking": 0.0, "PassEasyShower": 0.0, "PassEasyToilet": 0.0, "PassEasyWay": 0.0, "WheelchairAuditorium": 0.0, "disabled": "無無障礙設備" }, "geometry": { "type": "Point", "coordinates": [ 121.5671754, 25.02919908 ] } },
{ "type": "Feature", "properties": { "GymType": "球類運動設施/籃球場館", "Name": "萬芳高中學生活動中心", "Addr": "臺北市文山區興隆路3段115巷1號", "OperationTel": "02-22309585#350", "WebUrl": "http://www.wfsh.tp.edu.tw", "Lat": 25.00085817, "Lng": 121.558426, "PassEasyEle": 1.0, "PassEasyParking": 1.0, "PassEasyShower": 0.0, "PassEasyToilet": 1.0, "PassEasyWay": 1.0, "WheelchairAuditorium": 0.0, "disabled": "有無障礙設備" }, "geometry": { "type": "Point", "coordinates": [ 121.558426, 25.00085817 ] } },
{ "type": "Feature", "properties": { "GymType": "陸上/射擊運動設施/田徑場", "Name": "景美國小田徑場", "Addr": "臺北市文山區景行里景文街108號", "OperationTel": "02-29322151#123", "WebUrl": "http://www.cmes.tp.edu.tw", "Lat": 24.98879344, "Lng": 121.5404543, "PassEasyEle": 0.0, "PassEasyParking": 0.0, "PassEasyShower": 0.0, "PassEasyToilet": 0.0, "PassEasyWay": 1.0, "WheelchairAuditorium": 0.0, "disabled": "有無障礙設備" }, "geometry": { "type": "Point", "coordinates": [ 121.5404543, 24.98879344 ] } },
{ "type": "Feature", "properties": { "GymType": "技擊運動設施/跆拳道場", "Name": "信義國中跆拳道場", "Addr": "臺北市信義區松仁路158巷1號", "OperationTel": "02-27236771", "WebUrl": "http://www.syijh.tp.edu.tw", "Lat": 25.02934004, "Lng": 121.5670091, "PassEasyEle": 0.0, "PassEasyParking": 0.0, "PassEasyShower": 0.0, "PassEasyToilet": 0.0, "PassEasyWay": 0.0, "WheelchairAuditorium": 0.0, "disabled": "無無障礙設備" }, "geometry": { "type": "Point", "coordinates": [ 121.5670091, 25.02934004 ] } },
{ "type": "Feature", "properties": { "GymType": "陸上/射擊運動設施/田徑場", "Name": "博嘉國小運動場", "Addr": "臺北市文山區木柵路4段159巷14號之1", "OperationTel": "02-22302585#122", "WebUrl": "http://www.bjps.tp.edu.tw", "Lat": 25.00201527, "Lng": 121.5754795, "PassEasyEle": 0.0, "PassEasyParking": 0.0, "PassEasyShower": 0.0, "PassEasyToilet": 0.0, "PassEasyWay": 0.0, "WheelchairAuditorium": 0.0, "disabled": "無無障礙設備" }, "geometry": { "type": "Point", "coordinates": [ 121.5754795, 25.00201527 ] } },
{ "type": "Feature", "properties": { "GymType": "陸上/射擊運動設施/田徑場", "Name": "萬芳高中田徑場", "Addr": "臺北市文山區興隆路3段115巷1號", "OperationTel": "02-22309585#350", "WebUrl": "http://www.wfsh.tp.edu.tw", "Lat": 25.00203472, "Lng": 121.5593165, "PassEasyEle": 0.0, "PassEasyParking": 0.0, "PassEasyShower": 0.0, "PassEasyToilet": 0.0, "PassEasyWay": 0.0, "WheelchairAuditorium": 0.0, "disabled": "無無障礙設備" }, "geometry": { "type": "Point", "coordinates": [ 121.5593165, 25.00203472 ] } },
{ "type": "Feature", "properties": { "GymType": "球類運動設施/籃球場館", "Name": "西松高中活動中心", "Addr": "臺北市松山區鵬程里健康路325巷7號西南側", "OperationTel": "02-25286618", "WebUrl": "http://www.hssh.tp.edu.tw", "Lat": 25.0550054, "Lng": 121.5661401, "PassEasyEle": 1.0, "PassEasyParking": 2.0, "PassEasyShower": 1.0, "PassEasyToilet": 5.0, "PassEasyWay": 1.0, "WheelchairAuditorium": 0.0, "disabled": "有無障礙設備" }, "geometry": { "type": "Point", "coordinates": [ 121.5661401, 25.0550054 ] } },
{ "type": "Feature", "properties": { "GymType": "陸上/射擊運動設施/田徑場", "Name": "信義國中田徑場", "Addr": "臺北市信義區松仁路158巷1號", "OperationTel": "02-27236771", "WebUrl": "http://www.syijh.tp.edu.tw", "Lat": 25.02961223, "Lng": 121.5678889, "PassEasyEle": 0.0, "PassEasyParking": 0.0, "PassEasyShower": 0.0, "PassEasyToilet": 0.0, "PassEasyWay": 0.0, "WheelchairAuditorium": 0.0, "disabled": "無無障礙設備" }, "geometry": { "type": "Point", "coordinates": [ 121.5678889, 25.02961223 ] } },
{ "type": "Feature", "properties": { "GymType": "水上/冰上運動設施/游泳池", "Name": "北安國中多功能場地", "Addr": "臺北市中山區明水路325號", "OperationTel": "02-25325733", "WebUrl": "http://www.pajh.tp.edu.tw/", "Lat": 25.0790933, "Lng": 121.5424776, "PassEasyEle": 1.0, "PassEasyParking": 1.0, "PassEasyShower": 1.0, "PassEasyToilet": 1.0, "PassEasyWay": 1.0, "WheelchairAuditorium": 0.0, "disabled": "有無障礙設備" }, "geometry": { "type": "Point", "coordinates": [ 121.5424776, 25.0790933 ] } },
{ "type": "Feature", "properties": { "GymType": "水上/冰上運動設施/游泳池", "Name": "景美國小游泳池", "Addr": "臺北市文山區景行里景文街108號", "OperationTel": "02-29322151#123", "WebUrl": "http://www.cmes.tp.edu.tw", "Lat": 24.98878225, "Lng": 121.539976, "PassEasyEle": 1.0, "PassEasyParking": 6.0, "PassEasyShower": 0.0, "PassEasyToilet": 1.0, "PassEasyWay": 0.0, "WheelchairAuditorium": 2.0, "disabled": "有無障礙設備" }, "geometry": { "type": "Point", "coordinates": [ 121.539976, 24.98878225 ] } },
{ "type": "Feature", "properties": { "GymType": "球類運動設施/籃球場館", "Name": "景興國小活動中心", "Addr": "臺北市文山區興安里景華街150巷21號", "OperationTel": "02-29329439#723", "WebUrl": "http://www.chps.tp.edu.tw", "Lat": 24.99652139, "Lng": 121.5482444, "PassEasyEle": 1.0, "PassEasyParking": 1.0, "PassEasyShower": 0.0, "PassEasyToilet": 1.0, "PassEasyWay": 0.0, "WheelchairAuditorium": 0.0, "disabled": "有無障礙設備" }, "geometry": { "type": "Point", "coordinates": [ 121.5482444, 24.99652139 ] } },
{ "type": "Feature", "properties": { "GymType": "球類運動設施/籃球場館", "Name": "?公國中活動中心", "Addr": "臺北市信義區福德街221巷15號", "OperationTel": "02-27261481#401", "WebUrl": "http://www.lkjh.tp.edu.tw", "Lat": 25.03742303, "Lng": 121.5855056, "PassEasyEle": 0.0, "PassEasyParking": 0.0, "PassEasyShower": 0.0, "PassEasyToilet": 0.0, "PassEasyWay": 0.0, "WheelchairAuditorium": 0.0, "disabled": "無無障礙設備" }, "geometry": { "type": "Point", "coordinates": [ 121.5855056, 25.03742303 ] } },
{ "type": "Feature", "properties": { "GymType": "球類運動設施/籃球場館", "Name": "桃源國小籃球場", "Addr": "臺北市北投區中央北路3段40巷45號", "OperationTel": "02-28941208#124", "WebUrl": "http://www.tyues.tp.edu.tw", "Lat": 25.13959804, "Lng": 121.4845043, "PassEasyEle": 0.0, "PassEasyParking": 0.0, "PassEasyShower": 0.0, "PassEasyToilet": 0.0, "PassEasyWay": 0.0, "WheelchairAuditorium": 0.0, "disabled": "無無障礙設備" }, "geometry": { "type": "Point", "coordinates": [ 121.4845043, 25.13959804 ] } },
{ "type": "Feature", "properties": { "GymType": "球類運動設施/羽球場館", "Name": "新生國小活動中心", "Addr": "臺北市大安區新生南路二段36號", "OperationTel": "02-23913122", "WebUrl": "http://www.snes.tp.edu.tw", "Lat": 25.03014204, "Lng": 121.5331006, "PassEasyEle": 1.0, "PassEasyParking": 0.0, "PassEasyShower": 0.0, "PassEasyToilet": 0.0, "PassEasyWay": 0.0, "WheelchairAuditorium": 0.0, "disabled": "有無障礙設備" }, "geometry": { "type": "Point", "coordinates": [ 121.5331006, 25.03014204 ] } },
{ "type": "Feature", "properties": { "GymType": "水上/冰上運動設施/游泳池", "Name": "新生國小游泳池", "Addr": "臺北市大安區新生南路二段36號", "OperationTel": "02-23913122", "WebUrl": "http://www.snes.tp.edu.tw", "Lat": 25.02953932, "Lng": 121.5326232, "PassEasyEle": 1.0, "PassEasyParking": 0.0, "PassEasyShower": 2.0, "PassEasyToilet": 3.0, "PassEasyWay": 0.0, "WheelchairAuditorium": 0.0, "disabled": "有無障礙設備" }, "geometry": { "type": "Point", "coordinates": [ 121.5326232, 25.02953932 ] } },
{ "type": "Feature", "properties": { "GymType": "陸上/射擊運動設施/田徑場", "Name": "田徑場", "Addr": "臺北市大安區新生南路二段36號", "OperationTel": "02-23913122", "WebUrl": "http://www.snes.tp.edu.tw", "Lat": 25.0295296, "Lng": 121.5321511, "PassEasyEle": 0.0, "PassEasyParking": 0.0, "PassEasyShower": 0.0, "PassEasyToilet": 0.0, "PassEasyWay": 2.0, "WheelchairAuditorium": 0.0, "disabled": "有無障礙設備" }, "geometry": { "type": "Point", "coordinates": [ 121.5321511, 25.0295296 ] } },
{ "type": "Feature", "properties": { "GymType": "球類運動設施/籃球場館", "Name": "大安國中活動中心", "Addr": "臺北市大安區大安路2段63號", "OperationTel": "02-27557131#132", "WebUrl": "http://www.tajh.tp.edu.tw", "Lat": 25.02976243, "Lng": 121.5464858, "PassEasyEle": 0.0, "PassEasyParking": 0.0, "PassEasyShower": 0.0, "PassEasyToilet": 0.0, "PassEasyWay": 0.0, "WheelchairAuditorium": 0.0, "disabled": "無無障礙設備" }, "geometry": { "type": "Point", "coordinates": [ 121.5464858, 25.02976243 ] } },
{ "type": "Feature", "properties": { "GymType": "球類運動設施/籃球場館", "Name": "社子國小學生活動中心", "Addr": "臺北市士林區永倫里延平北路六段308號", "OperationTel": "02-28126195#821", "WebUrl": "http://www.stps.tp.edu.tw", "Lat": 25.08999569, "Lng": 121.503489, "PassEasyEle": 1.0, "PassEasyParking": 1.0, "PassEasyShower": 0.0, "PassEasyToilet": 0.0, "PassEasyWay": 1.0, "WheelchairAuditorium": 0.0, "disabled": "有無障礙設備" }, "geometry": { "type": "Point", "coordinates": [ 121.503489, 25.08999569 ] } },
{ "type": "Feature", "properties": { "GymType": "球類運動設施/羽球場館", "Name": "永吉國小風雨操場", "Addr": "臺北市信義區永春里松山路287巷5號", "OperationTel": "02-87858111#640", "WebUrl": "http://www.yhps.tp.edu.tw", "Lat": 25.04336951, "Lng": 121.5797415, "PassEasyEle": 0.0, "PassEasyParking": 0.0, "PassEasyShower": 0.0, "PassEasyToilet": 1.0, "PassEasyWay": 1.0, "WheelchairAuditorium": 0.0, "disabled": "有無障礙設備" }, "geometry": { "type": "Point", "coordinates": [ 121.5797415, 25.04336951 ] } },
{ "type": "Feature", "properties": { "GymType": "球類運動設施/籃球場館", "Name": "內湖國中戶外籃球場", "Addr": "臺北市內湖區紫陽里陽光街1號", "OperationTel": "02-27900843", "WebUrl": "http://www.nhjh.tp.edu.tw", "Lat": 25.07596184, "Lng": 121.5895584, "PassEasyEle": 0.0, "PassEasyParking": 2.0, "PassEasyShower": 0.0, "PassEasyToilet": 1.0, "PassEasyWay": 1.0, "WheelchairAuditorium": 0.0, "disabled": "有無障礙設備" }, "geometry": { "type": "Point", "coordinates": [ 121.5895584, 25.07596184 ] } },
{ "type": "Feature", "properties": { "GymType": "水上/冰上運動設施/游泳池", "Name": "西湖國小活動中心", "Addr": "臺北市內湖區西湖里環山路1段25號", "OperationTel": "02-27971267#142", "WebUrl": "https://www.hhups.tp.edu.tw/nss/p/index", "Lat": 25.08335311, "Lng": 121.5665424, "PassEasyEle": 0.0, "PassEasyParking": 1.0, "PassEasyShower": 0.0, "PassEasyToilet": 1.0, "PassEasyWay": 2.0, "WheelchairAuditorium": 0.0, "disabled": "有無障礙設備" }, "geometry": { "type": "Point", "coordinates": [ 121.5665424, 25.08335311 ] } },
{ "type": "Feature", "properties": { "GymType": "球類運動設施/排球場館", "Name": "五常國小體育館", "Addr": "臺北市中山區下埤里五常街16號", "OperationTel": "02-25023416#825", "WebUrl": "http://www.wcps.tp.edu.tw/enable01/index.php", "Lat": 25.06398309, "Lng": 121.5415442, "PassEasyEle": 1.0, "PassEasyParking": 0.0, "PassEasyShower": 1.0, "PassEasyToilet": 1.0, "PassEasyWay": 1.0, "WheelchairAuditorium": 0.0, "disabled": "有無障礙設備" }, "geometry": { "type": "Point", "coordinates": [ 121.5415442, 25.06398309 ] } },
{ "type": "Feature", "properties": { "GymType": "陸上/射擊運動設施/田徑場", "Name": "明德國中田徑場", "Addr": "臺北市北投區建民里明德路50號", "OperationTel": "02-28232539#605", "WebUrl": "http://www.mdjh.tp.edu.tw", "Lat": 25.10799417, "Lng": 121.5186971, "PassEasyEle": 0.0, "PassEasyParking": 1.0, "PassEasyShower": 0.0, "PassEasyToilet": 1.0, "PassEasyWay": 0.0, "WheelchairAuditorium": 0.0, "disabled": "有無障礙設備" }, "geometry": { "type": "Point", "coordinates": [ 121.5186971, 25.10799417 ] } },
{ "type": "Feature", "properties": { "GymType": "陸上/射擊運動設施/田徑場", "Name": "芳和實中田徑場", "Addr": "臺北市大安區芳和里臥龍街170號", "OperationTel": "02-27321961#304", "WebUrl": "https://www.fhehs.tp.edu.tw/", "Lat": 25.01929266, "Lng": 121.5497571, "PassEasyEle": 0.0, "PassEasyParking": 2.0, "PassEasyShower": 0.0, "PassEasyToilet": 0.0, "PassEasyWay": 1.0, "WheelchairAuditorium": 0.0, "disabled": "有無障礙設備" }, "geometry": { "type": "Point", "coordinates": [ 121.5497571, 25.01929266 ] } },
{ "type": "Feature", "properties": { "GymType": "球類運動設施/排球場館", "Name": "內湖國中戶外排球場", "Addr": "臺北市內湖區紫陽里陽光街1號", "OperationTel": "02-27900843", "WebUrl": "http://www.nhjh.tp.edu.tw", "Lat": 25.07644772, "Lng": 121.5898266, "PassEasyEle": 0.0, "PassEasyParking": 2.0, "PassEasyShower": 0.0, "PassEasyToilet": 1.0, "PassEasyWay": 1.0, "WheelchairAuditorium": 0.0, "disabled": "有無障礙設備" }, "geometry": { "type": "Point", "coordinates": [ 121.5898266, 25.07644772 ] } },
{ "type": "Feature", "properties": { "GymType": "球類運動設施/籃球場館", "Name": "至善國中籃球場", "Addr": "臺北市士林區臨溪里至善路2段360號", "OperationTel": "02-28411350#40", "WebUrl": "http://www.jsjh.tp.edu.tw", "Lat": 25.10381662, "Lng": 121.5569039, "PassEasyEle": 0.0, "PassEasyParking": 1.0, "PassEasyShower": 0.0, "PassEasyToilet": 0.0, "PassEasyWay": 1.0, "WheelchairAuditorium": 0.0, "disabled": "有無障礙設備" }, "geometry": { "type": "Point", "coordinates": [ 121.5569039, 25.10381662 ] } },
{ "type": "Feature", "properties": { "GymType": "球類運動設施/籃球場館", "Name": "萬華國中活動中心", "Addr": "臺北市萬華區日善里西藏路201號", "OperationTel": "02-23394567#133", "WebUrl": "http://www.whjhs.tp.edu.tw", "Lat": 25.02467858, "Lng": 121.4841557, "PassEasyEle": 0.0, "PassEasyParking": 0.0, "PassEasyShower": 0.0, "PassEasyToilet": 1.0, "PassEasyWay": 1.0, "WheelchairAuditorium": 0.0, "disabled": "有無障礙設備" }, "geometry": { "type": "Point", "coordinates": [ 121.4841557, 25.02467858 ] } },
{ "type": "Feature", "properties": { "GymType": "球類運動設施/網球場館", "Name": "至善國中戶外網球場", "Addr": "臺北市士林區臨溪里至善路2段360號", "OperationTel": "02-28411350#40", "WebUrl": "http://www.jsjh.tp.edu.tw", "Lat": 25.10427567, "Lng": 121.5572217, "PassEasyEle": 0.0, "PassEasyParking": 1.0, "PassEasyShower": 0.0, "PassEasyToilet": 0.0, "PassEasyWay": 1.0, "WheelchairAuditorium": 0.0, "disabled": "有無障礙設備" }, "geometry": { "type": "Point", "coordinates": [ 121.5572217, 25.10427567 ] } },
{ "type": "Feature", "properties": { "GymType": "陸上/射擊運動設施/田徑場", "Name": "大佳國小運動場", "Addr": "臺北市中山區大佳里6鄰濱江街107號", "OperationTel": "02-25035816", "WebUrl": "http://www.djes.tp.edu.tw", "Lat": 25.07355914, "Lng": 121.5367913, "PassEasyEle": 0.0, "PassEasyParking": 1.0, "PassEasyShower": 1.0, "PassEasyToilet": 1.0, "PassEasyWay": 1.0, "WheelchairAuditorium": 0.0, "disabled": "有無障礙設備" }, "geometry": { "type": "Point", "coordinates": [ 121.5367913, 25.07355914 ] } },
{ "type": "Feature", "properties": { "GymType": "球類運動設施/籃球場館", "Name": "明德國中體育館", "Addr": "臺北市北投區建民里明德路50號", "OperationTel": "02-28232539#605", "WebUrl": "http://www.mdjh.tp.edu.tw", "Lat": 25.10802574, "Lng": 121.5187454, "PassEasyEle": 0.0, "PassEasyParking": 1.0, "PassEasyShower": 0.0, "PassEasyToilet": 0.0, "PassEasyWay": 1.0, "WheelchairAuditorium": 0.0, "disabled": "有無障礙設備" }, "geometry": { "type": "Point", "coordinates": [ 121.5187454, 25.10802574 ] } },
{ "type": "Feature", "properties": { "GymType": "球類運動設施/籃球場館", "Name": "永安國小風雨球場", "Addr": "臺北市中山區明水路397巷19弄1號", "OperationTel": "02-25335672#223", "WebUrl": "http://web.yaes.tp.edu.tw/front/bin/home.phtml", "Lat": 25.07930222, "Lng": 121.5498483, "PassEasyEle": 0.0, "PassEasyParking": 0.0, "PassEasyShower": 0.0, "PassEasyToilet": 0.0, "PassEasyWay": 0.0, "WheelchairAuditorium": 0.0, "disabled": "無無障礙設備" }, "geometry": { "type": "Point", "coordinates": [ 121.5498483, 25.07930222 ] } },
{ "type": "Feature", "properties": { "GymType": "球類運動設施/籃球場館", "Name": "新民國中活動中心", "Addr": "臺北市北投區林泉里新民路10號", "OperationTel": "02-28979001#350", "WebUrl": "http://www.hmjh.tp.edu.tw", "Lat": 25.13834026, "Lng": 121.5064287, "PassEasyEle": 0.0, "PassEasyParking": 1.0, "PassEasyShower": 0.0, "PassEasyToilet": 0.0, "PassEasyWay": 1.0, "WheelchairAuditorium": 0.0, "disabled": "有無障礙設備" }, "geometry": { "type": "Point", "coordinates": [ 121.5064287, 25.13834026 ] } },
{ "type": "Feature", "properties": { "GymType": "陸上/射擊運動設施/田徑場", "Name": "興雅國中田徑場", "Addr": "臺北市信義區松德路168巷15號", "OperationTel": "02-27232771#330", "WebUrl": "http://www.syajh.tp.edu.tw", "Lat": 25.03505603, "Lng": 121.5722179, "PassEasyEle": 0.0, "PassEasyParking": 0.0, "PassEasyShower": 0.0, "PassEasyToilet": 0.0, "PassEasyWay": 1.0, "WheelchairAuditorium": 0.0, "disabled": "有無障礙設備" }, "geometry": { "type": "Point", "coordinates": [ 121.5722179, 25.03505603 ] } },
{ "type": "Feature", "properties": { "GymType": "陸上/射擊運動設施/田徑場", "Name": "永安田徑場", "Addr": "臺北市中山區明水路397巷19弄1號", "OperationTel": "02-25335672#223", "WebUrl": "http://web.yaes.tp.edu.tw/front/bin/home.phtml", "Lat": 25.07961318, "Lng": 121.5496874, "PassEasyEle": 0.0, "PassEasyParking": 0.0, "PassEasyShower": 0.0, "PassEasyToilet": 0.0, "PassEasyWay": 0.0, "WheelchairAuditorium": 0.0, "disabled": "無無障礙設備" }, "geometry": { "type": "Point", "coordinates": [ 121.5496874, 25.07961318 ] } },
{ "type": "Feature", "properties": { "GymType": "球類運動設施/籃球場館", "Name": "興雅國中籃球場", "Addr": "臺北市信義區松德路168巷15號", "OperationTel": "02-27232771#330", "WebUrl": "http://www.syajh.tp.edu.tw", "Lat": 25.03498555, "Lng": 121.5724567, "PassEasyEle": 0.0, "PassEasyParking": 0.0, "PassEasyShower": 0.0, "PassEasyToilet": 0.0, "PassEasyWay": 1.0, "WheelchairAuditorium": 0.0, "disabled": "有無障礙設備" }, "geometry": { "type": "Point", "coordinates": [ 121.5724567, 25.03498555 ] } },
{ "type": "Feature", "properties": { "GymType": "陸上/射擊運動設施/環形或直線慢跑場（非田徑場）", "Name": "新民國中室外綜合運動場", "Addr": "臺北市北投區林泉里新民路10號", "OperationTel": "02-28979001#350", "WebUrl": "http://www.hmjh.tp.edu.tw", "Lat": 25.13817515, "Lng": 121.5064341, "PassEasyEle": 0.0, "PassEasyParking": 1.0, "PassEasyShower": 0.0, "PassEasyToilet": 0.0, "PassEasyWay": 1.0, "WheelchairAuditorium": 0.0, "disabled": "有無障礙設備" }, "geometry": { "type": "Point", "coordinates": [ 121.5064341, 25.13817515 ] } },
{ "type": "Feature", "properties": { "GymType": "水上/冰上運動設施/游泳池", "Name": "興雅國中游泳館", "Addr": "臺北市信義區松德路168巷15號", "OperationTel": "02-27232771#330", "WebUrl": "http://www.syajh.tp.edu.tw", "Lat": 25.03500256, "Lng": 121.5727383, "PassEasyEle": 0.0, "PassEasyParking": 0.0, "PassEasyShower": 1.0, "PassEasyToilet": 2.0, "PassEasyWay": 0.0, "WheelchairAuditorium": 0.0, "disabled": "有無障礙設備" }, "geometry": { "type": "Point", "coordinates": [ 121.5727383, 25.03500256 ] } },
{ "type": "Feature", "properties": { "GymType": "陸上/射擊運動設施/環形或直線慢跑場（非田徑場）", "Name": "麗湖國小操場", "Addr": "臺北市內湖區金湖路363巷8號", "OperationTel": "(02)26343888#130", "WebUrl": "http://enable.lhes.tp.edu.tw/index.phtml", "Lat": 25.0724513, "Lng": 121.6010571, "PassEasyEle": null, "PassEasyParking": null, "PassEasyShower": null, "PassEasyToilet": null, "PassEasyWay": null, "WheelchairAuditorium": null, "disabled": "無無障礙設備" }, "geometry": { "type": "Point", "coordinates": [ 121.6010571, 25.0724513 ] } },
{ "type": "Feature", "properties": { "GymType": "水上/冰上運動設施/游泳池", "Name": "麗山國小活動中心", "Addr": "臺北市內湖區港都里港華街100號", "OperationTel": "02-26574158#325", "WebUrl": "http://www.lnps.tp.edu.tw", "Lat": 25.0824506, "Lng": 121.5726042, "PassEasyEle": 1.0, "PassEasyParking": 1.0, "PassEasyShower": 4.0, "PassEasyToilet": 4.0, "PassEasyWay": 3.0, "WheelchairAuditorium": 0.0, "disabled": "有無障礙設備" }, "geometry": { "type": "Point", "coordinates": [ 121.5726042, 25.0824506 ] } },
{ "type": "Feature", "properties": { "GymType": "水上/冰上運動設施/游泳池", "Name": "北投區回饋設施洲美運動公園", "Addr": "臺北市 北投區 洲美街271號", "OperationTel": "228360050", "WebUrl": "https://www.ptrip.gov.taipei/Default.aspx", "Lat": 25.11012661, "Lng": 121.499573, "PassEasyEle": 1.0, "PassEasyParking": 8.0, "PassEasyShower": 1.0, "PassEasyToilet": 2.0, "PassEasyWay": 2.0, "WheelchairAuditorium": 0.0, "disabled": "有無障礙設備" }, "geometry": { "type": "Point", "coordinates": [ 121.499573, 25.11012661 ] } },
{ "type": "Feature", "properties": { "GymType": "球類運動設施/羽球場館", "Name": "日新國小體育館", "Addr": "臺北市大同區星明里太原路151號", "OperationTel": "02-25584819#313", "WebUrl": "http://www.zhps.tp.edu.tw", "Lat": 25.05414873, "Lng": 121.5175787, "PassEasyEle": 0.0, "PassEasyParking": 0.0, "PassEasyShower": 0.0, "PassEasyToilet": 0.0, "PassEasyWay": 0.0, "WheelchairAuditorium": 0.0, "disabled": "無無障礙設備" }, "geometry": { "type": "Point", "coordinates": [ 121.5175787, 25.05414873 ] } },
{ "type": "Feature", "properties": { "GymType": "球類運動設施/籃球場館", "Name": "舊莊國小學生活動中心", "Addr": "臺北市南港區舊莊里舊莊街1段100號", "OperationTel": "02-27821418#130", "WebUrl": "http://www.zzes.tp.edu.tw", "Lat": 25.03992608, "Lng": 121.6199452, "PassEasyEle": 1.0, "PassEasyParking": 0.0, "PassEasyShower": 0.0, "PassEasyToilet": 3.0, "PassEasyWay": 1.0, "WheelchairAuditorium": 0.0, "disabled": "有無障礙設備" }, "geometry": { "type": "Point", "coordinates": [ 121.6199452, 25.03992608 ] } },
{ "type": "Feature", "properties": { "GymType": "球類運動設施/籃球場館", "Name": "迪化污水處理廠附設休閒運動公園", "Addr": "臺北市 大同區 酒泉街235號", "OperationTel": "02-25973183#871", "WebUrl": "https://sports.tms.gov.tw/venues/?K=793", "Lat": 25.07371462, "Lng": 121.5102643, "PassEasyEle": 0.0, "PassEasyParking": 3.0, "PassEasyShower": 0.0, "PassEasyToilet": 1.0, "PassEasyWay": 2.0, "WheelchairAuditorium": 0.0, "disabled": "有無障礙設備" }, "geometry": { "type": "Point", "coordinates": [ 121.5102643, 25.07371462 ] } },
{ "type": "Feature", "properties": { "GymType": "陸上/射擊運動設施/環形或直線慢跑場（非田徑場）", "Name": "富安國小操場", "Addr": "臺北市士林區富洲里延平北路8段135號", "OperationTel": "02-28103192#634", "WebUrl": "http://www.fuanps.tp.edu.tw", "Lat": 25.10652133, "Lng": 121.4821168, "PassEasyEle": 0.0, "PassEasyParking": 0.0, "PassEasyShower": 0.0, "PassEasyToilet": 0.0, "PassEasyWay": 1.0, "WheelchairAuditorium": 0.0, "disabled": "有無障礙設備" }, "geometry": { "type": "Point", "coordinates": [ 121.4821168, 25.10652133 ] } },
{ "type": "Feature", "properties": { "GymType": "水上/冰上運動設施/游泳池", "Name": "葫蘆國小游泳池", "Addr": "臺北市士林區環河北路3段95號", "OperationTel": "02-28111155", "WebUrl": "http://www.hrps.tp.edu.tw/", "Lat": 25.08275183, "Lng": 121.5076518, "PassEasyEle": 0.0, "PassEasyParking": 0.0, "PassEasyShower": 2.0, "PassEasyToilet": 2.0, "PassEasyWay": 1.0, "WheelchairAuditorium": 0.0, "disabled": "有無障礙設備" }, "geometry": { "type": "Point", "coordinates": [ 121.5076518, 25.08275183 ] } },
{ "type": "Feature", "properties": { "GymType": "球類運動設施/籃球場館", "Name": "葫蘆國小活動中心", "Addr": "臺北市士林區環河北路3段95號", "OperationTel": "02-28129586#835", "WebUrl": "http://www.hrps.tp.edu.tw", "Lat": 25.08408306, "Lng": 121.5071261, "PassEasyEle": 1.0, "PassEasyParking": 1.0, "PassEasyShower": 0.0, "PassEasyToilet": 1.0, "PassEasyWay": 2.0, "WheelchairAuditorium": 2.0, "disabled": "有無障礙設備" }, "geometry": { "type": "Point", "coordinates": [ 121.5071261, 25.08408306 ] } },
{ "type": "Feature", "properties": { "GymType": "球類運動設施/籃球場館", "Name": "濱江國中體樓", "Addr": "臺北市中山區樂群二路262號", "OperationTel": "02-85020126#301", "WebUrl": "http://www.bjjh.tp.edu.tw", "Lat": 25.0795986, "Lng": 121.5608507, "PassEasyEle": 1.0, "PassEasyParking": 2.0, "PassEasyShower": 1.0, "PassEasyToilet": 1.0, "PassEasyWay": 0.0, "WheelchairAuditorium": 0.0, "disabled": "有無障礙設備" }, "geometry": { "type": "Point", "coordinates": [ 121.5608507, 25.0795986 ] } },
{ "type": "Feature", "properties": { "GymType": "水上/冰上運動設施/游泳池", "Name": "臺北市政府環境保護局木柵垃圾焚化廠回饋設施博嘉運動公園", "Addr": "臺北市 文山區 木柵路4段159巷16號", "OperationTel": "02-22300800#107", "WebUrl": "https://www.mcrip.gov.taipei/", "Lat": 25.0007658, "Lng": 121.5754044, "PassEasyEle": 1.0, "PassEasyParking": 1.0, "PassEasyShower": 1.0, "PassEasyToilet": 1.0, "PassEasyWay": 1.0, "WheelchairAuditorium": 0.0, "disabled": "有無障礙設備" }, "geometry": { "type": "Point", "coordinates": [ 121.5754044, 25.0007658 ] } },
{ "type": "Feature", "properties": { "GymType": "球類運動設施/羽球場館", "Name": "民生國小活動中心", "Addr": "臺北市松山區敦化北路199巷18號", "OperationTel": "02-27122452#821", "WebUrl": "http://www.msps.tp.edu.tw", "Lat": 25.05644835, "Lng": 121.5518385, "PassEasyEle": 0.0, "PassEasyParking": 0.0, "PassEasyShower": 0.0, "PassEasyToilet": 0.0, "PassEasyWay": 0.0, "WheelchairAuditorium": 0.0, "disabled": "無無障礙設備" }, "geometry": { "type": "Point", "coordinates": [ 121.5518385, 25.05644835 ] } },
{ "type": "Feature", "properties": { "GymType": "陸上/射擊運動設施/田徑場", "Name": "民權國小田徑場", "Addr": "臺北市松山區民權東路四段200號", "OperationTel": "02-27652327#634", "WebUrl": "http://www.mqes.tp.edu.tw", "Lat": 25.06203814, "Lng": 121.5608507, "PassEasyEle": 1.0, "PassEasyParking": 0.0, "PassEasyShower": 1.0, "PassEasyToilet": 1.0, "PassEasyWay": 1.0, "WheelchairAuditorium": 0.0, "disabled": "有無障礙設備" }, "geometry": { "type": "Point", "coordinates": [ 121.5608507, 25.06203814 ] } },
{ "type": "Feature", "properties": { "GymType": "陸上/射擊運動設施/田徑場", "Name": "湖山國小操場", "Addr": "臺北市北投區湖山里湖底路11號", "OperationTel": "02-28610148#131", "WebUrl": "http://www.hses.tp.edu.tw", "Lat": 25.15031083, "Lng": 121.5360054, "PassEasyEle": 0.0, "PassEasyParking": 0.0, "PassEasyShower": 0.0, "PassEasyToilet": 1.0, "PassEasyWay": 1.0, "WheelchairAuditorium": 0.0, "disabled": "有無障礙設備" }, "geometry": { "type": "Point", "coordinates": [ 121.5360054, 25.15031083 ] } },
{ "type": "Feature", "properties": { "GymType": "球類運動設施/籃球場館", "Name": "再興中學體育館", "Addr": "臺北市文山區明義里興隆路4段2號", "OperationTel": "02-29366803#123", "WebUrl": "http://www.thsh.tp.edu.tw", "Lat": 24.99045352, "Lng": 121.5589786, "PassEasyEle": null, "PassEasyParking": null, "PassEasyShower": null, "PassEasyToilet": null, "PassEasyWay": null, "WheelchairAuditorium": null, "disabled": "無無障礙設備" }, "geometry": { "type": "Point", "coordinates": [ 121.5589786, 24.99045352 ] } },
{ "type": "Feature", "properties": { "GymType": "陸上/射擊運動設施/田徑場", "Name": "東湖國中田徑場", "Addr": "臺北市內湖區樂康里康樂街131號", "OperationTel": "02-26330373#634", "WebUrl": "http://www.dhjh.tp.edu.tw", "Lat": 25.07266996, "Lng": 121.619854, "PassEasyEle": 0.0, "PassEasyParking": 0.0, "PassEasyShower": 0.0, "PassEasyToilet": 0.0, "PassEasyWay": 1.0, "WheelchairAuditorium": 0.0, "disabled": "有無障礙設備" }, "geometry": { "type": "Point", "coordinates": [ 121.619854, 25.07266996 ] } },
{ "type": "Feature", "properties": { "GymType": "陸上/射擊運動設施/田徑場", "Name": "民生國小操場", "Addr": "臺北市松山區敦化北路199巷18號", "OperationTel": "02-27122452#821", "WebUrl": "http://www.msps.tp.edu.tw", "Lat": 25.05612067, "Lng": 121.5527236, "PassEasyEle": 0.0, "PassEasyParking": 0.0, "PassEasyShower": 0.0, "PassEasyToilet": 0.0, "PassEasyWay": 0.0, "WheelchairAuditorium": 0.0, "disabled": "無無障礙設備" }, "geometry": { "type": "Point", "coordinates": [ 121.5527236, 25.05612067 ] } },
{ "type": "Feature", "properties": { "GymType": "球類運動設施/籃球場館", "Name": "文山特殊教育學校體育館", "Addr": "[116]臺北市文山區秀明路一段169號", "OperationTel": "02-86615183#304", "WebUrl": "http://www.wsses.tp.edu.tw/", "Lat": 24.99191217, "Lng": 121.5671486, "PassEasyEle": 9.0, "PassEasyParking": 2.0, "PassEasyShower": 9.0, "PassEasyToilet": 42.0, "PassEasyWay": 1.0, "WheelchairAuditorium": 18.0, "disabled": "有無障礙設備" }, "geometry": { "type": "Point", "coordinates": [ 121.5671486, 24.99191217 ] } },
{ "type": "Feature", "properties": { "GymType": "陸上/射擊運動設施/田徑場", "Name": "田徑場", "Addr": "臺北市士林區名山里忠義街1號", "OperationTel": "228329700", "WebUrl": "http://www.ynes.tp.edu.tw/", "Lat": 25.10509361, "Lng": 121.5304774, "PassEasyEle": 0.0, "PassEasyParking": 0.0, "PassEasyShower": 0.0, "PassEasyToilet": 0.0, "PassEasyWay": 0.0, "WheelchairAuditorium": 0.0, "disabled": "無無障礙設備" }, "geometry": { "type": "Point", "coordinates": [ 121.5304774, 25.10509361 ] } },
{ "type": "Feature", "properties": { "GymType": "球類運動設施/羽球場館", "Name": "萬大國小活動中心", "Addr": "臺北市萬華區全德里萬大路346號", "OperationTel": "02-23037654#311", "WebUrl": "http://www.wtps.tp.edu.tw", "Lat": 25.02394771, "Lng": 121.4988863, "PassEasyEle": null, "PassEasyParking": null, "PassEasyShower": null, "PassEasyToilet": null, "PassEasyWay": null, "WheelchairAuditorium": null, "disabled": "無無障礙設備" }, "geometry": { "type": "Point", "coordinates": [ 121.4988863, 25.02394771 ] } },
{ "type": "Feature", "properties": { "GymType": "球類運動設施/籃球場館", "Name": "金華國中活動中心", "Addr": "臺北市大安區福住里新生南路2段32號", "OperationTel": "02-33931799", "WebUrl": "http://www.chwjh.tp.edu.tw", "Lat": 25.03141066, "Lng": 121.5329075, "PassEasyEle": 0.0, "PassEasyParking": 2.0, "PassEasyShower": 0.0, "PassEasyToilet": 0.0, "PassEasyWay": 1.0, "WheelchairAuditorium": 0.0, "disabled": "有無障礙設備" }, "geometry": { "type": "Point", "coordinates": [ 121.5329075, 25.03141066 ] } },
{ "type": "Feature", "properties": { "GymType": "球類運動設施/籃球場館", "Name": "石牌國中活動中心1樓室內籃球場", "Addr": "臺北市北投區吉利里石牌路1段139號", "OperationTel": "02-28224682#253", "WebUrl": "http://www.spjh.tp.edu.tw", "Lat": 25.11569797, "Lng": 121.5140784, "PassEasyEle": 1.0, "PassEasyParking": 1.0, "PassEasyShower": 0.0, "PassEasyToilet": 1.0, "PassEasyWay": 1.0, "WheelchairAuditorium": 0.0, "disabled": "有無障礙設備" }, "geometry": { "type": "Point", "coordinates": [ 121.5140784, 25.11569797 ] } },
{ "type": "Feature", "properties": { "GymType": "水上/冰上運動設施/游泳池", "Name": "石牌國中游泳池", "Addr": "臺北市北投區吉利里石牌路1段139號", "OperationTel": "02-28224682#255", "WebUrl": "http://www.spjh.tp.edu.tw", "Lat": 25.11525111, "Lng": 121.5144002, "PassEasyEle": 0.0, "PassEasyParking": 1.0, "PassEasyShower": 0.0, "PassEasyToilet": 1.0, "PassEasyWay": 1.0, "WheelchairAuditorium": 0.0, "disabled": "有無障礙設備" }, "geometry": { "type": "Point", "coordinates": [ 121.5144002, 25.11525111 ] } },
{ "type": "Feature", "properties": { "GymType": "陸上/射擊運動設施/環形或直線慢跑場（非田徑場）", "Name": "石牌國中操場(跑道+人工草皮)", "Addr": "臺北市北投區吉利里石牌路1段139號", "OperationTel": "02-28224682#253", "WebUrl": "http://www.spjh.tp.edu.tw", "Lat": 25.11614969, "Lng": 121.5133113, "PassEasyEle": 0.0, "PassEasyParking": 0.0, "PassEasyShower": 0.0, "PassEasyToilet": 0.0, "PassEasyWay": 0.0, "WheelchairAuditorium": 0.0, "disabled": "無無障礙設備" }, "geometry": { "type": "Point", "coordinates": [ 121.5133113, 25.11614969 ] } },
{ "type": "Feature", "properties": { "GymType": "水上/冰上運動設施/游泳池", "Name": "大安高工游泳池", "Addr": "臺北市大安區龍圖里復興南路2段52號", "OperationTel": "02-27091630#123", "WebUrl": "http://www.taivs.tp.edu.tw", "Lat": 25.03151866, "Lng": 121.5414094, "PassEasyEle": 0.0, "PassEasyParking": 0.0, "PassEasyShower": 0.0, "PassEasyToilet": 0.0, "PassEasyWay": 0.0, "WheelchairAuditorium": 0.0, "disabled": "無無障礙設備" }, "geometry": { "type": "Point", "coordinates": [ 121.5414094, 25.03151866 ] } },
{ "type": "Feature", "properties": { "GymType": "球類運動設施/羽球場館", "Name": "大橋國小活動中心", "Addr": "臺北市大同區隆和里重慶北路3段2號", "OperationTel": "02-25944413", "WebUrl": "http://www.tjps.tp.edu.tw", "Lat": 25.0642054, "Lng": 121.5130726, "PassEasyEle": 1.0, "PassEasyParking": 1.0, "PassEasyShower": 0.0, "PassEasyToilet": 2.0, "PassEasyWay": 1.0, "WheelchairAuditorium": 0.0, "disabled": "有無障礙設備" }, "geometry": { "type": "Point", "coordinates": [ 121.5130726, 25.0642054 ] } },
{ "type": "Feature", "properties": { "GymType": "球類運動設施/籃球場館", "Name": "懷生國中籃球場", "Addr": "臺北市大安區忠孝東路三段248巷30號", "OperationTel": "02-27215078#331", "WebUrl": "http://www.hsjh.tp.edu.tw", "Lat": 25.0399115, "Lng": 121.5411258, "PassEasyEle": 0.0, "PassEasyParking": 0.0, "PassEasyShower": 0.0, "PassEasyToilet": 0.0, "PassEasyWay": 0.0, "WheelchairAuditorium": 0.0, "disabled": "無無障礙設備" }, "geometry": { "type": "Point", "coordinates": [ 121.5411258, 25.0399115 ] } },
{ "type": "Feature", "properties": { "GymType": "陸上/射擊運動設施/田徑場", "Name": "金華國小運動場", "Addr": "臺北市大安區永康里愛國東路79巷11號", "OperationTel": "02-23917402#831", "WebUrl": "http://www.cups.tp.edu.tw", "Lat": 25.03260392, "Lng": 121.5284336, "PassEasyEle": 0.0, "PassEasyParking": 0.0, "PassEasyShower": 0.0, "PassEasyToilet": 0.0, "PassEasyWay": 1.0, "WheelchairAuditorium": 0.0, "disabled": "有無障礙設備" }, "geometry": { "type": "Point", "coordinates": [ 121.5284336, 25.03260392 ] } },
{ "type": "Feature", "properties": { "GymType": "陸上/射擊運動設施/田徑場", "Name": "大安高工田徑場", "Addr": "臺北市大安區龍圖里復興南路2段52號", "OperationTel": "02-27091630#123", "WebUrl": "http://www.taivs.tp.edu.tw", "Lat": 25.03207447, "Lng": 121.54117, "PassEasyEle": 0.0, "PassEasyParking": 0.0, "PassEasyShower": 0.0, "PassEasyToilet": 1.0, "PassEasyWay": 2.0, "WheelchairAuditorium": 0.0, "disabled": "有無障礙設備" }, "geometry": { "type": "Point", "coordinates": [ 121.54117, 25.03207447 ] } },
{ "type": "Feature", "properties": { "GymType": "球類運動設施/籃球場館", "Name": "景興國中活動中心", "Addr": "臺北市文山區景華里景興路46巷2號", "OperationTel": "02-29323794#132", "WebUrl": "http://www.chhs.tp.edu.tw", "Lat": 24.99625884, "Lng": 121.5430194, "PassEasyEle": 1.0, "PassEasyParking": 0.0, "PassEasyShower": 0.0, "PassEasyToilet": 0.0, "PassEasyWay": 1.0, "WheelchairAuditorium": 0.0, "disabled": "有無障礙設備" }, "geometry": { "type": "Point", "coordinates": [ 121.5430194, 24.99625884 ] } },
{ "type": "Feature", "properties": { "GymType": "球類運動設施/籃球場館", "Name": "大安高工學生活動中心", "Addr": "臺北市大安區龍圖里復興南路2段52號", "OperationTel": "02-27091630#123", "WebUrl": "http://www.taivs.tp.edu.tw", "Lat": 25.03195941, "Lng": 121.5416622, "PassEasyEle": 2.0, "PassEasyParking": 0.0, "PassEasyShower": 1.0, "PassEasyToilet": 2.0, "PassEasyWay": 2.0, "WheelchairAuditorium": 0.0, "disabled": "有無障礙設備" }, "geometry": { "type": "Point", "coordinates": [ 121.5416622, 25.03195941 ] } },
{ "type": "Feature", "properties": { "GymType": "球類運動設施/籃球場館", "Name": "關渡國小運動中心", "Addr": "臺北市北投區中央北路4段581號", "OperationTel": "02-28975205", "WebUrl": "http://www.kdps.tp.edu.tw/", "Lat": 25.12660924, "Lng": 121.4662613, "PassEasyEle": 1.0, "PassEasyParking": 2.0, "PassEasyShower": 2.0, "PassEasyToilet": 2.0, "PassEasyWay": 3.0, "WheelchairAuditorium": 1.0, "disabled": "有無障礙設備" }, "geometry": { "type": "Point", "coordinates": [ 121.4662613, 25.12660924 ] } },
{ "type": "Feature", "properties": { "GymType": "陸上/射擊運動設施/田徑場", "Name": "田徑場", "Addr": "臺北市信義區中行里褔德街253號", "OperationTel": "02-27277992#24", "WebUrl": "http://www.fdps.tp.edu.tw", "Lat": 25.03874504, "Lng": 121.5873241, "PassEasyEle": 0.0, "PassEasyParking": 0.0, "PassEasyShower": 0.0, "PassEasyToilet": 0.0, "PassEasyWay": 0.0, "WheelchairAuditorium": 0.0, "disabled": "無無障礙設備" }, "geometry": { "type": "Point", "coordinates": [ 121.5873241, 25.03874504 ] } },
{ "type": "Feature", "properties": { "GymType": "球類運動設施/足球場館", "Name": "北投國中運動場", "Addr": "臺北市北投區溫泉里溫泉路62號", "OperationTel": "02-28912091#304", "WebUrl": "http://www.ptjh.tp.edu.tw", "Lat": 25.13458626, "Lng": 121.5039665, "PassEasyEle": 0.0, "PassEasyParking": 0.0, "PassEasyShower": 0.0, "PassEasyToilet": 0.0, "PassEasyWay": 1.0, "WheelchairAuditorium": 0.0, "disabled": "有無障礙設備" }, "geometry": { "type": "Point", "coordinates": [ 121.5039665, 25.13458626 ] } },
{ "type": "Feature", "properties": { "GymType": "球類運動設施/羽球場館", "Name": "西園國小活動中心", "Addr": "臺北市萬華區東園街73巷65號", "OperationTel": "02-23030257#112", "WebUrl": "http://www.hups.tp.edu.tw", "Lat": 25.02667263, "Lng": 121.4990724, "PassEasyEle": 1.0, "PassEasyParking": 1.0, "PassEasyShower": 0.0, "PassEasyToilet": 0.0, "PassEasyWay": 0.0, "WheelchairAuditorium": 0.0, "disabled": "有無障礙設備" }, "geometry": { "type": "Point", "coordinates": [ 121.4990724, 25.02667263 ] } },
{ "type": "Feature", "properties": { "GymType": "水上/冰上運動設施/游泳池", "Name": "雙園國小溫水游泳池", "Addr": "臺北市萬華區雙園里莒光路315號", "OperationTel": "02-23061893#165", "WebUrl": "http://www.syps.tp.edu.tw", "Lat": 25.02947613, "Lng": 121.4990151, "PassEasyEle": 0.0, "PassEasyParking": 0.0, "PassEasyShower": 1.0, "PassEasyToilet": 1.0, "PassEasyWay": 1.0, "WheelchairAuditorium": 0.0, "disabled": "有無障礙設備" }, "geometry": { "type": "Point", "coordinates": [ 121.4990151, 25.02947613 ] } },
{ "type": "Feature", "properties": { "GymType": "水上/冰上運動設施/游泳池", "Name": "金華國小華樓", "Addr": "臺北市大安區永康里愛國東路79巷11號", "OperationTel": "02-23917402#831", "WebUrl": "http://www.cups.tp.edu.tw/./", "Lat": 25.03261364, "Lng": 121.527881, "PassEasyEle": 0.0, "PassEasyParking": 0.0, "PassEasyShower": 1.0, "PassEasyToilet": 1.0, "PassEasyWay": 2.0, "WheelchairAuditorium": 0.0, "disabled": "有無障礙設備" }, "geometry": { "type": "Point", "coordinates": [ 121.527881, 25.03261364 ] } },
{ "type": "Feature", "properties": { "GymType": "水上/冰上運動設施/游泳池", "Name": "景興國中游泳池", "Addr": "臺北市文山區景華里景興路46巷2號", "OperationTel": "02-29323794#132", "WebUrl": "http://www.chhs.tp.edu.tw", "Lat": 24.99622967, "Lng": 121.5430784, "PassEasyEle": 1.0, "PassEasyParking": 0.0, "PassEasyShower": 0.0, "PassEasyToilet": 1.0, "PassEasyWay": 1.0, "WheelchairAuditorium": 0.0, "disabled": "有無障礙設備" }, "geometry": { "type": "Point", "coordinates": [ 121.5430784, 24.99622967 ] } },
{ "type": "Feature", "properties": { "GymType": "水上/冰上運動設施/游泳池", "Name": "成德國中活動中心", "Addr": "臺北市南港區東新街108巷23號", "OperationTel": "02-27825000", "WebUrl": "http://www.cdjh.tp.edu.tw/", "Lat": 25.04484454, "Lng": 121.5875709, "PassEasyEle": null, "PassEasyParking": null, "PassEasyShower": null, "PassEasyToilet": null, "PassEasyWay": null, "WheelchairAuditorium": null, "disabled": "無無障礙設備" }, "geometry": { "type": "Point", "coordinates": [ 121.5875709, 25.04484454 ] } },
{ "type": "Feature", "properties": { "GymType": "球類運動設施/籃球場館", "Name": "萬興國小運動中心", "Addr": "臺北市文山區秀明路2段114號", "OperationTel": "02-29381721#124", "WebUrl": "http://www.wxes.tp.edu.tw/", "Lat": 24.98940328, "Lng": 121.5764773, "PassEasyEle": 1.0, "PassEasyParking": 5.0, "PassEasyShower": 1.0, "PassEasyToilet": 3.0, "PassEasyWay": 1.0, "WheelchairAuditorium": 0.0, "disabled": "有無障礙設備" }, "geometry": { "type": "Point", "coordinates": [ 121.5764773, 24.98940328 ] } },
{ "type": "Feature", "properties": { "GymType": "水上/冰上運動設施/游泳池", "Name": "敦化國中運動場暨活動中心", "Addr": "臺北市松山區南京東路三段300號", "OperationTel": "02-87717890#250", "WebUrl": "http://www.thjh.tp.edu.tw", "Lat": 25.05149775, "Lng": 121.5467155, "PassEasyEle": 1.0, "PassEasyParking": 0.0, "PassEasyShower": 2.0, "PassEasyToilet": 3.0, "PassEasyWay": 1.0, "WheelchairAuditorium": 0.0, "disabled": "有無障礙設備" }, "geometry": { "type": "Point", "coordinates": [ 121.5467155, 25.05149775 ] } },
{ "type": "Feature", "properties": { "GymType": "水上/冰上運動設施/游泳池", "Name": "龍安國小水資源教室", "Addr": "臺北市大安區龍門里新生南路3段33號", "OperationTel": "02-23632077", "WebUrl": "http://www.laes.tp.edu.tw", "Lat": 25.02326893, "Lng": 121.5357184, "PassEasyEle": 0.0, "PassEasyParking": 0.0, "PassEasyShower": 0.0, "PassEasyToilet": 0.0, "PassEasyWay": 1.0, "WheelchairAuditorium": 0.0, "disabled": "有無障礙設備" }, "geometry": { "type": "Point", "coordinates": [ 121.5357184, 25.02326893 ] } },
{ "type": "Feature", "properties": { "GymType": "球類運動設施/籃球場館", "Name": "平等國小", "Addr": "臺北市士林區平等里平菁街101號", "OperationTel": "02-28610503#821", "WebUrl": "http://www.pdps.tp.edu.tw", "Lat": 25.12878264, "Lng": 121.5763432, "PassEasyEle": 0.0, "PassEasyParking": 0.0, "PassEasyShower": 2.0, "PassEasyToilet": 2.0, "PassEasyWay": 1.0, "WheelchairAuditorium": 0.0, "disabled": "有無障礙設備" }, "geometry": { "type": "Point", "coordinates": [ 121.5763432, 25.12878264 ] } },
{ "type": "Feature", "properties": { "GymType": "球類運動設施/籃球場館", "Name": "仁愛國中活動中心", "Addr": "臺北市大安區敦安里仁愛路4段130號", "OperationTel": "02-23255823#3206", "WebUrl": "http://www.jajh.tp.edu.tw", "Lat": 25.03717516, "Lng": 121.550594, "PassEasyEle": 1.0, "PassEasyParking": 0.0, "PassEasyShower": 3.0, "PassEasyToilet": 3.0, "PassEasyWay": 2.0, "WheelchairAuditorium": 0.0, "disabled": "有無障礙設備" }, "geometry": { "type": "Point", "coordinates": [ 121.550594, 25.03717516 ] } },
{ "type": "Feature", "properties": { "GymType": "球類運動設施/羽球場館", "Name": "龍山國小活動中心", "Addr": "臺北市萬華區青山里和平西路三段235號", "OperationTel": "02-23082977", "WebUrl": "http://www.lses.tp.edu.tw", "Lat": 25.03561498, "Lng": 121.4962363, "PassEasyEle": 1.0, "PassEasyParking": 1.0, "PassEasyShower": 0.0, "PassEasyToilet": 1.0, "PassEasyWay": 1.0, "WheelchairAuditorium": 0.0, "disabled": "有無障礙設備" }, "geometry": { "type": "Point", "coordinates": [ 121.4962363, 25.03561498 ] } },
{ "type": "Feature", "properties": { "GymType": "陸上/射擊運動設施/田徑場", "Name": "田徑場", "Addr": "臺北市萬華區青山里和平西路三段235號", "OperationTel": "02-23082977", "WebUrl": "http://www.lses.tp.edu.tw", "Lat": 25.03603297, "Lng": 121.4963114, "PassEasyEle": 0.0, "PassEasyParking": 1.0, "PassEasyShower": 0.0, "PassEasyToilet": 1.0, "PassEasyWay": 1.0, "WheelchairAuditorium": 0.0, "disabled": "有無障礙設備" }, "geometry": { "type": "Point", "coordinates": [ 121.4963114, 25.03603297 ] } },
{ "type": "Feature", "properties": { "GymType": "陸上/射擊運動設施/田徑場", "Name": "湖田國小操場", "Addr": "臺北市北投區湖田里竹子湖路17之2號", "OperationTel": "02-28616963#37", "WebUrl": "http://www.htes.tp.edu.tw", "Lat": 25.16889522, "Lng": 121.5389514, "PassEasyEle": 0.0, "PassEasyParking": 0.0, "PassEasyShower": 1.0, "PassEasyToilet": 1.0, "PassEasyWay": 1.0, "WheelchairAuditorium": 0.0, "disabled": "有無障礙設備" }, "geometry": { "type": "Point", "coordinates": [ 121.5389514, 25.16889522 ] } },
{ "type": "Feature", "properties": { "GymType": "球類運動設施/籃球場館", "Name": "民族實中體育館", "Addr": "臺北市大安區羅斯福路4段113巷13號", "OperationTel": "02-27322935#236", "WebUrl": "http://www.mtjh.tp.edu.tw", "Lat": 25.01117626, "Lng": 121.5388647, "PassEasyEle": 0.0, "PassEasyParking": 0.0, "PassEasyShower": 0.0, "PassEasyToilet": 2.0, "PassEasyWay": 1.0, "WheelchairAuditorium": 0.0, "disabled": "有無障礙設備" }, "geometry": { "type": "Point", "coordinates": [ 121.5388647, 25.01117626 ] } },
{ "type": "Feature", "properties": { "GymType": "陸上/射擊運動設施/田徑場", "Name": "民族國中田徑場", "Addr": "臺北市大安區羅斯福路4段113巷13號", "OperationTel": "02-27322935", "WebUrl": "http://www.mtjh.tp.edu.tw", "Lat": 25.01045981, "Lng": 121.5386528, "PassEasyEle": 1.0, "PassEasyParking": 2.0, "PassEasyShower": 2.0, "PassEasyToilet": 3.0, "PassEasyWay": 2.0, "WheelchairAuditorium": 0.0, "disabled": "有無障礙設備" }, "geometry": { "type": "Point", "coordinates": [ 121.5386528, 25.01045981 ] } },
{ "type": "Feature", "properties": { "GymType": "球類運動設施/籃球場館", "Name": "溪口國小活動中心", "Addr": "臺北市文山區景慶里景福街225號", "OperationTel": "02-29350955#715", "WebUrl": "http://web.skps.tp.edu.tw/enableweb/", "Lat": 24.99448421, "Lng": 121.5387011, "PassEasyEle": 0.0, "PassEasyParking": 0.0, "PassEasyShower": 0.0, "PassEasyToilet": 0.0, "PassEasyWay": 0.0, "WheelchairAuditorium": 0.0, "disabled": "無無障礙設備" }, "geometry": { "type": "Point", "coordinates": [ 121.5387011, 24.99448421 ] } },
{ "type": "Feature", "properties": { "GymType": "陸上/射擊運動設施/田徑場", "Name": "民族國小操場", "Addr": "臺北市松山區民生東路4段97巷7號", "OperationTel": "02-27124872#929", "WebUrl": "http://enable.mces.tp.edu.tw/front/bin/home.phtml", "Lat": 25.05959386, "Lng": 121.5512162, "PassEasyEle": 0.0, "PassEasyParking": 0.0, "PassEasyShower": 0.0, "PassEasyToilet": 0.0, "PassEasyWay": 0.0, "WheelchairAuditorium": 0.0, "disabled": "無無障礙設備" }, "geometry": { "type": "Point", "coordinates": [ 121.5512162, 25.05959386 ] } },
{ "type": "Feature", "properties": { "GymType": "球類運動設施/籃球場館", "Name": "南門國小籃球場、綜合球場", "Addr": "臺北市中正區南門里廣州街6號", "OperationTel": "02-23715052#304", "WebUrl": "http://www.nmes.tp.edu.tw", "Lat": 25.03500256, "Lng": 121.5087032, "PassEasyEle": 0.0, "PassEasyParking": 0.0, "PassEasyShower": 0.0, "PassEasyToilet": 0.0, "PassEasyWay": 0.0, "WheelchairAuditorium": 0.0, "disabled": "無無障礙設備" }, "geometry": { "type": "Point", "coordinates": [ 121.5087032, 25.03500256 ] } },
{ "type": "Feature", "properties": { "GymType": "球類運動設施/籃球場館", "Name": "溪山國小運動場", "Addr": "臺北市士林區溪山里至善路3段199號", "OperationTel": "02-28411010#115", "WebUrl": "http://www.hops.tp.edu.tw", "Lat": 25.11987512, "Lng": 121.5799588, "PassEasyEle": 0.0, "PassEasyParking": 0.0, "PassEasyShower": 0.0, "PassEasyToilet": 0.0, "PassEasyWay": 1.0, "WheelchairAuditorium": 0.0, "disabled": "有無障礙設備" }, "geometry": { "type": "Point", "coordinates": [ 121.5799588, 25.11987512 ] } },
{ "type": "Feature", "properties": { "GymType": "水上/冰上運動設施/游泳池", "Name": "興雅國小活動中心", "Addr": "臺北市信義區雅祥里基隆路1段83巷9號", "OperationTel": "02-27618156", "WebUrl": "http://www.hyps.tp.edu.tw", "Lat": 25.04680555, "Lng": 121.5699407, "PassEasyEle": 2.0, "PassEasyParking": 0.0, "PassEasyShower": 0.0, "PassEasyToilet": 0.0, "PassEasyWay": 2.0, "WheelchairAuditorium": 0.0, "disabled": "有無障礙設備" }, "geometry": { "type": "Point", "coordinates": [ 121.5699407, 25.04680555 ] } },
{ "type": "Feature", "properties": { "GymType": "球類運動設施/籃球場館", "Name": "芳和實中籃球場", "Addr": "臺北市大安區芳和里臥龍街170號", "OperationTel": "02-27321961#304", "WebUrl": "http://www.fhjhs.tp.edu.tw", "Lat": 25.01824753, "Lng": 121.5500683, "PassEasyEle": 0.0, "PassEasyParking": 0.0, "PassEasyShower": 0.0, "PassEasyToilet": 0.0, "PassEasyWay": 0.0, "WheelchairAuditorium": 0.0, "disabled": "無無障礙設備" }, "geometry": { "type": "Point", "coordinates": [ 121.5500683, 25.01824753 ] } },
{ "type": "Feature", "properties": { "GymType": "競速運動設施/滑輪場/溜冰場", "Name": "南港區四分綠地", "Addr": "臺北市 南港區 研究院路三段68巷8號", "OperationTel": "02-23815132", "WebUrl": "https://parks.taipei/parks/m2/pkl_parks_m2C.php?sid=603", "Lat": 25.03463803, "Lng": 121.6126925, "PassEasyEle": null, "PassEasyParking": null, "PassEasyShower": null, "PassEasyToilet": null, "PassEasyWay": null, "WheelchairAuditorium": null, "disabled": "無無障礙設備" }, "geometry": { "type": "Point", "coordinates": [ 121.6126925, 25.03463803 ] } },
{ "type": "Feature", "properties": { "GymType": "競速運動設施/滑輪場/溜冰場", "Name": "士林區福德綠地溜冰場", "Addr": "臺北市 士林區 重慶北路四段1巷", "OperationTel": "02-23815132", "WebUrl": "https://parks.taipei/parks/m2/pkl_parks_m2C.php?sid=544", "Lat": 25.0792342, "Lng": 121.5119058, "PassEasyEle": 0.0, "PassEasyParking": 0.0, "PassEasyShower": 0.0, "PassEasyToilet": 0.0, "PassEasyWay": 0.0, "WheelchairAuditorium": 0.0, "disabled": "無無障礙設備" }, "geometry": { "type": "Point", "coordinates": [ 121.5119058, 25.0792342 ] } },
{ "type": "Feature", "properties": { "GymType": "球類運動設施/羽球場館", "Name": "內湖區紫陽綠地", "Addr": "臺北市 內湖區 文德路210巷30弄附近", "OperationTel": "02-25702330#6514", "WebUrl": "https://vbs.sports.taipei/venues/", "Lat": 25.07697004, "Lng": 121.5867448, "PassEasyEle": null, "PassEasyParking": null, "PassEasyShower": null, "PassEasyToilet": null, "PassEasyWay": null, "WheelchairAuditorium": null, "disabled": "無無障礙設備" }, "geometry": { "type": "Point", "coordinates": [ 121.5867448, 25.07697004 ] } },
{ "type": "Feature", "properties": { "GymType": "球類運動設施/羽球場館", "Name": "長安國小體育館", "Addr": "臺北市中山區興亞里吉林路15號", "OperationTel": "02-25617600#123", "WebUrl": "http://www.caps.tp.edu.tw", "Lat": 25.05025364, "Lng": 121.5310407, "PassEasyEle": 1.0, "PassEasyParking": 0.0, "PassEasyShower": 0.0, "PassEasyToilet": 1.0, "PassEasyWay": 1.0, "WheelchairAuditorium": 0.0, "disabled": "有無障礙設備" }, "geometry": { "type": "Point", "coordinates": [ 121.5310407, 25.05025364 ] } },
{ "type": "Feature", "properties": { "GymType": "球類運動設施/籃球場館", "Name": "大安森林公園", "Addr": "臺北市 大安區 新生南路2段1號", "OperationTel": "02-25702330#6530", "WebUrl": "https://sports.gov.taipei/", "Lat": 25.03002053, "Lng": 121.5360457, "PassEasyEle": 0.0, "PassEasyParking": 0.0, "PassEasyShower": 0.0, "PassEasyToilet": 0.0, "PassEasyWay": 0.0, "WheelchairAuditorium": 0.0, "disabled": "無無障礙設備" }, "geometry": { "type": "Point", "coordinates": [ 121.5360457, 25.03002053 ] } },
{ "type": "Feature", "properties": { "GymType": "球類運動設施/籃球場館", "Name": "榮星花園公園", "Addr": "臺北市 中山區 民權東路三段1號", "OperationTel": "02-25702330", "WebUrl": "https://sports.gov.taipei/Default.aspx", "Lat": 25.06334595, "Lng": 121.5395862, "PassEasyEle": 0.0, "PassEasyParking": 0.0, "PassEasyShower": 0.0, "PassEasyToilet": 0.0, "PassEasyWay": 0.0, "WheelchairAuditorium": 0.0, "disabled": "無無障礙設備" }, "geometry": { "type": "Point", "coordinates": [ 121.5395862, 25.06334595 ] } },
{ "type": "Feature", "properties": { "GymType": "球類運動設施/足球場館", "Name": "洲美國小運動場", "Addr": "臺北市北投區洲美里洲美街185號", "OperationTel": "(02)28313619", "WebUrl": "http://www.cmps.tp.edu.tw", "Lat": 25.10258276, "Lng": 121.5099263, "PassEasyEle": null, "PassEasyParking": null, "PassEasyShower": null, "PassEasyToilet": null, "PassEasyWay": null, "WheelchairAuditorium": null, "disabled": "無無障礙設備" }, "geometry": { "type": "Point", "coordinates": [ 121.5099263, 25.10258276 ] } },
{ "type": "Feature", "properties": { "GymType": "陸上/射擊運動設施/田徑場", "Name": "田徑場", "Addr": "臺北市內湖區清白里星雲街121號", "OperationTel": "02-27901237#140", "WebUrl": "http://www.klps.tp.edu.tw", "Lat": 25.08008446, "Lng": 121.5949416, "PassEasyEle": null, "PassEasyParking": null, "PassEasyShower": null, "PassEasyToilet": null, "PassEasyWay": null, "WheelchairAuditorium": null, "disabled": "無無障礙設備" }, "geometry": { "type": "Point", "coordinates": [ 121.5949416, 25.08008446 ] } },
{ "type": "Feature", "properties": { "GymType": "球類運動設施/籃球場館", "Name": "東方工商籃球場", "Addr": "臺北市大安區信義路四段186巷8號", "OperationTel": "02-27554616#199", "WebUrl": "http://www.tfvs.tp.edu.tw", "Lat": 25.03219141, "Lng": 121.5512359, "PassEasyEle": 0.0, "PassEasyParking": 0.0, "PassEasyShower": 0.0, "PassEasyToilet": 0.0, "PassEasyWay": 0.0, "WheelchairAuditorium": 0.0, "disabled": "無無障礙設備" }, "geometry": { "type": "Point", "coordinates": [ 121.5512359, 25.03219141 ] } },
{ "type": "Feature", "properties": { "GymType": "球類運動設施/排球場館", "Name": "東方工商排球場", "Addr": "臺北市大安區信義路四段186巷8號", "OperationTel": "02-27554616", "WebUrl": "http://www.tfvs.tp.edu.tw", "Lat": 25.03207616, "Lng": 121.5512037, "PassEasyEle": 0.0, "PassEasyParking": 0.0, "PassEasyShower": 0.0, "PassEasyToilet": 0.0, "PassEasyWay": 0.0, "WheelchairAuditorium": 0.0, "disabled": "無無障礙設備" }, "geometry": { "type": "Point", "coordinates": [ 121.5512037, 25.03207616 ] } },
{ "type": "Feature", "properties": { "GymType": "陸上/射擊運動設施/田徑場", "Name": "中崙高中田徑場", "Addr": "臺北市八德路四段101號", "OperationTel": "02-27535316#304", "WebUrl": "http://www.zlsh.tp.edu.tw/index_redir.jsp?", "Lat": 25.050137, "Lng": 121.5609419, "PassEasyEle": 0.0, "PassEasyParking": 0.0, "PassEasyShower": 0.0, "PassEasyToilet": 1.0, "PassEasyWay": 1.0, "WheelchairAuditorium": 0.0, "disabled": "有無障礙設備" }, "geometry": { "type": "Point", "coordinates": [ 121.5609419, 25.050137 ] } },
{ "type": "Feature", "properties": { "GymType": "水上/冰上運動設施/游泳池", "Name": "中崙高中游泳池", "Addr": "臺北市八德路四段101號", "OperationTel": "02-27535316#304", "WebUrl": "http://www.zlsh.tp.edu.tw/index_redir.jsp?", "Lat": 25.04981139, "Lng": 121.5611726, "PassEasyEle": 0.0, "PassEasyParking": 0.0, "PassEasyShower": 1.0, "PassEasyToilet": 1.0, "PassEasyWay": 1.0, "WheelchairAuditorium": 0.0, "disabled": "有無障礙設備" }, "geometry": { "type": "Point", "coordinates": [ 121.5611726, 25.04981139 ] } },
{ "type": "Feature", "properties": { "GymType": "球類運動設施/羽球場館", "Name": "至善公園羽球場", "Addr": "臺北市 士林區 福林路至善路一段", "OperationTel": "02-25702330#6508", "WebUrl": "https://sports.gov.taipei", "Lat": 25.09842446, "Lng": 121.5379071, "PassEasyEle": 0.0, "PassEasyParking": 0.0, "PassEasyShower": 0.0, "PassEasyToilet": 0.0, "PassEasyWay": 0.0, "WheelchairAuditorium": 0.0, "disabled": "無無障礙設備" }, "geometry": { "type": "Point", "coordinates": [ 121.5379071, 25.09842446 ] } },
{ "type": "Feature", "properties": { "GymType": "球類運動設施/羽球場館", "Name": "景美女中活動中心", "Addr": "臺北市文山區樟新里木新路3段312號", "OperationTel": "02-29368847#339", "WebUrl": "http://web.cmgsh.tp.edu.tw/nss/p/index", "Lat": 24.9827775, "Lng": 121.5562391, "PassEasyEle": 0.0, "PassEasyParking": 0.0, "PassEasyShower": 0.0, "PassEasyToilet": 0.0, "PassEasyWay": 0.0, "WheelchairAuditorium": 0.0, "disabled": "無無障礙設備" }, "geometry": { "type": "Point", "coordinates": [ 121.5562391, 24.9827775 ] } },
{ "type": "Feature", "properties": { "GymType": "陸上/射擊運動設施/田徑場", "Name": "景美女中田徑場", "Addr": "臺北市文山區樟新里木新路3段312號", "OperationTel": "02-29368847#339", "WebUrl": "http://web.cmgsh.tp.edu.tw/nss/p/index", "Lat": 24.98275805, "Lng": 121.5557671, "PassEasyEle": 0.0, "PassEasyParking": 0.0, "PassEasyShower": 0.0, "PassEasyToilet": 0.0, "PassEasyWay": 0.0, "WheelchairAuditorium": 0.0, "disabled": "無無障礙設備" }, "geometry": { "type": "Point", "coordinates": [ 121.5557671, 24.98275805 ] } },
{ "type": "Feature", "properties": { "GymType": "球類運動設施/網球場館", "Name": "景美女中網球場", "Addr": "臺北市文山區樟新里木新路3段312號", "OperationTel": "02-29368847#339", "WebUrl": "http://web.cmgsh.tp.edu.tw/nss/p/index", "Lat": 24.98285044, "Lng": 121.5553433, "PassEasyEle": 0.0, "PassEasyParking": 0.0, "PassEasyShower": 0.0, "PassEasyToilet": 0.0, "PassEasyWay": 0.0, "WheelchairAuditorium": 0.0, "disabled": "無無障礙設備" }, "geometry": { "type": "Point", "coordinates": [ 121.5553433, 24.98285044 ] } },
{ "type": "Feature", "properties": { "GymType": "球類運動設施/排球場館", "Name": "景美女中排球場", "Addr": "臺北市文山區樟新里木新路3段312號", "OperationTel": "02-29368847#339", "WebUrl": "http://web.cmgsh.tp.edu.tw/nss/p/index", "Lat": 24.98250034, "Lng": 121.5554237, "PassEasyEle": 0.0, "PassEasyParking": 0.0, "PassEasyShower": 0.0, "PassEasyToilet": 0.0, "PassEasyWay": 0.0, "WheelchairAuditorium": 0.0, "disabled": "無無障礙設備" }, "geometry": { "type": "Point", "coordinates": [ 121.5554237, 24.98250034 ] } },
{ "type": "Feature", "properties": { "GymType": "球類運動設施/籃球場館", "Name": "景美女中籃球場", "Addr": "臺北市文山區樟新里木新路3段312號", "OperationTel": "02-29368847#339", "WebUrl": "http://web.cmgsh.tp.edu.tw/nss/p/index", "Lat": 24.98280992, "Lng": 121.5554988, "PassEasyEle": 0.0, "PassEasyParking": 0.0, "PassEasyShower": 0.0, "PassEasyToilet": 0.0, "PassEasyWay": 0.0, "WheelchairAuditorium": 0.0, "disabled": "無無障礙設備" }, "geometry": { "type": "Point", "coordinates": [ 121.5554988, 24.98280992 ] } },
{ "type": "Feature", "properties": { "GymType": "球類運動設施/籃球場館", "Name": "華山公園", "Addr": "臺北市 中山區 市民大道2段 與 林森北路 交叉口", "OperationTel": "02-25850192", "WebUrl": "http://pkl.taipei.gov.tw", "Lat": 25.04798473, "Lng": 121.5246892, "PassEasyEle": 0.0, "PassEasyParking": 0.0, "PassEasyShower": 0.0, "PassEasyToilet": 0.0, "PassEasyWay": 0.0, "WheelchairAuditorium": 0.0, "disabled": "無無障礙設備" }, "geometry": { "type": "Point", "coordinates": [ 121.5246892, 25.04798473 ] } },
{ "type": "Feature", "properties": { "GymType": "球類運動設施/籃球場館", "Name": "內湖區石潭公園", "Addr": "臺北市 內湖區 安康路25巷", "OperationTel": "02-25702330", "WebUrl": "https://vbs.sports.taipei/venues/", "Lat": 25.06369412, "Lng": 121.592651, "PassEasyEle": 0.0, "PassEasyParking": 0.0, "PassEasyShower": 0.0, "PassEasyToilet": 0.0, "PassEasyWay": 0.0, "WheelchairAuditorium": 0.0, "disabled": "無無障礙設備" }, "geometry": { "type": "Point", "coordinates": [ 121.592651, 25.06369412 ] } },
{ "type": "Feature", "properties": { "GymType": "球類運動設施/羽球場館", "Name": "多功能活動中心", "Addr": "臺北市文山區萬祥里興隆路1段68號", "OperationTel": "02-29314360#38", "WebUrl": "http://www.wkps.tp.edu.tw", "Lat": 25.00383582, "Lng": 121.5401652, "PassEasyEle": 1.0, "PassEasyParking": 0.0, "PassEasyShower": 1.0, "PassEasyToilet": 1.0, "PassEasyWay": 1.0, "WheelchairAuditorium": 2.0, "disabled": "有無障礙設備" }, "geometry": { "type": "Point", "coordinates": [ 121.5401652, 25.00383582 ] } },
{ "type": "Feature", "properties": { "GymType": "球類運動設施/籃球場館", "Name": "建成公園籃球場", "Addr": "臺北市 大同區 承德路二段35號旁", "OperationTel": "02-25702330", "WebUrl": "https://sports.tms.gov.tw/venues/?K=871", "Lat": 25.05455451, "Lng": 121.5182948, "PassEasyEle": 0.0, "PassEasyParking": 0.0, "PassEasyShower": 0.0, "PassEasyToilet": 0.0, "PassEasyWay": 0.0, "WheelchairAuditorium": 0.0, "disabled": "無無障礙設備" }, "geometry": { "type": "Point", "coordinates": [ 121.5182948, 25.05455451 ] } },
{ "type": "Feature", "properties": { "GymType": "球類運動設施/羽球場館", "Name": "五育館", "Addr": "臺北市文山區景華里景中街27號", "OperationTel": "02-89353130#502", "WebUrl": "http://www.cmjh.tp.edu.tw", "Lat": 24.99342185, "Lng": 121.5426868, "PassEasyEle": 1.0, "PassEasyParking": 2.0, "PassEasyShower": 0.0, "PassEasyToilet": 2.0, "PassEasyWay": 1.0, "WheelchairAuditorium": 0.0, "disabled": "有無障礙設備" }, "geometry": { "type": "Point", "coordinates": [ 121.5426868, 24.99342185 ] } },
{ "type": "Feature", "properties": { "GymType": "球類運動設施/籃球場館", "Name": "興福國中活動中心", "Addr": "臺北市文山區興旺里福興路80號", "OperationTel": "02-29322024#410", "WebUrl": "http://www.hfjh.tp.edu.tw", "Lat": 25.00492741, "Lng": 121.5504974, "PassEasyEle": 1.0, "PassEasyParking": 0.0, "PassEasyShower": 0.0, "PassEasyToilet": 0.0, "PassEasyWay": 1.0, "WheelchairAuditorium": 0.0, "disabled": "有無障礙設備" }, "geometry": { "type": "Point", "coordinates": [ 121.5504974, 25.00492741 ] } },
{ "type": "Feature", "properties": { "GymType": "水上/冰上運動設施/游泳池", "Name": "榮星游泳池", "Addr": "臺北市 中山區 行孝里建國北路三段39號", "OperationTel": "02-25702330#6523", "WebUrl": "https://www.facebook.com/RongXingSwimmingpool", "Lat": 25.06387011, "Lng": 121.5377247, "PassEasyEle": 1.0, "PassEasyParking": 0.0, "PassEasyShower": 1.0, "PassEasyToilet": 1.0, "PassEasyWay": 1.0, "WheelchairAuditorium": 0.0, "disabled": "有無障礙設備" }, "geometry": { "type": "Point", "coordinates": [ 121.5377247, 25.06387011 ] } },
{ "type": "Feature", "properties": { "GymType": "水上/冰上運動設施/游泳池", "Name": "青年公園運動休閒園區", "Addr": "臺北市 萬華區 水源路199號", "OperationTel": "02-23053800", "WebUrl": "https://sports.tms.gov.tw/venues/?K=827", "Lat": 25.02305991, "Lng": 121.5069276, "PassEasyEle": null, "PassEasyParking": null, "PassEasyShower": null, "PassEasyToilet": null, "PassEasyWay": null, "WheelchairAuditorium": null, "disabled": "無無障礙設備" }, "geometry": { "type": "Point", "coordinates": [ 121.5069276, 25.02305991 ] } },
{ "type": "Feature", "properties": { "GymType": "球類運動設施/羽球場館", "Name": "青年公園", "Addr": "臺北市萬華區水源路199號", "OperationTel": "02-25702330#6531", "WebUrl": "https://sports.gov.taipei/Default.aspx", "Lat": 25.02255117, "Lng": 121.5029612, "PassEasyEle": 0.0, "PassEasyParking": 0.0, "PassEasyShower": 0.0, "PassEasyToilet": 0.0, "PassEasyWay": 0.0, "WheelchairAuditorium": 0.0, "disabled": "無無障礙設備" }, "geometry": { "type": "Point", "coordinates": [ 121.5029612, 25.02255117 ] } },
{ "type": "Feature", "properties": { "GymType": "球類運動設施/籃球場館", "Name": "奎山中學運動場", "Addr": "臺北市北投區榮華里明德路200號", "OperationTel": "(02)28212009", "WebUrl": "http://www.ksjh.tp.edu.tw", "Lat": 25.11274474, "Lng": 121.522404, "PassEasyEle": null, "PassEasyParking": null, "PassEasyShower": null, "PassEasyToilet": null, "PassEasyWay": null, "WheelchairAuditorium": null, "disabled": "無無障礙設備" }, "geometry": { "type": "Point", "coordinates": [ 121.522404, 25.11274474 ] } },
{ "type": "Feature", "properties": { "GymType": "球類運動設施/羽球場館", "Name": "城市大學大成館", "Addr": "臺北市北投區學園路2號", "OperationTel": "02-28927154#2501", "WebUrl": "http://www.tpcu.edu.tw", "Lat": 25.1355002, "Lng": 121.4693928, "PassEasyEle": 0.0, "PassEasyParking": 1.0, "PassEasyShower": 0.0, "PassEasyToilet": 1.0, "PassEasyWay": 1.0, "WheelchairAuditorium": 0.0, "disabled": "有無障礙設備" }, "geometry": { "type": "Point", "coordinates": [ 121.4693928, 25.1355002 ] } },
{ "type": "Feature", "properties": { "GymType": "球類運動設施/高爾夫球練習場", "Name": "高爾夫球揮桿練習場", "Addr": "臺北市北投區學園路2號", "OperationTel": "02-28927154#2501", "WebUrl": "http://www.tpcu.edu.tw", "Lat": 25.13378634, "Lng": 121.469378, "PassEasyEle": 0.0, "PassEasyParking": 0.0, "PassEasyShower": 0.0, "PassEasyToilet": 0.0, "PassEasyWay": 0.0, "WheelchairAuditorium": 0.0, "disabled": "無無障礙設備" }, "geometry": { "type": "Point", "coordinates": [ 121.469378, 25.13378634 ] } },
{ "type": "Feature", "properties": { "GymType": "球類運動設施/桌球場館", "Name": "藝文中心桌球室", "Addr": "臺北市北投區學園路2號", "OperationTel": "02-28927154#2501", "WebUrl": "http://www.tpcu.edu.tw", "Lat": 25.1347823, "Lng": 121.4697281, "PassEasyEle": 2.0, "PassEasyParking": 2.0, "PassEasyShower": 0.0, "PassEasyToilet": 2.0, "PassEasyWay": 1.0, "WheelchairAuditorium": 0.0, "disabled": "有無障礙設備" }, "geometry": { "type": "Point", "coordinates": [ 121.4697281, 25.1347823 ] } },
{ "type": "Feature", "properties": { "GymType": "球類運動設施/排球場館", "Name": "排球場", "Addr": "臺北市北投區學園路2號", "OperationTel": "02-28927154#2501", "WebUrl": "http://www.tpcu.edu.tw", "Lat": 25.13517567, "Lng": 121.4693123, "PassEasyEle": 0.0, "PassEasyParking": 1.0, "PassEasyShower": 0.0, "PassEasyToilet": 1.0, "PassEasyWay": 1.0, "WheelchairAuditorium": 0.0, "disabled": "有無障礙設備" }, "geometry": { "type": "Point", "coordinates": [ 121.4693123, 25.13517567 ] } },
{ "type": "Feature", "properties": { "GymType": "陸上/射擊運動設施/田徑場", "Name": "田徑場", "Addr": "臺北市北投區學園路2號", "OperationTel": "02-28927154#2501", "WebUrl": "http://www.tpcu.edu.tw", "Lat": 25.13441794, "Lng": 121.469382, "PassEasyEle": 0.0, "PassEasyParking": 1.0, "PassEasyShower": 0.0, "PassEasyToilet": 1.0, "PassEasyWay": 1.0, "WheelchairAuditorium": 0.0, "disabled": "有無障礙設備" }, "geometry": { "type": "Point", "coordinates": [ 121.469382, 25.13441794 ] } },
{ "type": "Feature", "properties": { "GymType": "球類運動設施/籃球場館", "Name": "籃球場", "Addr": "臺北市北投區學園路2號", "OperationTel": "02-28927154#2501", "WebUrl": "http://www.tpcu.edu.tw", "Lat": 25.13410457, "Lng": 121.4693043, "PassEasyEle": 0.0, "PassEasyParking": 0.0, "PassEasyShower": 0.0, "PassEasyToilet": 0.0, "PassEasyWay": 0.0, "WheelchairAuditorium": 0.0, "disabled": "無無障礙設備" }, "geometry": { "type": "Point", "coordinates": [ 121.4693043, 25.13410457 ] } },
{ "type": "Feature", "properties": { "GymType": "陸上/射擊運動設施/環形或直線慢跑場（非田徑場）", "Name": "環形或直線慢跑場（非田徑場）", "Addr": "臺北市文山區景華里景中街27號", "OperationTel": "02-89353130#501", "WebUrl": "http://www.cmjh.tp.edu.tw", "Lat": 24.99433349, "Lng": 121.5433252, "PassEasyEle": 0.0, "PassEasyParking": 0.0, "PassEasyShower": 0.0, "PassEasyToilet": 0.0, "PassEasyWay": 1.0, "WheelchairAuditorium": 0.0, "disabled": "有無障礙設備" }, "geometry": { "type": "Point", "coordinates": [ 121.5433252, 24.99433349 ] } },
{ "type": "Feature", "properties": { "GymType": "球類運動設施/籃球場館", "Name": "臺北捷運北投會館", "Addr": "臺北市 北投區 大業路527巷88號", "OperationTel": "02-28930105#8306", "WebUrl": "https://btresort.metro.taipei/Default.aspx", "Lat": 25.13462094, "Lng": 121.4838246, "PassEasyEle": 2.0, "PassEasyParking": 6.0, "PassEasyShower": 4.0, "PassEasyToilet": 5.0, "PassEasyWay": 3.0, "WheelchairAuditorium": 0.0, "disabled": "有無障礙設備" }, "geometry": { "type": "Point", "coordinates": [ 121.4838246, 25.13462094 ] } },
{ "type": "Feature", "properties": { "GymType": "球類運動設施/排球場館", "Name": "興雅國中排球場", "Addr": "臺北市信義區松德路168巷15號", "OperationTel": "02-27232771#330", "WebUrl": "http://www.syajh.tp.edu.tw", "Lat": 25.03544, "Lng": 121.5721911, "PassEasyEle": 0.0, "PassEasyParking": 0.0, "PassEasyShower": 0.0, "PassEasyToilet": 0.0, "PassEasyWay": 1.0, "WheelchairAuditorium": 0.0, "disabled": "有無障礙設備" }, "geometry": { "type": "Point", "coordinates": [ 121.5721911, 25.03544 ] } },
{ "type": "Feature", "properties": { "GymType": "球類運動設施/籃球場館", "Name": "興德國小", "Addr": "臺北市文山區興隆路二段235號", "OperationTel": "02-29329431#27", "WebUrl": "http://www.hdps.tp.edu.tw", "Lat": 25.00179649, "Lng": 121.5510276, "PassEasyEle": 0.0, "PassEasyParking": 0.0, "PassEasyShower": 0.0, "PassEasyToilet": 0.0, "PassEasyWay": 0.0, "WheelchairAuditorium": 0.0, "disabled": "無無障礙設備" }, "geometry": { "type": "Point", "coordinates": [ 121.5510276, 25.00179649 ] } },
{ "type": "Feature", "properties": { "GymType": "球類運動設施/籃球場館", "Name": "南港高中活動中心", "Addr": "臺北市南港區西新里向陽路21號", "OperationTel": "02-27837863#245", "WebUrl": "http://www.nksh.tp.edu.tw", "Lat": 25.05228746, "Lng": 121.5942818, "PassEasyEle": 0.0, "PassEasyParking": 1.0, "PassEasyShower": 2.0, "PassEasyToilet": 2.0, "PassEasyWay": 1.0, "WheelchairAuditorium": 0.0, "disabled": "有無障礙設備" }, "geometry": { "type": "Point", "coordinates": [ 121.5942818, 25.05228746 ] } },
{ "type": "Feature", "properties": { "GymType": "陸上/射擊運動設施/田徑場", "Name": "市立格致國中多功能田徑場", "Addr": "臺北市士林區陽明里仰德大道四段75號", "OperationTel": "02-28610079#109", "WebUrl": "http://www.gjjh.tp.edu.tw", "Lat": 25.13099152, "Lng": 121.5454446, "PassEasyEle": 0.0, "PassEasyParking": 0.0, "PassEasyShower": 0.0, "PassEasyToilet": 0.0, "PassEasyWay": 0.0, "WheelchairAuditorium": 0.0, "disabled": "無無障礙設備" }, "geometry": { "type": "Point", "coordinates": [ 121.5454446, 25.13099152 ] } },
{ "type": "Feature", "properties": { "GymType": "球類運動設施/籃球場館", "Name": "市立格致國中綜合籃球場", "Addr": "臺北市士林區陽明里仰德大道四段75號", "OperationTel": "02-28610079#109", "WebUrl": "http://www.gjjh.tp.edu.tw", "Lat": 25.13086964, "Lng": 121.5464429, "PassEasyEle": 0.0, "PassEasyParking": 0.0, "PassEasyShower": 0.0, "PassEasyToilet": 0.0, "PassEasyWay": 0.0, "WheelchairAuditorium": 0.0, "disabled": "無無障礙設備" }, "geometry": { "type": "Point", "coordinates": [ 121.5464429, 25.13086964 ] } },
{ "type": "Feature", "properties": { "GymType": "陸上/射擊運動設施/田徑場", "Name": "北市仁愛國中田徑場", "Addr": "臺北市大安區仁愛路4段130號", "OperationTel": "02-23255823#3206", "WebUrl": "http://www.jajh.tp.edu.tw", "Lat": 25.03748865, "Lng": 121.5508461, "PassEasyEle": 0.0, "PassEasyParking": 0.0, "PassEasyShower": 0.0, "PassEasyToilet": 0.0, "PassEasyWay": 0.0, "WheelchairAuditorium": 0.0, "disabled": "無無障礙設備" }, "geometry": { "type": "Point", "coordinates": [ 121.5508461, 25.03748865 ] } },
{ "type": "Feature", "properties": { "GymType": "陸上/射擊運動設施/田徑場", "Name": "台北市立士林國民中學體育場", "Addr": "臺北市士林區福德里中正路345號", "OperationTel": "02-88613411#330", "WebUrl": "http://www.sljh.tp.edu.tw", "Lat": 25.09351787, "Lng": 121.5228492, "PassEasyEle": 1.0, "PassEasyParking": 1.0, "PassEasyShower": 1.0, "PassEasyToilet": 1.0, "PassEasyWay": 1.0, "WheelchairAuditorium": 0.0, "disabled": "有無障礙設備" }, "geometry": { "type": "Point", "coordinates": [ 121.5228492, 25.09351787 ] } },
{ "type": "Feature", "properties": { "GymType": "陸上/射擊運動設施/田徑場", "Name": "操場(含跑道)", "Addr": "臺北市中正區汀州路二段180號", "OperationTel": "02-23677144", "WebUrl": "http://www.htps.tp.edu.tw", "Lat": 25.0228339, "Lng": 121.5222881, "PassEasyEle": null, "PassEasyParking": null, "PassEasyShower": null, "PassEasyToilet": null, "PassEasyWay": null, "WheelchairAuditorium": null, "disabled": "無無障礙設備" }, "geometry": { "type": "Point", "coordinates": [ 121.5222881, 25.0228339 ] } },
{ "type": "Feature", "properties": { "GymType": "水上/冰上運動設施/游泳池", "Name": "玉成國小游泳館", "Addr": "臺北市南港區西新里向陽路31號", "OperationTel": "02-27836049#133", "WebUrl": "http://www.yhes.tp.edu.tw", "Lat": 25.05383725, "Lng": 121.5941617, "PassEasyEle": 0.0, "PassEasyParking": 1.0, "PassEasyShower": 1.0, "PassEasyToilet": 1.0, "PassEasyWay": 1.0, "WheelchairAuditorium": 0.0, "disabled": "有無障礙設備" }, "geometry": { "type": "Point", "coordinates": [ 121.5941617, 25.05383725 ] } },
{ "type": "Feature", "properties": { "GymType": "陸上/射擊運動設施/田徑場", "Name": "中山國中田徑場", "Addr": "臺北市松山區復興北路361巷7號", "OperationTel": "02-27126701#313", "WebUrl": "http://www.csjhs.tp.edu.tw", "Lat": 25.06060949, "Lng": 121.54553, "PassEasyEle": 0.0, "PassEasyParking": 2.0, "PassEasyShower": 0.0, "PassEasyToilet": 2.0, "PassEasyWay": 2.0, "WheelchairAuditorium": 0.0, "disabled": "有無障礙設備" }, "geometry": { "type": "Point", "coordinates": [ 121.54553, 25.06060949 ] } },
{ "type": "Feature", "properties": { "GymType": "球類運動設施/籃球場館", "Name": "新湖國小籃球場", "Addr": "臺北市內湖區湖興里民權東路6段138號", "OperationTel": "02-27963721", "WebUrl": "http://www.shes.tp.edu.tw", "Lat": 25.06815592, "Lng": 121.5886438, "PassEasyEle": 0.0, "PassEasyParking": 0.0, "PassEasyShower": 0.0, "PassEasyToilet": 1.0, "PassEasyWay": 1.0, "WheelchairAuditorium": 0.0, "disabled": "有無障礙設備" }, "geometry": { "type": "Point", "coordinates": [ 121.5886438, 25.06815592 ] } },
{ "type": "Feature", "properties": { "GymType": "球類運動設施/羽球場館", "Name": "活動中心", "Addr": "臺北市大同區民權里錦西街51號", "OperationTel": "02-25570309#1024", "WebUrl": "http://www.sles.tp.edu.tw", "Lat": 25.06123635, "Lng": 121.5175545, "PassEasyEle": 1.0, "PassEasyParking": 1.0, "PassEasyShower": 0.0, "PassEasyToilet": 1.0, "PassEasyWay": 1.0, "WheelchairAuditorium": 0.0, "disabled": "有無障礙設備" }, "geometry": { "type": "Point", "coordinates": [ 121.5175545, 25.06123635 ] } },
{ "type": "Feature", "properties": { "GymType": "球類運動設施/籃球場館", "Name": "建安國小田徑場", "Addr": "臺北市大安區龍雲里大安路2段99號", "OperationTel": "02-27077119#814", "WebUrl": "http://www.jnps.tp.edu.tw", "Lat": 25.02931573, "Lng": 121.5464816, "PassEasyEle": 0.0, "PassEasyParking": 0.0, "PassEasyShower": 0.0, "PassEasyToilet": 0.0, "PassEasyWay": 0.0, "WheelchairAuditorium": 0.0, "disabled": "無無障礙設備" }, "geometry": { "type": "Point", "coordinates": [ 121.5464816, 25.02931573 ] } },
{ "type": "Feature", "properties": { "GymType": "水上/冰上運動設施/游泳池", "Name": "胡適國小體育館", "Addr": "臺北市南港區中研里舊莊街1段1號", "OperationTel": "02-27824949#922", "WebUrl": "http://www.hsps.tp.edu.tw", "Lat": 25.04219093, "Lng": 121.6174829, "PassEasyEle": 1.0, "PassEasyParking": 0.0, "PassEasyShower": 0.0, "PassEasyToilet": 1.0, "PassEasyWay": 1.0, "WheelchairAuditorium": 0.0, "disabled": "有無障礙設備" }, "geometry": { "type": "Point", "coordinates": [ 121.6174829, 25.04219093 ] } },
{ "type": "Feature", "properties": { "GymType": "陸上/射擊運動設施/田徑場", "Name": "葫蘆國小操場", "Addr": "臺北市士林區環河北路3段95號", "OperationTel": "02-28129586#822", "WebUrl": "http://www.hrps.tp.edu.tw", "Lat": 25.08346117, "Lng": 121.5078878, "PassEasyEle": 2.0, "PassEasyParking": 0.0, "PassEasyShower": 0.0, "PassEasyToilet": 3.0, "PassEasyWay": 2.0, "WheelchairAuditorium": 5.0, "disabled": "有無障礙設備" }, "geometry": { "type": "Point", "coordinates": [ 121.5078878, 25.08346117 ] } },
{ "type": "Feature", "properties": { "GymType": "球類運動設施/籃球場館", "Name": "萬芳國小活動中心", "Addr": "臺北市文山區萬芳里萬和街1號", "OperationTel": "02-22301232", "WebUrl": "http://www.wfes.tp.edu.tw", "Lat": 25.00073176, "Lng": 121.5672129, "PassEasyEle": 0.0, "PassEasyParking": 0.0, "PassEasyShower": 0.0, "PassEasyToilet": 3.0, "PassEasyWay": 1.0, "WheelchairAuditorium": 0.0, "disabled": "有無障礙設備" }, "geometry": { "type": "Point", "coordinates": [ 121.5672129, 25.00073176 ] } },
{ "type": "Feature", "properties": { "GymType": "水上/冰上運動設施/游泳池", "Name": "萬芳國小室外游泳池", "Addr": "臺北市文山區萬芳里萬和街1號", "OperationTel": "02-22301232#824", "WebUrl": "http://www.wfes.tp.edu.tw", "Lat": 25.000908, "Lng": 121.566533, "PassEasyEle": 0.0, "PassEasyParking": 0.0, "PassEasyShower": 0.0, "PassEasyToilet": 1.0, "PassEasyWay": 0.0, "WheelchairAuditorium": 0.0, "disabled": "有無障礙設備" }, "geometry": { "type": "Point", "coordinates": [ 121.566533, 25.000908 ] } },
{ "type": "Feature", "properties": { "GymType": "陸上/射擊運動設施/田徑場", "Name": "北政國中上操場", "Addr": "臺北市文山區指南里指南路3段2巷14號", "OperationTel": "02-29393651#34", "WebUrl": "http://www.pcjh.tp.edu.tw", "Lat": 24.98468966, "Lng": 121.577037, "PassEasyEle": 0.0, "PassEasyParking": 0.0, "PassEasyShower": 0.0, "PassEasyToilet": 0.0, "PassEasyWay": 0.0, "WheelchairAuditorium": 0.0, "disabled": "無無障礙設備" }, "geometry": { "type": "Point", "coordinates": [ 121.577037, 24.98468966 ] } },
{ "type": "Feature", "properties": { "GymType": "陸上/射擊運動設施/環形或直線慢跑場（非田徑場）", "Name": "興福國中運動場", "Addr": "臺北市文山區興旺里福興路80號", "OperationTel": "02-29322024#340", "WebUrl": "http://www.hfjh.tp.edu.tw", "Lat": 25.00501978, "Lng": 121.5506423, "PassEasyEle": 1.0, "PassEasyParking": 1.0, "PassEasyShower": 0.0, "PassEasyToilet": 4.0, "PassEasyWay": 2.0, "WheelchairAuditorium": 0.0, "disabled": "有無障礙設備" }, "geometry": { "type": "Point", "coordinates": [ 121.5506423, 25.00501978 ] } },
{ "type": "Feature", "properties": { "GymType": "水上/冰上運動設施/游泳池", "Name": "龍山國中活動中心", "Addr": "臺北市萬華區富裕里南寧路46號", "OperationTel": "02-23362789#303", "WebUrl": "http://www.lsjh.tp.edu.tw", "Lat": 25.0359309, "Lng": 121.5060929, "PassEasyEle": 0.0, "PassEasyParking": 0.0, "PassEasyShower": 0.0, "PassEasyToilet": 0.0, "PassEasyWay": 1.0, "WheelchairAuditorium": 0.0, "disabled": "有無障礙設備" }, "geometry": { "type": "Point", "coordinates": [ 121.5060929, 25.0359309 ] } },
{ "type": "Feature", "properties": { "GymType": "陸上/射擊運動設施/田徑場", "Name": "龍山國中田徑場", "Addr": "臺北市萬華區富裕里南寧路46號", "OperationTel": "02-23362789#303", "WebUrl": "http://www.lsjh.tp.edu.tw", "Lat": 25.0356733, "Lng": 121.5052818, "PassEasyEle": 0.0, "PassEasyParking": 0.0, "PassEasyShower": 0.0, "PassEasyToilet": 0.0, "PassEasyWay": 0.0, "WheelchairAuditorium": 0.0, "disabled": "無無障礙設備" }, "geometry": { "type": "Point", "coordinates": [ 121.5052818, 25.0356733 ] } },
{ "type": "Feature", "properties": { "GymType": "陸上/射擊運動設施/田徑場", "Name": "力行國小田徑場", "Addr": "臺北市文山區樟腳里木新路3段155巷7號", "OperationTel": "02-29363995#822", "WebUrl": "http://www.lsps.tp.edu.tw", "Lat": 24.98100106, "Lng": 121.5612866, "PassEasyEle": 1.0, "PassEasyParking": 0.0, "PassEasyShower": 0.0, "PassEasyToilet": 4.0, "PassEasyWay": 3.0, "WheelchairAuditorium": 0.0, "disabled": "有無障礙設備" }, "geometry": { "type": "Point", "coordinates": [ 121.5612866, 24.98100106 ] } },
{ "type": "Feature", "properties": { "GymType": "球類運動設施/籃球場館", "Name": "興福國中內操場", "Addr": "臺北市文山區興旺里福興路80號", "OperationTel": "02-29322024#340", "WebUrl": "http://www.hfjh.tp.edu.tw", "Lat": 25.00501978, "Lng": 121.5502882, "PassEasyEle": 1.0, "PassEasyParking": 1.0, "PassEasyShower": 0.0, "PassEasyToilet": 4.0, "PassEasyWay": 1.0, "WheelchairAuditorium": 0.0, "disabled": "有無障礙設備" }, "geometry": { "type": "Point", "coordinates": [ 121.5502882, 25.00501978 ] } },
{ "type": "Feature", "properties": { "GymType": "球類運動設施/羽球場館", "Name": "武揚館", "Addr": "臺北市北投區一德里中央北路4段48號", "OperationTel": "02-28929633#243", "WebUrl": "http://www.tyjh.tp.edu.tw/TYJHenable/", "Lat": 25.1347611, "Lng": 121.4774166, "PassEasyEle": 0.0, "PassEasyParking": 1.0, "PassEasyShower": 0.0, "PassEasyToilet": 1.0, "PassEasyWay": 1.0, "WheelchairAuditorium": 0.0, "disabled": "有無障礙設備" }, "geometry": { "type": "Point", "coordinates": [ 121.4774166, 25.1347611 ] } },
{ "type": "Feature", "properties": { "GymType": "水上/冰上運動設施/游泳池", "Name": "螢橋國小游泳池", "Addr": "臺北市中正區螢雪里詔安街29號", "OperationTel": "02-23054620", "WebUrl": "http://www.yces.tp.edu.tw", "Lat": 25.02516953, "Lng": 121.5149367, "PassEasyEle": 0.0, "PassEasyParking": 0.0, "PassEasyShower": 2.0, "PassEasyToilet": 1.0, "PassEasyWay": 0.0, "WheelchairAuditorium": 0.0, "disabled": "有無障礙設備" }, "geometry": { "type": "Point", "coordinates": [ 121.5149367, 25.02516953 ] } },
{ "type": "Feature", "properties": { "GymType": "球類運動設施/籃球場館", "Name": "台北市立雙溪國小籃球場", "Addr": "臺北市士林區翠山里中社路2段66號", "OperationTel": "02-28411038#14", "WebUrl": "http://www.sses.tp.edu.tw", "Lat": 25.10606086, "Lng": 121.5639246, "PassEasyEle": 0.0, "PassEasyParking": 0.0, "PassEasyShower": 0.0, "PassEasyToilet": 0.0, "PassEasyWay": 0.0, "WheelchairAuditorium": 0.0, "disabled": "無無障礙設備" }, "geometry": { "type": "Point", "coordinates": [ 121.5639246, 25.10606086 ] } },
{ "type": "Feature", "properties": { "GymType": "球類運動設施/網球場館", "Name": "西湖國中網球場", "Addr": "臺北市內湖區西湖里環山路1段27號", "OperationTel": "02-27991817#215", "WebUrl": "http://www.xhjhs.tp.edu.tw", "Lat": 25.08611389, "Lng": 121.5657967, "PassEasyEle": 0.0, "PassEasyParking": 0.0, "PassEasyShower": 0.0, "PassEasyToilet": 0.0, "PassEasyWay": 0.0, "WheelchairAuditorium": 0.0, "disabled": "無無障礙設備" }, "geometry": { "type": "Point", "coordinates": [ 121.5657967, 25.08611389 ] } },
{ "type": "Feature", "properties": { "GymType": "陸上/射擊運動設施/田徑場", "Name": "臺北市立弘道國民中學操場", "Addr": "臺北市中正區公園路21號", "OperationTel": "02-23715520#320", "WebUrl": "http://www.htjh.tp.edu.tw", "Lat": 25.03802571, "Lng": 121.5156448, "PassEasyEle": 0.0, "PassEasyParking": 0.0, "PassEasyShower": 0.0, "PassEasyToilet": 0.0, "PassEasyWay": 1.0, "WheelchairAuditorium": 0.0, "disabled": "有無障礙設備" }, "geometry": { "type": "Point", "coordinates": [ 121.5156448, 25.03802571 ] } },
{ "type": "Feature", "properties": { "GymType": "球類運動設施/籃球場館", "Name": "臺北市立實踐國中活動中心", "Addr": "臺北市文山區樟林里辛亥路七段67號", "OperationTel": "02-22362857#150", "WebUrl": "http://www.sjjh.tp.edu.tw", "Lat": 24.98342988, "Lng": 121.5547782, "PassEasyEle": 1.0, "PassEasyParking": 1.0, "PassEasyShower": 0.0, "PassEasyToilet": 1.0, "PassEasyWay": 1.0, "WheelchairAuditorium": 0.0, "disabled": "有無障礙設備" }, "geometry": { "type": "Point", "coordinates": [ 121.5547782, 24.98342988 ] } },
{ "type": "Feature", "properties": { "GymType": "球類運動設施/羽球場館", "Name": "仁愛國小活動中心", "Addr": "臺北市安和路1段60號", "OperationTel": "02-27095010#411", "WebUrl": "http://www.japs.tp.edu.tw", "Lat": 25.03590703, "Lng": 121.5507013, "PassEasyEle": 0.0, "PassEasyParking": 1.0, "PassEasyShower": 0.0, "PassEasyToilet": 1.0, "PassEasyWay": 2.0, "WheelchairAuditorium": 0.0, "disabled": "有無障礙設備" }, "geometry": { "type": "Point", "coordinates": [ 121.5507013, 25.03590703 ] } },
{ "type": "Feature", "properties": { "GymType": "球類運動設施/網球場館", "Name": "新興國中網球場", "Addr": "臺北市中山區聚葉里林森北路511號", "OperationTel": "02-25714211", "WebUrl": "http://www.hhjh.tp.edu.tw/xxjh2007/", "Lat": 25.06212075, "Lng": 121.5271086, "PassEasyEle": 0.0, "PassEasyParking": 0.0, "PassEasyShower": 0.0, "PassEasyToilet": 0.0, "PassEasyWay": 0.0, "WheelchairAuditorium": 0.0, "disabled": "無無障礙設備" }, "geometry": { "type": "Point", "coordinates": [ 121.5271086, 25.06212075 ] } },
{ "type": "Feature", "properties": { "GymType": "球類運動設施/籃球場館", "Name": "新興國中室外籃球場", "Addr": "臺北市中山區聚葉里林森北路511號", "OperationTel": "02-25714211", "WebUrl": "http://www.hhjh.tp.edu.tw/xxjh2007/", "Lat": 25.06163968, "Lng": 121.5270817, "PassEasyEle": 0.0, "PassEasyParking": 0.0, "PassEasyShower": 0.0, "PassEasyToilet": 0.0, "PassEasyWay": 0.0, "WheelchairAuditorium": 0.0, "disabled": "無無障礙設備" }, "geometry": { "type": "Point", "coordinates": [ 121.5270817, 25.06163968 ] } },
{ "type": "Feature", "properties": { "GymType": "陸上/射擊運動設施/田徑場", "Name": "新興國中操場", "Addr": "臺北市中山區聚葉里林森北路511號", "OperationTel": "02-25714211", "WebUrl": "http://www.hhjh.tp.edu.tw/xxjh2007/", "Lat": 25.06171257, "Lng": 121.5264219, "PassEasyEle": 0.0, "PassEasyParking": 0.0, "PassEasyShower": 0.0, "PassEasyToilet": 0.0, "PassEasyWay": 0.0, "WheelchairAuditorium": 0.0, "disabled": "無無障礙設備" }, "geometry": { "type": "Point", "coordinates": [ 121.5264219, 25.06171257 ] } },
{ "type": "Feature", "properties": { "GymType": "球類運動設施/籃球場館", "Name": "弘道國中活動中心", "Addr": "臺北市中正區公園路21號", "OperationTel": "02-23715520#320", "WebUrl": "http://www.htjh.tp.edu.tw", "Lat": 25.03749108, "Lng": 121.5152907, "PassEasyEle": 1.0, "PassEasyParking": 2.0, "PassEasyShower": 1.0, "PassEasyToilet": 1.0, "PassEasyWay": 1.0, "WheelchairAuditorium": 1.0, "disabled": "有無障礙設備" }, "geometry": { "type": "Point", "coordinates": [ 121.5152907, 25.03749108 ] } },
{ "type": "Feature", "properties": { "GymType": "球類運動設施/高爾夫球練習場", "Name": "大誠高中高爾夫簡易練習場", "Addr": "臺北市文山區萬興里秀明路2段175號", "OperationTel": "02-22348989#34", "WebUrl": "http://www.tcsh.tp.edu.tw", "Lat": 24.99095433, "Lng": 121.5783307, "PassEasyEle": 1.0, "PassEasyParking": 1.0, "PassEasyShower": 0.0, "PassEasyToilet": 2.0, "PassEasyWay": 1.0, "WheelchairAuditorium": 0.0, "disabled": "有無障礙設備" }, "geometry": { "type": "Point", "coordinates": [ 121.5783307, 24.99095433 ] } },
{ "type": "Feature", "properties": { "GymType": "球類運動設施/籃球場館", "Name": "東湖國小操場", "Addr": "臺北市內湖區東湖里東湖路115號", "OperationTel": "02-26339984#832", "WebUrl": "http://w3.dfps.tp.edu.tw", "Lat": 25.06876331, "Lng": 121.6158441, "PassEasyEle": 1.0, "PassEasyParking": 0.0, "PassEasyShower": 0.0, "PassEasyToilet": 1.0, "PassEasyWay": 1.0, "WheelchairAuditorium": 0.0, "disabled": "有無障礙設備" }, "geometry": { "type": "Point", "coordinates": [ 121.6158441, 25.06876331 ] } },
{ "type": "Feature", "properties": { "GymType": "陸上/射擊運動設施/田徑場", "Name": "東吳大學雙溪校區田徑場", "Addr": "臺北市士林區臨溪路70號", "OperationTel": "02-28819471#5606", "WebUrl": "http://www.scu.edu.tw/physical/", "Lat": 25.09520605, "Lng": 121.5456319, "PassEasyEle": null, "PassEasyParking": null, "PassEasyShower": null, "PassEasyToilet": null, "PassEasyWay": null, "WheelchairAuditorium": null, "disabled": "無無障礙設備" }, "geometry": { "type": "Point", "coordinates": [ 121.5456319, 25.09520605 ] } },
{ "type": "Feature", "properties": { "GymType": "水上/冰上運動設施/游泳池", "Name": "新生公園游泳池", "Addr": "臺北市 中山區 新生北路三段105號", "OperationTel": "02-25702330#6654", "WebUrl": null, "Lat": 25.0686286, "Lng": 121.5295898, "PassEasyEle": 2.0, "PassEasyParking": 0.0, "PassEasyShower": 2.0, "PassEasyToilet": 2.0, "PassEasyWay": 2.0, "WheelchairAuditorium": 0.0, "disabled": "有無障礙設備" }, "geometry": { "type": "Point", "coordinates": [ 121.5295898, 25.0686286 ] } },
{ "type": "Feature", "properties": { "GymType": "球類運動設施/網球場館", "Name": "新生公園網球場", "Addr": "臺北市中山區新生北路3段105號", "OperationTel": "02-25956489", "WebUrl": null, "Lat": 25.06849499, "Lng": 121.5317453, "PassEasyEle": null, "PassEasyParking": null, "PassEasyShower": null, "PassEasyToilet": null, "PassEasyWay": null, "WheelchairAuditorium": null, "disabled": "無無障礙設備" }, "geometry": { "type": "Point", "coordinates": [ 121.5317453, 25.06849499 ] } },
{ "type": "Feature", "properties": { "GymType": "陸上/射擊運動設施/田徑場", "Name": "臺北市雙蓮國小操場", "Addr": "臺北市大同區民權里錦西街51號", "OperationTel": "02-25570309#1024", "WebUrl": "http://www.sles.tp.edu.tw", "Lat": 25.06071153, "Lng": 121.5172112, "PassEasyEle": 0.0, "PassEasyParking": 1.0, "PassEasyShower": 0.0, "PassEasyToilet": 1.0, "PassEasyWay": 1.0, "WheelchairAuditorium": 0.0, "disabled": "有無障礙設備" }, "geometry": { "type": "Point", "coordinates": [ 121.5172112, 25.06071153 ] } },
{ "type": "Feature", "properties": { "GymType": "球類運動設施/籃球場館", "Name": "臺北市雙蓮國小籃球場", "Addr": "臺北市大同區民權里錦西街51號", "OperationTel": "02-25570309#1024", "WebUrl": "http://x-hack.sles.tp.edu.tw/", "Lat": 25.06126065, "Lng": 121.5170342, "PassEasyEle": 0.0, "PassEasyParking": 1.0, "PassEasyShower": 0.0, "PassEasyToilet": 1.0, "PassEasyWay": 1.0, "WheelchairAuditorium": 0.0, "disabled": "有無障礙設備" }, "geometry": { "type": "Point", "coordinates": [ 121.5170342, 25.06126065 ] } },
{ "type": "Feature", "properties": { "GymType": "球類運動設施/籃球場館", "Name": "南港國民小學活動中心", "Addr": "臺北市南港區三重里惠民街67號", "OperationTel": "02-27834678", "WebUrl": "http://www.nkps.tp.edu.tw", "Lat": 25.05722243, "Lng": 121.6105843, "PassEasyEle": 2.0, "PassEasyParking": 1.0, "PassEasyShower": 0.0, "PassEasyToilet": 3.0, "PassEasyWay": 2.0, "WheelchairAuditorium": 0.0, "disabled": "有無障礙設備" }, "geometry": { "type": "Point", "coordinates": [ 121.6105843, 25.05722243 ] } },
{ "type": "Feature", "properties": { "GymType": "水上/冰上運動設施/游泳池", "Name": "游泳健身館", "Addr": "臺北市北投區立農街二段155號", "OperationTel": "02-28206000", "WebUrl": "http://pe.web.ym.edu.tw/front/bin/home.phtml", "Lat": 25.1228816, "Lng": 121.5108222, "PassEasyEle": 1.0, "PassEasyParking": 2.0, "PassEasyShower": 2.0, "PassEasyToilet": 2.0, "PassEasyWay": 1.0, "WheelchairAuditorium": 1.0, "disabled": "有無障礙設備" }, "geometry": { "type": "Point", "coordinates": [ 121.5108222, 25.1228816 ] } },
{ "type": "Feature", "properties": { "GymType": "陸上/射擊運動設施/田徑場", "Name": "操場", "Addr": "臺北市內湖區東湖里康寧路3段105號", "OperationTel": "02-26323477", "WebUrl": "http://www.mhups.tp.edu.tw", "Lat": 25.071195, "Lng": 121.611583, "PassEasyEle": 0.0, "PassEasyParking": 0.0, "PassEasyShower": 0.0, "PassEasyToilet": 0.0, "PassEasyWay": 0.0, "WheelchairAuditorium": 0.0, "disabled": "無無障礙設備" }, "geometry": { "type": "Point", "coordinates": [ 121.611583, 25.071195 ] } },
{ "type": "Feature", "properties": { "GymType": "球類運動設施/籃球場館", "Name": "福星國小活動中心", "Addr": "臺北市萬華區福星里中華路一段66號", "OperationTel": "02-23144668#125", "WebUrl": "http://www.fhps.tp.edu.tw", "Lat": 25.04683471, "Lng": 121.5079281, "PassEasyEle": 1.0, "PassEasyParking": 0.0, "PassEasyShower": 0.0, "PassEasyToilet": 0.0, "PassEasyWay": 1.0, "WheelchairAuditorium": 0.0, "disabled": "有無障礙設備" }, "geometry": { "type": "Point", "coordinates": [ 121.5079281, 25.04683471 ] } },
{ "type": "Feature", "properties": { "GymType": "球類運動設施/籃球場館", "Name": "戶外籃球場", "Addr": "臺北市內湖區康寧路三段75巷137號", "OperationTel": "02-26321181#451", "WebUrl": "http://www.ukn.edu.tw/ukn/index.html", "Lat": 25.07674653, "Lng": 121.6105843, "PassEasyEle": 0.0, "PassEasyParking": 0.0, "PassEasyShower": 0.0, "PassEasyToilet": 0.0, "PassEasyWay": 1.0, "WheelchairAuditorium": 0.0, "disabled": "有無障礙設備" }, "geometry": { "type": "Point", "coordinates": [ 121.6105843, 25.07674653 ] } },
{ "type": "Feature", "properties": { "GymType": "球類運動設施/排球場館", "Name": "實踐國小活動中心", "Addr": "臺北市文山區樟文里忠順街1段4號", "OperationTel": "02-29360725#135", "WebUrl": "http://www.zjps.tp.edu.tw", "Lat": 24.98295255, "Lng": 121.557945, "PassEasyEle": 0.0, "PassEasyParking": 0.0, "PassEasyShower": 1.0, "PassEasyToilet": 1.0, "PassEasyWay": 0.0, "WheelchairAuditorium": 0.0, "disabled": "有無障礙設備" }, "geometry": { "type": "Point", "coordinates": [ 121.557945, 24.98295255 ] } },
{ "type": "Feature", "properties": { "GymType": "球類運動設施/籃球場館", "Name": "木柵國小活動中心（3F）", "Addr": "臺北市文山區木柵路三段191號", "OperationTel": "02-29391234#634", "WebUrl": "http://www.mjes.tp.edu.tw/", "Lat": 24.9904207, "Lng": 121.5702023, "PassEasyEle": 0.0, "PassEasyParking": 0.0, "PassEasyShower": 0.0, "PassEasyToilet": 0.0, "PassEasyWay": 0.0, "WheelchairAuditorium": 0.0, "disabled": "無無障礙設備" }, "geometry": { "type": "Point", "coordinates": [ 121.5702023, 24.9904207 ] } },
{ "type": "Feature", "properties": { "GymType": "球類運動設施/羽球場館", "Name": "陽明山國小活動中心", "Addr": "臺北市士林區新安里仰德大道3段61號", "OperationTel": "02-28616366", "WebUrl": "http://www.ymps.tp.edu.tw", "Lat": 25.11987026, "Lng": 121.5528417, "PassEasyEle": 0.0, "PassEasyParking": 0.0, "PassEasyShower": 0.0, "PassEasyToilet": 0.0, "PassEasyWay": 0.0, "WheelchairAuditorium": 0.0, "disabled": "無無障礙設備" }, "geometry": { "type": "Point", "coordinates": [ 121.5528417, 25.11987026 ] } },
{ "type": "Feature", "properties": { "GymType": "陸上/射擊運動設施/田徑場", "Name": "太平國小操場", "Addr": "臺北市大同區南芳里延平北路2段239號", "OperationTel": "02-25532229", "WebUrl": "http://www.tpes.tp.edu.tw", "Lat": 25.06205594, "Lng": 121.5126064, "PassEasyEle": 0.0, "PassEasyParking": 0.0, "PassEasyShower": 0.0, "PassEasyToilet": 0.0, "PassEasyWay": 0.0, "WheelchairAuditorium": 0.0, "disabled": "無無障礙設備" }, "geometry": { "type": "Point", "coordinates": [ 121.5126064, 25.06205594 ] } },
{ "type": "Feature", "properties": { "GymType": "陸上/射擊運動設施/環形或直線慢跑場（非田徑場）", "Name": "福安國中戶外運動場", "Addr": "臺北市士林區福安里延平北路7段250號", "OperationTel": "02-28108766#141", "WebUrl": "http://www.fajh.tp.edu.tw", "Lat": 25.10281593, "Lng": 121.4885759, "PassEasyEle": 0.0, "PassEasyParking": 1.0, "PassEasyShower": 0.0, "PassEasyToilet": 2.0, "PassEasyWay": 2.0, "WheelchairAuditorium": 0.0, "disabled": "有無障礙設備" }, "geometry": { "type": "Point", "coordinates": [ 121.4885759, 25.10281593 ] } },
{ "type": "Feature", "properties": { "GymType": "陸上/射擊運動設施/田徑場", "Name": "關渡國中多功能球場(籃球場)", "Addr": "臺北市北投區關渡里知行路212號", "OperationTel": "02-28581770#31", "WebUrl": null, "Lat": 25.11987881, "Lng": 121.4676279, "PassEasyEle": 0.0, "PassEasyParking": 0.0, "PassEasyShower": 0.0, "PassEasyToilet": 0.0, "PassEasyWay": 0.0, "WheelchairAuditorium": 0.0, "disabled": "無無障礙設備" }, "geometry": { "type": "Point", "coordinates": [ 121.4676279, 25.11987881 ] } },
{ "type": "Feature", "properties": { "GymType": "球類運動設施/籃球場館", "Name": "臺北市士林區文昌國小活動中心", "Addr": "臺北市士林區文林路615巷20號", "OperationTel": "02-28365411#123", "WebUrl": "http://www.wces.tp.edu.tw", "Lat": 25.09938632, "Lng": 121.5213633, "PassEasyEle": 0.0, "PassEasyParking": 0.0, "PassEasyShower": 0.0, "PassEasyToilet": 0.0, "PassEasyWay": 0.0, "WheelchairAuditorium": 0.0, "disabled": "無無障礙設備" }, "geometry": { "type": "Point", "coordinates": [ 121.5213633, 25.09938632 ] } },
{ "type": "Feature", "properties": { "GymType": "球類運動設施/籃球場館", "Name": "臺北市光復國小活動中心", "Addr": "臺北市信義區光復南路271號", "OperationTel": "02-27585076#831", "WebUrl": "http://www.kfps.tp.edu.tw", "Lat": 25.04062838, "Lng": 121.558021, "PassEasyEle": 0.0, "PassEasyParking": 1.0, "PassEasyShower": 0.0, "PassEasyToilet": 0.0, "PassEasyWay": 3.0, "WheelchairAuditorium": 0.0, "disabled": "有無障礙設備" }, "geometry": { "type": "Point", "coordinates": [ 121.558021, 25.04062838 ] } },
{ "type": "Feature", "properties": { "GymType": "球類運動設施/網球場館", "Name": "大湖國小籃球場及網球場", "Addr": "臺北市內湖區大湖里大湖山莊街170號", "OperationTel": "02-27915870", "WebUrl": "http://www.dhps.tp.edu.tw", "Lat": 25.08793092, "Lng": 121.599952, "PassEasyEle": 0.0, "PassEasyParking": 0.0, "PassEasyShower": 0.0, "PassEasyToilet": 0.0, "PassEasyWay": 0.0, "WheelchairAuditorium": 0.0, "disabled": "無無障礙設備" }, "geometry": { "type": "Point", "coordinates": [ 121.599952, 25.08793092 ] } },
{ "type": "Feature", "properties": { "GymType": "水上/冰上運動設施/游泳池", "Name": "明湖國小活動中心", "Addr": "臺北市內湖區東湖里康寧路3段105號", "OperationTel": "02-26323477#41", "WebUrl": "http://www.mhups.tp.edu.tw", "Lat": 25.07086404, "Lng": 121.6112781, "PassEasyEle": 1.0, "PassEasyParking": 1.0, "PassEasyShower": 2.0, "PassEasyToilet": 3.0, "PassEasyWay": 1.0, "WheelchairAuditorium": 0.0, "disabled": "有無障礙設備" }, "geometry": { "type": "Point", "coordinates": [ 121.6112781, 25.07086404 ] } },
{ "type": "Feature", "properties": { "GymType": "陸上/射擊運動設施/田徑場", "Name": "公館國小田徑場", "Addr": "臺北市大安區基隆路4段41巷68弄2號", "OperationTel": "02-27351734", "WebUrl": "http://www.gges.tp.edu.tw", "Lat": 25.01241894, "Lng": 121.5429161, "PassEasyEle": 0.0, "PassEasyParking": 0.0, "PassEasyShower": 0.0, "PassEasyToilet": 1.0, "PassEasyWay": 1.0, "WheelchairAuditorium": 0.0, "disabled": "有無障礙設備" }, "geometry": { "type": "Point", "coordinates": [ 121.5429161, 25.01241894 ] } },
{ "type": "Feature", "properties": { "GymType": "球類運動設施/羽球場館", "Name": "敦化國小學生活動中心羽球場", "Addr": "臺北市松山區中正里敦化北路2號", "OperationTel": "02-27414065#134", "WebUrl": "http://www.thps.tp.edu.tw", "Lat": 25.04991396, "Lng": 121.5478428, "PassEasyEle": 0.0, "PassEasyParking": 0.0, "PassEasyShower": 0.0, "PassEasyToilet": 1.0, "PassEasyWay": 0.0, "WheelchairAuditorium": 0.0, "disabled": "有無障礙設備" }, "geometry": { "type": "Point", "coordinates": [ 121.5478428, 25.04991396 ] } },
{ "type": "Feature", "properties": { "GymType": "陸上/射擊運動設施/田徑場", "Name": "吉林國小田徑場", "Addr": "臺北市中山區中原里長春路116號", "OperationTel": "02-25219196#823", "WebUrl": "http://www.clps.tp.edu.tw", "Lat": 25.05388387, "Lng": 121.5290505, "PassEasyEle": 1.0, "PassEasyParking": 0.0, "PassEasyShower": 0.0, "PassEasyToilet": 1.0, "PassEasyWay": 1.0, "WheelchairAuditorium": 0.0, "disabled": "有無障礙設備" }, "geometry": { "type": "Point", "coordinates": [ 121.5290505, 25.05388387 ] } },
{ "type": "Feature", "properties": { "GymType": "球類運動設施/羽球場館", "Name": "禮堂", "Addr": "臺北市大同區民權里錦西街51號", "OperationTel": "02-25570309#1024", "WebUrl": "http://x-hack.sles.tp.edu.tw/", "Lat": 25.06022802, "Lng": 121.5164709, "PassEasyEle": 0.0, "PassEasyParking": 1.0, "PassEasyShower": 0.0, "PassEasyToilet": 1.0, "PassEasyWay": 1.0, "WheelchairAuditorium": 0.0, "disabled": "有無障礙設備" }, "geometry": { "type": "Point", "coordinates": [ 121.5164709, 25.06022802 ] } },
{ "type": "Feature", "properties": { "GymType": "球類運動設施/籃球場館", "Name": "懷生國小操場", "Addr": "臺北市中山區埤頭里安東街16巷2號", "OperationTel": "02-27710846", "WebUrl": "http://www.wses.tp.edu.tw", "Lat": 25.04500735, "Lng": 121.541111, "PassEasyEle": 0.0, "PassEasyParking": 0.0, "PassEasyShower": 0.0, "PassEasyToilet": 0.0, "PassEasyWay": 0.0, "WheelchairAuditorium": 0.0, "disabled": "無無障礙設備" }, "geometry": { "type": "Point", "coordinates": [ 121.541111, 25.04500735 ] } },
{ "type": "Feature", "properties": { "GymType": "球類運動設施/籃球場館", "Name": "老松國小活動中心", "Addr": "臺北市萬華區福音里桂林路64號", "OperationTel": "02-23361266#122", "WebUrl": "http://www.tlsps.tp.edu.tw", "Lat": 25.0380889, "Lng": 121.5026126, "PassEasyEle": 1.0, "PassEasyParking": 1.0, "PassEasyShower": 0.0, "PassEasyToilet": 1.0, "PassEasyWay": 1.0, "WheelchairAuditorium": 3.0, "disabled": "有無障礙設備" }, "geometry": { "type": "Point", "coordinates": [ 121.5026126, 25.0380889 ] } },
{ "type": "Feature", "properties": { "GymType": "陸上/射擊運動設施/田徑場", "Name": "田徑場", "Addr": "臺北市中山區恆安里民權東路1段69號", "OperationTel": "02-25914085#8024", "WebUrl": "http://www.csps.tp.edu.tw", "Lat": 25.06358341, "Lng": 121.5263629, "PassEasyEle": 2.0, "PassEasyParking": 0.0, "PassEasyShower": 0.0, "PassEasyToilet": 6.0, "PassEasyWay": 4.0, "WheelchairAuditorium": 0.0, "disabled": "有無障礙設備" }, "geometry": { "type": "Point", "coordinates": [ 121.5263629, 25.06358341 ] } },
{ "type": "Feature", "properties": { "GymType": "陸上/射擊運動設施/環形或直線慢跑場（非田徑場）", "Name": "環形或直線慢跑場（非田徑場）", "Addr": "臺北市士林區蘭興里磺溪街57號", "OperationTel": "02-28366052", "WebUrl": "http://www.lyps.tp.edu.tw", "Lat": 25.10828562, "Lng": 121.5231174, "PassEasyEle": 1.0, "PassEasyParking": 1.0, "PassEasyShower": 1.0, "PassEasyToilet": 1.0, "PassEasyWay": 2.0, "WheelchairAuditorium": 0.0, "disabled": "有無障礙設備" }, "geometry": { "type": "Point", "coordinates": [ 121.5231174, 25.10828562 ] } },
{ "type": "Feature", "properties": { "GymType": "陸上/射擊運動設施/田徑場", "Name": "萬華國中田徑場與戶外籃球場", "Addr": "臺北市萬華區日善里西藏路201號", "OperationTel": "02-23394567#133", "WebUrl": "http://www.whjhs.tp.edu.tw", "Lat": 25.02860462, "Lng": 121.4993595, "PassEasyEle": 0.0, "PassEasyParking": 0.0, "PassEasyShower": 0.0, "PassEasyToilet": 0.0, "PassEasyWay": 0.0, "WheelchairAuditorium": 0.0, "disabled": "無無障礙設備" }, "geometry": { "type": "Point", "coordinates": [ 121.4993595, 25.02860462 ] } },
{ "type": "Feature", "properties": { "GymType": "球類運動設施/籃球場館", "Name": "籃球場館", "Addr": "臺北市大同區南芳里延平北路2段266號", "OperationTel": "02-25534882", "WebUrl": "http://www.ylps.tp.edu.tw", "Lat": 25.0612898, "Lng": 121.5108007, "PassEasyEle": 1.0, "PassEasyParking": 1.0, "PassEasyShower": 0.0, "PassEasyToilet": 1.0, "PassEasyWay": 1.0, "WheelchairAuditorium": 0.0, "disabled": "有無障礙設備" }, "geometry": { "type": "Point", "coordinates": [ 121.5108007, 25.0612898 ] } },
{ "type": "Feature", "properties": { "GymType": "球類運動設施/網球場館", "Name": "台北市雙溪國小網球場", "Addr": "臺北市士林區翠山里中社路2段66號", "OperationTel": "02-28411038#14", "WebUrl": "http://www.sses.tp.edu.tw", "Lat": 25.10606086, "Lng": 121.5639246, "PassEasyEle": 0.0, "PassEasyParking": 0.0, "PassEasyShower": 0.0, "PassEasyToilet": 0.0, "PassEasyWay": 0.0, "WheelchairAuditorium": 0.0, "disabled": "無無障礙設備" }, "geometry": { "type": "Point", "coordinates": [ 121.5639246, 25.10606086 ] } },
{ "type": "Feature", "properties": { "GymType": "陸上/射擊運動設施/田徑場", "Name": "百齡國小操場", "Addr": "臺北市士林區福中里福港街205號", "OperationTel": "02-28817683#851", "WebUrl": null, "Lat": 25.08599957, "Lng": 121.5189546, "PassEasyEle": 0.0, "PassEasyParking": 1.0, "PassEasyShower": 0.0, "PassEasyToilet": 0.0, "PassEasyWay": 0.0, "WheelchairAuditorium": 0.0, "disabled": "有無障礙設備" }, "geometry": { "type": "Point", "coordinates": [ 121.5189546, 25.08599957 ] } },
{ "type": "Feature", "properties": { "GymType": "陸上/射擊運動設施/田徑場", "Name": "大安國小田徑場", "Addr": "臺北市大安區芳和里臥龍街129號", "OperationTel": "02-27322332", "WebUrl": null, "Lat": 25.01983709, "Lng": 121.5501916, "PassEasyEle": 1.0, "PassEasyParking": 1.0, "PassEasyShower": 1.0, "PassEasyToilet": 1.0, "PassEasyWay": 1.0, "WheelchairAuditorium": 0.0, "disabled": "有無障礙設備" }, "geometry": { "type": "Point", "coordinates": [ 121.5501916, 25.01983709 ] } },
{ "type": "Feature", "properties": { "GymType": "球類運動設施/排球場館", "Name": "大安國小網球場", "Addr": "臺北市大安區芳和里臥龍街129號", "OperationTel": "02-27322332", "WebUrl": "http://www.taes.tp.edu.tw/", "Lat": 25.02000723, "Lng": 121.5490758, "PassEasyEle": 1.0, "PassEasyParking": 1.0, "PassEasyShower": 1.0, "PassEasyToilet": 1.0, "PassEasyWay": 1.0, "WheelchairAuditorium": 0.0, "disabled": "有無障礙設備" }, "geometry": { "type": "Point", "coordinates": [ 121.5490758, 25.02000723 ] } },
{ "type": "Feature", "properties": { "GymType": "球類運動設施/籃球場館", "Name": "大屯國小籃球場", "Addr": "臺北市北投區大屯里復興三路312號", "OperationTel": "02-28914353#14", "WebUrl": "http://www.dtps.tp.edu.tw", "Lat": 25.15489921, "Lng": 121.5039825, "PassEasyEle": 0.0, "PassEasyParking": 0.0, "PassEasyShower": 0.0, "PassEasyToilet": 0.0, "PassEasyWay": 0.0, "WheelchairAuditorium": 0.0, "disabled": "無無障礙設備" }, "geometry": { "type": "Point", "coordinates": [ 121.5039825, 25.15489921 ] } },
{ "type": "Feature", "properties": { "GymType": "球類運動設施/羽球場館", "Name": "羽球場館", "Addr": "臺北市文山區明興里木柵路2段138巷61號", "OperationTel": "02-29392821#14", "WebUrl": "http://www.mdps.tp.edu.tw", "Lat": 24.98733385, "Lng": 121.5627614, "PassEasyEle": 1.0, "PassEasyParking": 0.0, "PassEasyShower": 0.0, "PassEasyToilet": 1.0, "PassEasyWay": 1.0, "WheelchairAuditorium": 0.0, "disabled": "有無障礙設備" }, "geometry": { "type": "Point", "coordinates": [ 121.5627614, 24.98733385 ] } },
{ "type": "Feature", "properties": { "GymType": "陸上/射擊運動設施/田徑場", "Name": "木柵國小跑道", "Addr": "木柵路3段191號木柵國小總務處", "OperationTel": "02-29391234#134", "WebUrl": "http://www.mjes.tp.edu.tw", "Lat": 24.99078415, "Lng": 121.5695411, "PassEasyEle": 0.0, "PassEasyParking": 0.0, "PassEasyShower": 0.0, "PassEasyToilet": 0.0, "PassEasyWay": 0.0, "WheelchairAuditorium": 0.0, "disabled": "無無障礙設備" }, "geometry": { "type": "Point", "coordinates": [ 121.5695411, 24.99078415 ] } },
{ "type": "Feature", "properties": { "GymType": "陸上/射擊運動設施/環形或直線慢跑場（非田徑場）", "Name": "泉源國小操場", "Addr": "臺北市北投區泉源里東昇路34號", "OperationTel": "02-28951258", "WebUrl": "http://www.cyps.tp.edu.tw", "Lat": 25.14941704, "Lng": 121.5241688, "PassEasyEle": 0.0, "PassEasyParking": 0.0, "PassEasyShower": 0.0, "PassEasyToilet": 1.0, "PassEasyWay": 1.0, "WheelchairAuditorium": 0.0, "disabled": "有無障礙設備" }, "geometry": { "type": "Point", "coordinates": [ 121.5241688, 25.14941704 ] } },
{ "type": "Feature", "properties": { "GymType": "球類運動設施/羽球場館", "Name": "關渡關渡羽球場", "Addr": "臺北市北投區關渡里知行路212號", "OperationTel": "922260726", "WebUrl": "http://www.ktjhs.tp.edu.tw", "Lat": 25.11987531, "Lng": 121.4676547, "PassEasyEle": 0.0, "PassEasyParking": 0.0, "PassEasyShower": 0.0, "PassEasyToilet": 0.0, "PassEasyWay": 0.0, "WheelchairAuditorium": 0.0, "disabled": "無無障礙設備" }, "geometry": { "type": "Point", "coordinates": [ 121.4676547, 25.11987531 ] } },
{ "type": "Feature", "properties": { "GymType": "陸上/射擊運動設施/田徑場", "Name": "立農國小田徑場", "Addr": "臺北市北投區立農里立農街1段250號", "OperationTel": "02-28210702#204", "WebUrl": "http://www.lnes.tp.edu.tw", "Lat": 25.11928255, "Lng": 121.5043795, "PassEasyEle": 0.0, "PassEasyParking": 0.0, "PassEasyShower": 0.0, "PassEasyToilet": 0.0, "PassEasyWay": 0.0, "WheelchairAuditorium": 0.0, "disabled": "無無障礙設備" }, "geometry": { "type": "Point", "coordinates": [ 121.5043795, 25.11928255 ] } },
{ "type": "Feature", "properties": { "GymType": "陸上/射擊運動設施/田徑場", "Name": "金華操場", "Addr": "臺北市大安區福住里新生南路2段32號", "OperationTel": "02-33931799", "WebUrl": "http://www.chwjh.tp.edu.tw", "Lat": 25.03110809, "Lng": 121.5329196, "PassEasyEle": 0.0, "PassEasyParking": 0.0, "PassEasyShower": 0.0, "PassEasyToilet": 0.0, "PassEasyWay": 1.0, "WheelchairAuditorium": 0.0, "disabled": "有無障礙設備" }, "geometry": { "type": "Point", "coordinates": [ 121.5329196, 25.03110809 ] } },
{ "type": "Feature", "properties": { "GymType": "水上/冰上運動設施/游泳池", "Name": "北投國小游泳池", "Addr": "臺北市北投區長安里中央北路1段73號", "OperationTel": "02-28912052", "WebUrl": "http://www.ptes.tp.edu.tw", "Lat": 25.13383472, "Lng": 121.5004608, "PassEasyEle": 1.0, "PassEasyParking": 0.0, "PassEasyShower": 1.0, "PassEasyToilet": 1.0, "PassEasyWay": 1.0, "WheelchairAuditorium": 0.0, "disabled": "有無障礙設備" }, "geometry": { "type": "Point", "coordinates": [ 121.5004608, 25.13383472 ] } },
{ "type": "Feature", "properties": { "GymType": "球類運動設施/籃球場館", "Name": "北投國小活動中心", "Addr": "臺北市北投區長安里中央北路1段73號", "OperationTel": "02-28912052", "WebUrl": "http://www.ptes.tp.edu.tw", "Lat": 25.13359554, "Lng": 121.5009785, "PassEasyEle": 1.0, "PassEasyParking": 0.0, "PassEasyShower": 0.0, "PassEasyToilet": 0.0, "PassEasyWay": 1.0, "WheelchairAuditorium": 0.0, "disabled": "有無障礙設備" }, "geometry": { "type": "Point", "coordinates": [ 121.5009785, 25.13359554 ] } },
{ "type": "Feature", "properties": { "GymType": "陸上/射擊運動設施/田徑場", "Name": "北投國小操場", "Addr": "臺北市北投區長安里中央北路1段73號", "OperationTel": "02-28912052", "WebUrl": "http://www.ptes.tp.edu.tw", "Lat": 25.13409333, "Lng": 121.4997232, "PassEasyEle": 0.0, "PassEasyParking": 0.0, "PassEasyShower": 0.0, "PassEasyToilet": 0.0, "PassEasyWay": 0.0, "WheelchairAuditorium": 0.0, "disabled": "無無障礙設備" }, "geometry": { "type": "Point", "coordinates": [ 121.4997232, 25.13409333 ] } },
{ "type": "Feature", "properties": { "GymType": "水上/冰上運動設施/游泳池", "Name": "自來水園區親水體驗教育區", "Addr": "臺北市 中正區 思源街1號", "OperationTel": "02-83695003", "WebUrl": "https://waterpark.water.gov.taipei/", "Lat": 25.0122731, "Lng": 121.5332294, "PassEasyEle": 2.0, "PassEasyParking": 0.0, "PassEasyShower": 1.0, "PassEasyToilet": 3.0, "PassEasyWay": 1.0, "WheelchairAuditorium": 0.0, "disabled": "有無障礙設備" }, "geometry": { "type": "Point", "coordinates": [ 121.5332294, 25.0122731 ] } },
{ "type": "Feature", "properties": { "GymType": "陸上/射擊運動設施/田徑場", "Name": "天母國中田徑場", "Addr": "臺北市士林區天和里天母東路120號", "OperationTel": "02-28754864", "WebUrl": "http://www.tmjh.tp.edu.tw", "Lat": 25.11695113, "Lng": 121.5378481, "PassEasyEle": 0.0, "PassEasyParking": 0.0, "PassEasyShower": 0.0, "PassEasyToilet": 0.0, "PassEasyWay": 0.0, "WheelchairAuditorium": 0.0, "disabled": "無無障礙設備" }, "geometry": { "type": "Point", "coordinates": [ 121.5378481, 25.11695113 ] } },
{ "type": "Feature", "properties": { "GymType": "球類運動設施/籃球場館", "Name": "雙溪河濱公園", "Addr": "臺北市 士林區 雙溪街", "OperationTel": "02-28834360", "WebUrl": null, "Lat": 25.10076109, "Lng": 121.5363246, "PassEasyEle": 0.0, "PassEasyParking": 0.0, "PassEasyShower": 0.0, "PassEasyToilet": 0.0, "PassEasyWay": 0.0, "WheelchairAuditorium": 0.0, "disabled": "無無障礙設備" }, "geometry": { "type": "Point", "coordinates": [ 121.5363246, 25.10076109 ] } },
{ "type": "Feature", "properties": { "GymType": "球類運動設施/籃球場館", "Name": "培英公園", "Addr": "臺北市 中山區 北安路501巷實踐大學前", "OperationTel": "02-25850192#130", "WebUrl": "http://pkl.taipei.gov.tw", "Lat": 25.08237286, "Lng": 121.5449882, "PassEasyEle": 0.0, "PassEasyParking": 0.0, "PassEasyShower": 0.0, "PassEasyToilet": 0.0, "PassEasyWay": 0.0, "WheelchairAuditorium": 0.0, "disabled": "無無障礙設備" }, "geometry": { "type": "Point", "coordinates": [ 121.5449882, 25.08237286 ] } },
{ "type": "Feature", "properties": { "GymType": "球類運動設施/籃球場館", "Name": "敬業公園", "Addr": "臺北市 中山區 北安路821巷4弄", "OperationTel": "02-23032451", "WebUrl": "http://pkl.taipei.gov.tw", "Lat": 25.08572522, "Lng": 121.5560549, "PassEasyEle": 0.0, "PassEasyParking": 0.0, "PassEasyShower": 0.0, "PassEasyToilet": 0.0, "PassEasyWay": 0.0, "WheelchairAuditorium": 0.0, "disabled": "無無障礙設備" }, "geometry": { "type": "Point", "coordinates": [ 121.5560549, 25.08572522 ] } },
{ "type": "Feature", "properties": { "GymType": "球類運動設施/籃球場館", "Name": "中強(象山)公園", "Addr": "臺北市 信義區 信義路五段150巷", "OperationTel": "02-25702330", "WebUrl": "https://vbs.sports.taipei/venues/", "Lat": 25.03133192, "Lng": 121.5701902, "PassEasyEle": 0.0, "PassEasyParking": 0.0, "PassEasyShower": 0.0, "PassEasyToilet": 0.0, "PassEasyWay": 0.0, "WheelchairAuditorium": 0.0, "disabled": "無無障礙設備" }, "geometry": { "type": "Point", "coordinates": [ 121.5701902, 25.03133192 ] } },
{ "type": "Feature", "properties": { "GymType": "球類運動設施/網球場館", "Name": "美堤河濱公園", "Addr": "臺北市 中山區 大直橋 至 中山高速公路(金泰段右岸)（基隆河右岸）", "OperationTel": "02-25702330#6504", "WebUrl": "https://vbs.sports.taipei/", "Lat": 25.07667851, "Lng": 121.5533674, "PassEasyEle": 0.0, "PassEasyParking": 0.0, "PassEasyShower": 0.0, "PassEasyToilet": 0.0, "PassEasyWay": 0.0, "WheelchairAuditorium": 0.0, "disabled": "無無障礙設備" }, "geometry": { "type": "Point", "coordinates": [ 121.5533674, 25.07667851 ] } },
{ "type": "Feature", "properties": { "GymType": "球類運動設施/羽球場館", "Name": "伊通公園", "Addr": "臺北市 中山區 松江路85巷", "OperationTel": "02-25850192", "WebUrl": "http://pkl.taipei.gov.tw", "Lat": 25.05012583, "Lng": 121.534777, "PassEasyEle": 0.0, "PassEasyParking": 0.0, "PassEasyShower": 0.0, "PassEasyToilet": 0.0, "PassEasyWay": 0.0, "WheelchairAuditorium": 0.0, "disabled": "無無障礙設備" }, "geometry": { "type": "Point", "coordinates": [ 121.534777, 25.05012583 ] } },
{ "type": "Feature", "properties": { "GymType": "球類運動設施/籃球場館", "Name": "朱崙公園", "Addr": "臺北市 中山區 龍江路45巷", "OperationTel": "02-25850192", "WebUrl": "http://pkl.taipei.gov.tw", "Lat": 25.04933221, "Lng": 121.5417856, "PassEasyEle": 0.0, "PassEasyParking": 0.0, "PassEasyShower": 0.0, "PassEasyToilet": 0.0, "PassEasyWay": 0.0, "WheelchairAuditorium": 0.0, "disabled": "無無障礙設備" }, "geometry": { "type": "Point", "coordinates": [ 121.5417856, 25.04933221 ] } },
{ "type": "Feature", "properties": { "GymType": "球類運動設施/籃球場館", "Name": "關渡水岸河濱公園籃球場", "Addr": "臺北市 北投區 關渡水岸河濱公園內", "OperationTel": "02-28850533", "WebUrl": "http://heo.gov.taipei/", "Lat": 25.11734942, "Lng": 121.4632237, "PassEasyEle": 0.0, "PassEasyParking": 0.0, "PassEasyShower": 0.0, "PassEasyToilet": 0.0, "PassEasyWay": 0.0, "WheelchairAuditorium": 0.0, "disabled": "無無障礙設備" }, "geometry": { "type": "Point", "coordinates": [ 121.4632237, 25.11734942 ] } },
{ "type": "Feature", "properties": { "GymType": "水上/冰上運動設施/游泳池", "Name": "中正國中游泳池", "Addr": "臺北市中正區新營里愛國東路158號", "OperationTel": "02-23587349", "WebUrl": "http://www.ccjhs.tp.edu.tw", "Lat": 25.03135757, "Lng": 121.5222325, "PassEasyEle": 0.0, "PassEasyParking": 0.0, "PassEasyShower": 0.0, "PassEasyToilet": 0.0, "PassEasyWay": 1.0, "WheelchairAuditorium": 0.0, "disabled": "有無障礙設備" }, "geometry": { "type": "Point", "coordinates": [ 121.5222325, 25.03135757 ] } },
{ "type": "Feature", "properties": { "GymType": "球類運動設施/籃球場館", "Name": "臺北小巨蛋多功能體育場館", "Addr": "臺北市 松山區 南京東路四段2號", "OperationTel": "02-25783536", "WebUrl": "https://www.arena.taipei/Default.aspx", "Lat": 25.05110411, "Lng": 121.549851, "PassEasyEle": 10.0, "PassEasyParking": 27.0, "PassEasyShower": 0.0, "PassEasyToilet": 15.0, "PassEasyWay": 1.0, "WheelchairAuditorium": 40.0, "disabled": "有無障礙設備" }, "geometry": { "type": "Point", "coordinates": [ 121.549851, 25.05110411 ] } },
{ "type": "Feature", "properties": { "GymType": "球類運動設施/籃球場館", "Name": "花博公園新生園區籃球場、羽球場", "Addr": "臺北市 中山區 新生北路三段105號", "OperationTel": "02-25702330", "WebUrl": null, "Lat": 25.06935126, "Lng": 121.5284336, "PassEasyEle": 0.0, "PassEasyParking": 0.0, "PassEasyShower": 0.0, "PassEasyToilet": 0.0, "PassEasyWay": 0.0, "WheelchairAuditorium": 0.0, "disabled": "無無障礙設備" }, "geometry": { "type": "Point", "coordinates": [ 121.5284336, 25.06935126 ] } },
{ "type": "Feature", "properties": { "GymType": "陸上/射擊運動設施/田徑場", "Name": "健康國小操場", "Addr": "臺北市松山區延壽街168號", "OperationTel": "02-25282814#132", "WebUrl": "http://www.jkes.nss.tp.edu.tw/nss/p/index", "Lat": 25.05633092, "Lng": 121.563026, "PassEasyEle": 1.0, "PassEasyParking": 0.0, "PassEasyShower": 0.0, "PassEasyToilet": 1.0, "PassEasyWay": 1.0, "WheelchairAuditorium": 0.0, "disabled": "有無障礙設備" }, "geometry": { "type": "Point", "coordinates": [ 121.563026, 25.05633092 ] } },
{ "type": "Feature", "properties": { "GymType": "球類運動設施/籃球場館", "Name": "天母公園", "Addr": "臺北市 士林區 中山北路7段319巷", "OperationTel": "02-25702330#6535", "WebUrl": null, "Lat": 25.12570345, "Lng": 121.5305418, "PassEasyEle": 0.0, "PassEasyParking": 0.0, "PassEasyShower": 0.0, "PassEasyToilet": 0.0, "PassEasyWay": 0.0, "WheelchairAuditorium": 0.0, "disabled": "無無障礙設備" }, "geometry": { "type": "Point", "coordinates": [ 121.5305418, 25.12570345 ] } },
{ "type": "Feature", "properties": { "GymType": "競速運動設施/滑輪場/溜冰場", "Name": "台北市士林區蘭雅公園滑輪場", "Addr": "臺北市 士林區 忠誠路2段24號", "OperationTel": "02-28832130#211", "WebUrl": "https://pkl.taipei.gov.tw", "Lat": 25.10962338, "Lng": 121.5299731, "PassEasyEle": 0.0, "PassEasyParking": 0.0, "PassEasyShower": 0.0, "PassEasyToilet": 0.0, "PassEasyWay": 0.0, "WheelchairAuditorium": 0.0, "disabled": "無無障礙設備" }, "geometry": { "type": "Point", "coordinates": [ 121.5299731, 25.10962338 ] } },
{ "type": "Feature", "properties": { "GymType": "球類運動設施/網球場館", "Name": "蘭興公園網球場.網球場.練習壁", "Addr": "臺北市 士林區 克強路10巷21弄附近", "OperationTel": "02-25702330#6535", "WebUrl": "https://pkl.taipei.gov.tw", "Lat": 25.11028399, "Lng": 121.5230799, "PassEasyEle": 0.0, "PassEasyParking": 0.0, "PassEasyShower": 0.0, "PassEasyToilet": 0.0, "PassEasyWay": 0.0, "WheelchairAuditorium": 0.0, "disabled": "無無障礙設備" }, "geometry": { "type": "Point", "coordinates": [ 121.5230799, 25.11028399 ] } },
{ "type": "Feature", "properties": { "GymType": "球類運動設施/籃球場館", "Name": "台北市士林區海光公園籃球場.半場籃球場", "Addr": "臺北市 士林區 葫蘆街80號對面", "OperationTel": "02-28832130#211", "WebUrl": "https://pkl.taipei.gov.tw", "Lat": 25.08233691, "Lng": 121.5078235, "PassEasyEle": 0.0, "PassEasyParking": 0.0, "PassEasyShower": 0.0, "PassEasyToilet": 0.0, "PassEasyWay": 0.0, "WheelchairAuditorium": 0.0, "disabled": "無無障礙設備" }, "geometry": { "type": "Point", "coordinates": [ 121.5078235, 25.08233691 ] } },
{ "type": "Feature", "properties": { "GymType": "球類運動設施/籃球場館", "Name": "社子公園", "Addr": "臺北市 士林區 永平街20巷附近", "OperationTel": "02-28832130#211", "WebUrl": "https://pkl.taipei.gov.tw", "Lat": 25.09094013, "Lng": 121.5061927, "PassEasyEle": 0.0, "PassEasyParking": 0.0, "PassEasyShower": 0.0, "PassEasyToilet": 0.0, "PassEasyWay": 0.0, "WheelchairAuditorium": 0.0, "disabled": "無無障礙設備" }, "geometry": { "type": "Point", "coordinates": [ 121.5061927, 25.09094013 ] } },
{ "type": "Feature", "properties": { "GymType": "球類運動設施/籃球場館", "Name": "美崙公園", "Addr": "臺北市 士林區 美崙街152巷", "OperationTel": "02-25702330", "WebUrl": "https://pkl.taipei.gov.tw", "Lat": 25.09741789, "Lng": 121.5177155, "PassEasyEle": 0.0, "PassEasyParking": 0.0, "PassEasyShower": 0.0, "PassEasyToilet": 0.0, "PassEasyWay": 0.0, "WheelchairAuditorium": 0.0, "disabled": "無無障礙設備" }, "geometry": { "type": "Point", "coordinates": [ 121.5177155, 25.09741789 ] } },
{ "type": "Feature", "properties": { "GymType": "競速運動設施/滑輪場/溜冰場", "Name": "北投一號公園", "Addr": "臺北市 北投區 中山路", "OperationTel": "02-28832130#210", "WebUrl": "https://pkl.gov.taipei/", "Lat": 25.1365099, "Lng": 121.5055677, "PassEasyEle": 0.0, "PassEasyParking": 0.0, "PassEasyShower": 0.0, "PassEasyToilet": 0.0, "PassEasyWay": 0.0, "WheelchairAuditorium": 0.0, "disabled": "無無障礙設備" }, "geometry": { "type": "Point", "coordinates": [ 121.5055677, 25.1365099 ] } },
{ "type": "Feature", "properties": { "GymType": "球類運動設施/籃球場館", "Name": "復興公園", "Addr": "臺北市 北投區 中和街200號", "OperationTel": "02-25702330", "WebUrl": "https://sports.gov.taipei/", "Lat": 25.13904637, "Lng": 121.5025824, "PassEasyEle": 0.0, "PassEasyParking": 0.0, "PassEasyShower": 0.0, "PassEasyToilet": 0.0, "PassEasyWay": 0.0, "WheelchairAuditorium": 0.0, "disabled": "無無障礙設備" }, "geometry": { "type": "Point", "coordinates": [ 121.5025824, 25.13904637 ] } },
{ "type": "Feature", "properties": { "GymType": "競速運動設施/滑輪場/溜冰場", "Name": "台北市北投區石牌公園", "Addr": "臺北市 北投區 石牌路1段39巷", "OperationTel": "02-28832130#211", "WebUrl": "http://pkl.taipei.gov.tw", "Lat": 25.11626335, "Lng": 121.5104574, "PassEasyEle": 0.0, "PassEasyParking": 0.0, "PassEasyShower": 0.0, "PassEasyToilet": 0.0, "PassEasyWay": 0.0, "WheelchairAuditorium": 0.0, "disabled": "無無障礙設備" }, "geometry": { "type": "Point", "coordinates": [ 121.5104574, 25.11626335 ] } },
{ "type": "Feature", "properties": { "GymType": "球類運動設施/槌球場", "Name": "行義公園", "Addr": "臺北市 北投區 石牌路二段343巷", "OperationTel": "02-25702330#6508", "WebUrl": "https://sports.gov.taipei/", "Lat": 25.12585401, "Lng": 121.5242976, "PassEasyEle": 0.0, "PassEasyParking": 0.0, "PassEasyShower": 0.0, "PassEasyToilet": 0.0, "PassEasyWay": 0.0, "WheelchairAuditorium": 0.0, "disabled": "無無障礙設備" }, "geometry": { "type": "Point", "coordinates": [ 121.5242976, 25.12585401 ] } },
{ "type": "Feature", "properties": { "GymType": "球類運動設施/籃球場館", "Name": "榮華公園", "Addr": "臺北市 北投區 明德路150巷", "OperationTel": "02-28832130", "WebUrl": "https://pkl.gov.tw", "Lat": 25.11052492, "Lng": 121.5220714, "PassEasyEle": 0.0, "PassEasyParking": 0.0, "PassEasyShower": 0.0, "PassEasyToilet": 0.0, "PassEasyWay": 0.0, "WheelchairAuditorium": 0.0, "disabled": "無無障礙設備" }, "geometry": { "type": "Point", "coordinates": [ 121.5220714, 25.11052492 ] } },
{ "type": "Feature", "properties": { "GymType": "球類運動設施/籃球場館", "Name": "立農公園", "Addr": "臺北市 北投區 承德路7段378號", "OperationTel": "02-25702330", "WebUrl": "https://sports.gov.taipei/", "Lat": 25.11824508, "Lng": 121.5034729, "PassEasyEle": 0.0, "PassEasyParking": 0.0, "PassEasyShower": 0.0, "PassEasyToilet": 0.0, "PassEasyWay": 0.0, "WheelchairAuditorium": 0.0, "disabled": "無無障礙設備" }, "geometry": { "type": "Point", "coordinates": [ 121.5034729, 25.11824508 ] } },
{ "type": "Feature", "properties": { "GymType": "球類運動設施/籃球場館", "Name": "泉源48公園", "Addr": "臺北市 北投區 泉源路80號", "OperationTel": "02-25702330", "WebUrl": "https://sports.gov.taipei/", "Lat": 25.14166777, "Lng": 121.5092504, "PassEasyEle": 0.0, "PassEasyParking": 0.0, "PassEasyShower": 0.0, "PassEasyToilet": 0.0, "PassEasyWay": 0.0, "WheelchairAuditorium": 0.0, "disabled": "無無障礙設備" }, "geometry": { "type": "Point", "coordinates": [ 121.5092504, 25.14166777 ] } },
{ "type": "Feature", "properties": { "GymType": "球類運動設施/籃球場館", "Name": "大豐公園", "Addr": "臺北市 北投區 公館路13號", "OperationTel": "02-25702330", "WebUrl": "https://sports.gov.taipei/", "Lat": 25.13140815, "Lng": 121.5039262, "PassEasyEle": 0.0, "PassEasyParking": 0.0, "PassEasyShower": 0.0, "PassEasyToilet": 0.0, "PassEasyWay": 0.0, "WheelchairAuditorium": 0.0, "disabled": "無無障礙設備" }, "geometry": { "type": "Point", "coordinates": [ 121.5039262, 25.13140815 ] } },
{ "type": "Feature", "properties": { "GymType": "球類運動設施/網球場館", "Name": "台北市北投區172綠地(天溪綠地)", "Addr": "臺北市 北投區 行義路58巷33號", "OperationTel": "02-25702330", "WebUrl": "https://sports.gov.taipei/", "Lat": 25.12594726, "Lng": 121.5295494, "PassEasyEle": 0.0, "PassEasyParking": 0.0, "PassEasyShower": 0.0, "PassEasyToilet": 0.0, "PassEasyWay": 0.0, "WheelchairAuditorium": 0.0, "disabled": "無無障礙設備" }, "geometry": { "type": "Point", "coordinates": [ 121.5295494, 25.12594726 ] } },
{ "type": "Feature", "properties": { "GymType": "球類運動設施/網球場館", "Name": "台北市北投區觀海公園", "Addr": "臺北市 北投區 中央北路四段601巷", "OperationTel": "02-25702330", "WebUrl": "https://sports.gov.taipei/", "Lat": 25.123581, "Lng": 121.4636877, "PassEasyEle": 0.0, "PassEasyParking": 0.0, "PassEasyShower": 0.0, "PassEasyToilet": 0.0, "PassEasyWay": 0.0, "WheelchairAuditorium": 0.0, "disabled": "無無障礙設備" }, "geometry": { "type": "Point", "coordinates": [ 121.4636877, 25.123581 ] } },
{ "type": "Feature", "properties": { "GymType": "球類運動設施/籃球場館", "Name": "中央簡易公園", "Addr": "臺北市 北投區 中央南路2段6巷", "OperationTel": "02-28832130#210", "WebUrl": "https://pkl.gov.tw", "Lat": 25.12804053, "Lng": 121.4999431, "PassEasyEle": 0.0, "PassEasyParking": 0.0, "PassEasyShower": 0.0, "PassEasyToilet": 0.0, "PassEasyWay": 0.0, "WheelchairAuditorium": 0.0, "disabled": "無無障礙設備" }, "geometry": { "type": "Point", "coordinates": [ 121.4999431, 25.12804053 ] } },
{ "type": "Feature", "properties": { "GymType": "競速運動設施/滑輪場/溜冰場", "Name": "天和公園溜冰場", "Addr": "臺北市 士林區 天母東路69巷", "OperationTel": "02-28832130#211", "WebUrl": "https://pkl.gov.taipei/", "Lat": 25.12027534, "Lng": 121.534152, "PassEasyEle": 0.0, "PassEasyParking": 0.0, "PassEasyShower": 0.0, "PassEasyToilet": 0.0, "PassEasyWay": 0.0, "WheelchairAuditorium": 0.0, "disabled": "無無障礙設備" }, "geometry": { "type": "Point", "coordinates": [ 121.534152, 25.12027534 ] } },
{ "type": "Feature", "properties": { "GymType": "球類運動設施/羽球場館", "Name": "東和公園", "Addr": "臺北市 士林區 中山北路7段114巷", "OperationTel": "02-25702330", "WebUrl": "https://sports.tms.gov.tw", "Lat": 25.12293697, "Lng": 121.5335619, "PassEasyEle": 0.0, "PassEasyParking": 0.0, "PassEasyShower": 0.0, "PassEasyToilet": 0.0, "PassEasyWay": 0.0, "WheelchairAuditorium": 0.0, "disabled": "無無障礙設備" }, "geometry": { "type": "Point", "coordinates": [ 121.5335619, 25.12293697 ] } },
{ "type": "Feature", "properties": { "GymType": "球類運動設施/羽球場館", "Name": "華中河濱公園羽球場", "Addr": "臺北市萬華區華中河濱公園", "OperationTel": "02-23086457", "WebUrl": null, "Lat": 25.02655485, "Lng": 121.4890587, "PassEasyEle": 0.0, "PassEasyParking": 0.0, "PassEasyShower": 0.0, "PassEasyToilet": 0.0, "PassEasyWay": 0.0, "WheelchairAuditorium": 0.0, "disabled": "無無障礙設備" }, "geometry": { "type": "Point", "coordinates": [ 121.4890587, 25.02655485 ] } },
{ "type": "Feature", "properties": { "GymType": "球類運動設施/籃球場館", "Name": "南港公園", "Addr": "臺北市 南港區 東新街170號", "OperationTel": "02-25702330", "WebUrl": "https://sports.tms.gov.tw/", "Lat": 25.04514551, "Lng": 121.5917993, "PassEasyEle": 0.0, "PassEasyParking": 0.0, "PassEasyShower": 0.0, "PassEasyToilet": 0.0, "PassEasyWay": 0.0, "WheelchairAuditorium": 0.0, "disabled": "無無障礙設備" }, "geometry": { "type": "Point", "coordinates": [ 121.5917993, 25.04514551 ] } },
{ "type": "Feature", "properties": { "GymType": "球類運動設施/網球場館", "Name": "玉成公園", "Addr": "臺北市 南港區 中坡南路55號", "OperationTel": "02-25702330", "WebUrl": "https://sports.tms.gov.tw/", "Lat": 25.04249128, "Lng": 121.5850711, "PassEasyEle": 0.0, "PassEasyParking": 0.0, "PassEasyShower": 0.0, "PassEasyToilet": 0.0, "PassEasyWay": 0.0, "WheelchairAuditorium": 0.0, "disabled": "無無障礙設備" }, "geometry": { "type": "Point", "coordinates": [ 121.5850711, 25.04249128 ] } },
{ "type": "Feature", "properties": { "GymType": "競速運動設施/滑輪場/溜冰場", "Name": "華中河濱公園溜冰場(華中橋下游約300M)", "Addr": "臺北市萬華區華中河濱公園", "OperationTel": "02-23086457", "WebUrl": "http://heo.gov.taipei/", "Lat": 25.01800593, "Lng": 121.4916929, "PassEasyEle": 0.0, "PassEasyParking": 0.0, "PassEasyShower": 0.0, "PassEasyToilet": 0.0, "PassEasyWay": 0.0, "WheelchairAuditorium": 0.0, "disabled": "無無障礙設備" }, "geometry": { "type": "Point", "coordinates": [ 121.4916929, 25.01800593 ] } },
{ "type": "Feature", "properties": { "GymType": "競速運動設施/滑輪場/溜冰場", "Name": "華中河濱公園溜冰場(華中橋下游約100M)", "Addr": "臺北市萬華區華中河濱公園", "OperationTel": "02-23086457", "WebUrl": "http://heo.gov.taipei/", "Lat": 25.01444209, "Lng": 121.4940022, "PassEasyEle": 0.0, "PassEasyParking": 0.0, "PassEasyShower": 0.0, "PassEasyToilet": 0.0, "PassEasyWay": 0.0, "WheelchairAuditorium": 0.0, "disabled": "無無障礙設備" }, "geometry": { "type": "Point", "coordinates": [ 121.4940022, 25.01444209 ] } },
{ "type": "Feature", "properties": { "GymType": "水上/冰上運動設施/游泳池", "Name": "玉泉公園游泳池", "Addr": "臺北市 大同區 西寧北路28號", "OperationTel": "02-25500996", "WebUrl": "https://www.facebook.com/winpoweryuquan/", "Lat": 25.0500401, "Lng": 121.5075123, "PassEasyEle": 1.0, "PassEasyParking": 0.0, "PassEasyShower": 1.0, "PassEasyToilet": 1.0, "PassEasyWay": 1.0, "WheelchairAuditorium": 0.0, "disabled": "有無障礙設備" }, "geometry": { "type": "Point", "coordinates": [ 121.5075123, 25.0500401 ] } },
{ "type": "Feature", "properties": { "GymType": "球類運動設施/籃球場館", "Name": "中研公園", "Addr": "臺北市 南港區 研究路2段12巷58弄", "OperationTel": "02-25702330", "WebUrl": "https://sports.tms.gov.tw/", "Lat": 25.04683616, "Lng": 121.6134489, "PassEasyEle": 0.0, "PassEasyParking": 0.0, "PassEasyShower": 0.0, "PassEasyToilet": 0.0, "PassEasyWay": 0.0, "WheelchairAuditorium": 0.0, "disabled": "無無障礙設備" }, "geometry": { "type": "Point", "coordinates": [ 121.6134489, 25.04683616 ] } },
{ "type": "Feature", "properties": { "GymType": "球類運動設施/籃球場館", "Name": "胡適公園", "Addr": "臺北市 南港區 研究院路二段", "OperationTel": "02-25702330", "WebUrl": "https://sports.tms.gov.tw/", "Lat": 25.04689546, "Lng": 121.6130465, "PassEasyEle": 0.0, "PassEasyParking": 0.0, "PassEasyShower": 0.0, "PassEasyToilet": 0.0, "PassEasyWay": 0.0, "WheelchairAuditorium": 0.0, "disabled": "無無障礙設備" }, "geometry": { "type": "Point", "coordinates": [ 121.6130465, 25.04689546 ] } },
{ "type": "Feature", "properties": { "GymType": "球類運動設施/籃球場館", "Name": "景華公園", "Addr": "臺北市 文山區 景興路 與 景華街交叉口", "OperationTel": "02-22300340", "WebUrl": null, "Lat": 24.99559761, "Lng": 121.5437597, "PassEasyEle": 0.0, "PassEasyParking": 0.0, "PassEasyShower": 0.0, "PassEasyToilet": 0.0, "PassEasyWay": 0.0, "WheelchairAuditorium": 0.0, "disabled": "無無障礙設備" }, "geometry": { "type": "Point", "coordinates": [ 121.5437597, 24.99559761 ] } },
{ "type": "Feature", "properties": { "GymType": "競速運動設施/滑輪場/溜冰場", "Name": "萬慶公園", "Addr": "臺北市 文山區 育英街45巷旁", "OperationTel": "02-27853819", "WebUrl": null, "Lat": 24.99348166, "Lng": 121.5378642, "PassEasyEle": 0.0, "PassEasyParking": 0.0, "PassEasyShower": 0.0, "PassEasyToilet": 0.0, "PassEasyWay": 0.0, "WheelchairAuditorium": 0.0, "disabled": "無無障礙設備" }, "geometry": { "type": "Point", "coordinates": [ 121.5378642, 24.99348166 ] } },
{ "type": "Feature", "properties": { "GymType": "球類運動設施/籃球場館", "Name": "景美運動公園", "Addr": "臺北市 文山區 景豐街80號", "OperationTel": "02-25702330", "WebUrl": "https://sports.tms.gov.tw/", "Lat": 25.00231086, "Lng": 121.5441942, "PassEasyEle": 0.0, "PassEasyParking": 0.0, "PassEasyShower": 0.0, "PassEasyToilet": 0.0, "PassEasyWay": 0.0, "WheelchairAuditorium": 0.0, "disabled": "無無障礙設備" }, "geometry": { "type": "Point", "coordinates": [ 121.5441942, 25.00231086 ] } },
{ "type": "Feature", "properties": { "GymType": "競速運動設施/滑輪場/溜冰場", "Name": "木柵公園", "Addr": "臺北市 文山區 興隆路4段50號", "OperationTel": "02-22300340", "WebUrl": null, "Lat": 24.98703438, "Lng": 121.5589571, "PassEasyEle": 0.0, "PassEasyParking": 0.0, "PassEasyShower": 0.0, "PassEasyToilet": 0.0, "PassEasyWay": 0.0, "WheelchairAuditorium": 0.0, "disabled": "無無障礙設備" }, "geometry": { "type": "Point", "coordinates": [ 121.5589571, 24.98703438 ] } },
{ "type": "Feature", "properties": { "GymType": "球類運動設施/籃球場館", "Name": "萬芳4號公園", "Addr": "臺北市 文山區 萬和街", "OperationTel": "02-25702330", "WebUrl": "https://sports.tms.gov.tw/", "Lat": 25.00158452, "Lng": 121.5695357, "PassEasyEle": 0.0, "PassEasyParking": 0.0, "PassEasyShower": 0.0, "PassEasyToilet": 0.0, "PassEasyWay": 0.0, "WheelchairAuditorium": 0.0, "disabled": "無無障礙設備" }, "geometry": { "type": "Point", "coordinates": [ 121.5695357, 25.00158452 ] } },
{ "type": "Feature", "properties": { "GymType": "球類運動設施/籃球場館", "Name": "萬芳7號公園", "Addr": "臺北市 文山區 萬芳社區萬美街2段 與 萬寧街之間", "OperationTel": "02-22300340", "WebUrl": null, "Lat": 25.00294677, "Lng": 121.5698791, "PassEasyEle": 0.0, "PassEasyParking": 0.0, "PassEasyShower": 0.0, "PassEasyToilet": 0.0, "PassEasyWay": 0.0, "WheelchairAuditorium": 0.0, "disabled": "無無障礙設備" }, "geometry": { "type": "Point", "coordinates": [ 121.5698791, 25.00294677 ] } },
{ "type": "Feature", "properties": { "GymType": "球類運動設施/籃球場館", "Name": "東陽公園", "Addr": "臺北市 南港區 重陽路187巷6號", "OperationTel": "02-25702330", "WebUrl": "https://sports.tms.gov.tw/", "Lat": 25.05774893, "Lng": 121.5991707, "PassEasyEle": 0.0, "PassEasyParking": 0.0, "PassEasyShower": 0.0, "PassEasyToilet": 0.0, "PassEasyWay": 0.0, "WheelchairAuditorium": 0.0, "disabled": "無無障礙設備" }, "geometry": { "type": "Point", "coordinates": [ 121.5991707, 25.05774893 ] } },
{ "type": "Feature", "properties": { "GymType": "競速運動設施/滑輪場/溜冰場", "Name": "東明公園", "Addr": "臺北市 南港區 南港路2段86巷9弄", "OperationTel": "02-27834988", "WebUrl": null, "Lat": 25.05458269, "Lng": 121.6034603, "PassEasyEle": 0.0, "PassEasyParking": 0.0, "PassEasyShower": 0.0, "PassEasyToilet": 0.0, "PassEasyWay": 0.0, "WheelchairAuditorium": 0.0, "disabled": "無無障礙設備" }, "geometry": { "type": "Point", "coordinates": [ 121.6034603, 25.05458269 ] } },
{ "type": "Feature", "properties": { "GymType": "競速運動設施/滑輪場/溜冰場", "Name": "六福公園", "Addr": "臺北市 南港區 研究院路 二段35巷23弄", "OperationTel": "02-27834988", "WebUrl": null, "Lat": 25.04711756, "Lng": 121.6163886, "PassEasyEle": 0.0, "PassEasyParking": 0.0, "PassEasyShower": 0.0, "PassEasyToilet": 0.0, "PassEasyWay": 0.0, "WheelchairAuditorium": 0.0, "disabled": "無無障礙設備" }, "geometry": { "type": "Point", "coordinates": [ 121.6163886, 25.04711756 ] } },
{ "type": "Feature", "properties": { "GymType": "球類運動設施/網球場館", "Name": "萬有二號公園", "Addr": "臺北市 文山區 景隆街19巷4-2號", "OperationTel": "02-25702330", "WebUrl": "https://sports.gov.taipei/", "Lat": 25.00072982, "Lng": 121.5416354, "PassEasyEle": 0.0, "PassEasyParking": 0.0, "PassEasyShower": 0.0, "PassEasyToilet": 0.0, "PassEasyWay": 0.0, "WheelchairAuditorium": 0.0, "disabled": "無無障礙設備" }, "geometry": { "type": "Point", "coordinates": [ 121.5416354, 25.00072982 ] } },
{ "type": "Feature", "properties": { "GymType": "球類運動設施/羽球場館", "Name": "景豐公園", "Addr": "臺北市 文山區 興隆路1段251巷3弄", "OperationTel": "02-25702330", "WebUrl": "https://sports.gov.taipei/", "Lat": 25.00011286, "Lng": 121.5449238, "PassEasyEle": 0.0, "PassEasyParking": 0.0, "PassEasyShower": 0.0, "PassEasyToilet": 0.0, "PassEasyWay": 0.0, "WheelchairAuditorium": 0.0, "disabled": "無無障礙設備" }, "geometry": { "type": "Point", "coordinates": [ 121.5449238, 25.00011286 ] } },
{ "type": "Feature", "properties": { "GymType": "球類運動設施/籃球場館", "Name": "大湖山莊籃球場", "Addr": "臺北市 內湖區 成功路5段120巷", "OperationTel": "02-25702330", "WebUrl": "https://sports.gov.taipei/cp.aspx?n=6293F95CF8D99D64", "Lat": 25.08626931, "Lng": 121.6050653, "PassEasyEle": 0.0, "PassEasyParking": 0.0, "PassEasyShower": 0.0, "PassEasyToilet": 0.0, "PassEasyWay": 0.0, "WheelchairAuditorium": 0.0, "disabled": "無無障礙設備" }, "geometry": { "type": "Point", "coordinates": [ 121.6050653, 25.08626931 ] } },
{ "type": "Feature", "properties": { "GymType": "球類運動設施/籃球場館", "Name": "南湖右岸河濱公園", "Addr": "臺北市 內湖區 安康路32巷", "OperationTel": "02-25702330#6504", "WebUrl": "https://sports.tms.gov.tw/", "Lat": 25.06043843, "Lng": 121.5928794, "PassEasyEle": 0.0, "PassEasyParking": 0.0, "PassEasyShower": 0.0, "PassEasyToilet": 0.0, "PassEasyWay": 0.0, "WheelchairAuditorium": 0.0, "disabled": "無無障礙設備" }, "geometry": { "type": "Point", "coordinates": [ 121.5928794, 25.06043843 ] } },
{ "type": "Feature", "properties": { "GymType": "球類運動設施/網球場館", "Name": "彩虹河濱公園", "Addr": "臺北市 內湖區 基隆河中山高速公路 至 麥帥一橋間(舊宗段右岸)（基隆河右岸）", "OperationTel": "02-25702330#6504", "WebUrl": "https://sports.tms.gov.tw/", "Lat": 25.06330646, "Lng": 121.5714965, "PassEasyEle": 0.0, "PassEasyParking": 0.0, "PassEasyShower": 0.0, "PassEasyToilet": 0.0, "PassEasyWay": 0.0, "WheelchairAuditorium": 0.0, "disabled": "無無障礙設備" }, "geometry": { "type": "Point", "coordinates": [ 121.5714965, 25.06330646 ] } },
{ "type": "Feature", "properties": { "GymType": "球類運動設施/棒、壘球打擊練習場", "Name": "成美右岸河濱公園", "Addr": "臺北市 內湖區 基隆河成美橋 至 成功橋間（基隆河右岸）", "OperationTel": "02-25702330#6504", "WebUrl": "https://vbs.sports.taipei/", "Lat": 25.05744597, "Lng": 121.5885043, "PassEasyEle": 0.0, "PassEasyParking": 0.0, "PassEasyShower": 0.0, "PassEasyToilet": 0.0, "PassEasyWay": 0.0, "WheelchairAuditorium": 0.0, "disabled": "無無障礙設備" }, "geometry": { "type": "Point", "coordinates": [ 121.5885043, 25.05744597 ] } },
{ "type": "Feature", "properties": { "GymType": "球類運動設施/籃球場館", "Name": "景美河濱公園溜冰場", "Addr": "臺北市 文山區 鄰近育英疏散門（景一疏散門）", "OperationTel": "02-23086457", "WebUrl": null, "Lat": 24.98977573, "Lng": 121.5365553, "PassEasyEle": 0.0, "PassEasyParking": 0.0, "PassEasyShower": 0.0, "PassEasyToilet": 0.0, "PassEasyWay": 0.0, "WheelchairAuditorium": 0.0, "disabled": "無無障礙設備" }, "geometry": { "type": "Point", "coordinates": [ 121.5365553, 24.98977573 ] } },
{ "type": "Feature", "properties": { "GymType": "競速運動設施/滑輪場/溜冰場", "Name": "溪洲河濱公園溜冰場", "Addr": "臺北市文山區", "OperationTel": "02-23086457", "WebUrl": "https://sports.gov.taipei/", "Lat": 25.00491186, "Lng": 121.5343398, "PassEasyEle": 0.0, "PassEasyParking": 0.0, "PassEasyShower": 0.0, "PassEasyToilet": 0.0, "PassEasyWay": 0.0, "WheelchairAuditorium": 0.0, "disabled": "無無障礙設備" }, "geometry": { "type": "Point", "coordinates": [ 121.5343398, 25.00491186 ] } },
{ "type": "Feature", "properties": { "GymType": "球類運動設施/籃球場館", "Name": "金甌女中籃球場", "Addr": "臺北市大安區光明里杭州南路2段1號", "OperationTel": "02-23214765#206", "WebUrl": "http://www.cogsh.tp.edu.tw", "Lat": 25.03475663, "Lng": 121.5245014, "PassEasyEle": 3.0, "PassEasyParking": 0.0, "PassEasyShower": 0.0, "PassEasyToilet": 3.0, "PassEasyWay": 1.0, "WheelchairAuditorium": 0.0, "disabled": "有無障礙設備" }, "geometry": { "type": "Point", "coordinates": [ 121.5245014, 25.03475663 ] } },
{ "type": "Feature", "properties": { "GymType": "水上/冰上運動設施/游泳池", "Name": "溪口國小游泳池", "Addr": "臺北市文山區景慶里景福街225號", "OperationTel": "02-29350955#714", "WebUrl": "http://web.skps.tp.edu.tw/enableweb/", "Lat": 24.99418277, "Lng": 121.5388513, "PassEasyEle": 0.0, "PassEasyParking": 0.0, "PassEasyShower": 0.0, "PassEasyToilet": 1.0, "PassEasyWay": 1.0, "WheelchairAuditorium": 0.0, "disabled": "有無障礙設備" }, "geometry": { "type": "Point", "coordinates": [ 121.5388513, 24.99418277 ] } },
{ "type": "Feature", "properties": { "GymType": "球類運動設施/棒、壘球打擊練習場", "Name": "棒、壘球打擊練習場", "Addr": "臺北市文山區木柵路一段17巷1號", "OperationTel": "02-22368225#3065", "WebUrl": "http://www.shu.edu.tw", "Lat": 24.98934411, "Lng": 121.5476543, "PassEasyEle": 0.0, "PassEasyParking": 0.0, "PassEasyShower": 0.0, "PassEasyToilet": 0.0, "PassEasyWay": 0.0, "WheelchairAuditorium": 0.0, "disabled": "無無障礙設備" }, "geometry": { "type": "Point", "coordinates": [ 121.5476543, 24.98934411 ] } },
{ "type": "Feature", "properties": { "GymType": "陸上/射擊運動設施/環形或直線慢跑場（非田徑場）", "Name": "臺北市協和祐德高中籃球場、排球場", "Addr": "臺北市信義區忠孝東路五段790巷27號", "OperationTel": "02-27265775#124", "WebUrl": "http://www.hhvs.tp.edu.tw/bin/home.php", "Lat": 25.04198923, "Lng": 121.5835235, "PassEasyEle": 0.0, "PassEasyParking": 0.0, "PassEasyShower": 0.0, "PassEasyToilet": 0.0, "PassEasyWay": 0.0, "WheelchairAuditorium": 0.0, "disabled": "無無障礙設備" }, "geometry": { "type": "Point", "coordinates": [ 121.5835235, 25.04198923 ] } },
{ "type": "Feature", "properties": { "GymType": "球類運動設施/棒、壘球打擊練習場", "Name": "東園國小棒球打擊場", "Addr": "臺北市萬華區全德里東園街195號", "OperationTel": "02-23034803", "WebUrl": "http://www.tyes.tp.edu.tw", "Lat": 25.02339693, "Lng": 121.4981997, "PassEasyEle": 0.0, "PassEasyParking": 0.0, "PassEasyShower": 0.0, "PassEasyToilet": 0.0, "PassEasyWay": 0.0, "WheelchairAuditorium": 0.0, "disabled": "無無障礙設備" }, "geometry": { "type": "Point", "coordinates": [ 121.4981997, 25.02339693 ] } },
{ "type": "Feature", "properties": { "GymType": "球類運動設施/棒、壘球打擊練習場", "Name": "大理高中棒壘球打擊練習場", "Addr": "臺北市萬華區綠堤里長順街2號", "OperationTel": "02-23026959#136", "WebUrl": "http://www.tlsh.tp.edu.tw", "Lat": 25.02956039, "Lng": 121.4917302, "PassEasyEle": 0.0, "PassEasyParking": 1.0, "PassEasyShower": 0.0, "PassEasyToilet": 0.0, "PassEasyWay": 1.0, "WheelchairAuditorium": 0.0, "disabled": "有無障礙設備" }, "geometry": { "type": "Point", "coordinates": [ 121.4917302, 25.02956039 ] } },
{ "type": "Feature", "properties": { "GymType": "球類運動設施/棒球場", "Name": "臺北市立建國高級中學棒球場", "Addr": "臺北市中正區龍光里南海路56號", "OperationTel": "02-23034381#303", "WebUrl": "https://www2.ck.tp.edu.tw/", "Lat": 25.02988281, "Lng": 121.5136921, "PassEasyEle": 0.0, "PassEasyParking": 0.0, "PassEasyShower": 0.0, "PassEasyToilet": 0.0, "PassEasyWay": 0.0, "WheelchairAuditorium": 0.0, "disabled": "無無障礙設備" }, "geometry": { "type": "Point", "coordinates": [ 121.5136921, 25.02988281 ] } },
{ "type": "Feature", "properties": { "GymType": "球類運動設施/棒球場", "Name": "陽明高中棒球場", "Addr": "臺北市士林區後港里中正路510號", "OperationTel": "02-28316675#195", "WebUrl": "http://www.ymsh.tp.edu.tw", "Lat": 25.09310493, "Lng": 121.51631, "PassEasyEle": 0.0, "PassEasyParking": 0.0, "PassEasyShower": 0.0, "PassEasyToilet": 0.0, "PassEasyWay": 0.0, "WheelchairAuditorium": 0.0, "disabled": "無無障礙設備" }, "geometry": { "type": "Point", "coordinates": [ 121.51631, 25.09310493 ] } },
{ "type": "Feature", "properties": { "GymType": "球類運動設施/籃球場館", "Name": "忠孝國中綜合球場", "Addr": "臺北市大同區玉泉里西寧北路32號", "OperationTel": "02-25524890", "WebUrl": null, "Lat": 25.05099719, "Lng": 121.5076894, "PassEasyEle": 1.0, "PassEasyParking": 0.0, "PassEasyShower": 0.0, "PassEasyToilet": 2.0, "PassEasyWay": 2.0, "WheelchairAuditorium": 0.0, "disabled": "有無障礙設備" }, "geometry": { "type": "Point", "coordinates": [ 121.5076894, 25.05099719 ] } },
{ "type": "Feature", "properties": { "GymType": "陸上/射擊運動設施/田徑場", "Name": "忠孝國中田徑場", "Addr": "臺北市大同區玉泉里西寧北路32號", "OperationTel": "02-25524890#78", "WebUrl": null, "Lat": 25.05150747, "Lng": 121.5077645, "PassEasyEle": 1.0, "PassEasyParking": 1.0, "PassEasyShower": 0.0, "PassEasyToilet": 2.0, "PassEasyWay": 1.0, "WheelchairAuditorium": 0.0, "disabled": "有無障礙設備" }, "geometry": { "type": "Point", "coordinates": [ 121.5077645, 25.05150747 ] } },
{ "type": "Feature", "properties": { "GymType": "球類運動設施/棒球場", "Name": "操場兼簡易棒球練習場", "Addr": "臺北市北投區立農里立農街1段250號", "OperationTel": "02-28210702#204", "WebUrl": "http://www.lnes.tp.edu.tw", "Lat": 25.11952055, "Lng": 121.5044224, "PassEasyEle": 0.0, "PassEasyParking": 0.0, "PassEasyShower": 0.0, "PassEasyToilet": 0.0, "PassEasyWay": 0.0, "WheelchairAuditorium": 0.0, "disabled": "無無障礙設備" }, "geometry": { "type": "Point", "coordinates": [ 121.5044224, 25.11952055 ] } },
{ "type": "Feature", "properties": { "GymType": "球類運動設施/籃球場館", "Name": "東湖2號公園", "Addr": "臺北市 內湖區 康寧路三段99巷39弄27號前", "OperationTel": "02-25702330", "WebUrl": "https://sports.tms.gov.tw/", "Lat": 25.07400029, "Lng": 121.6108418, "PassEasyEle": 0.0, "PassEasyParking": 0.0, "PassEasyShower": 0.0, "PassEasyToilet": 0.0, "PassEasyWay": 0.0, "WheelchairAuditorium": 0.0, "disabled": "無無障礙設備" }, "geometry": { "type": "Point", "coordinates": [ 121.6108418, 25.07400029 ] } },
{ "type": "Feature", "properties": { "GymType": "球類運動設施/網球場館", "Name": "瑞湖公園", "Addr": "臺北市 內湖區 民權東路六段15巷及瑞湖街交接口", "OperationTel": "02-25702330", "WebUrl": "https://sports.tms.gov.tw/", "Lat": 25.069429, "Lng": 121.5772283, "PassEasyEle": 0.0, "PassEasyParking": 0.0, "PassEasyShower": 0.0, "PassEasyToilet": 0.0, "PassEasyWay": 0.0, "WheelchairAuditorium": 0.0, "disabled": "無無障礙設備" }, "geometry": { "type": "Point", "coordinates": [ 121.5772283, 25.069429 ] } },
{ "type": "Feature", "properties": { "GymType": "球類運動設施/籃球場館", "Name": "煙波庭公園", "Addr": "臺北市 內湖區 大湖街131巷18弄61號", "OperationTel": "02-25702330", "WebUrl": "https://sports.tms.gov.tw/", "Lat": 25.08650418, "Lng": 121.5990293, "PassEasyEle": 0.0, "PassEasyParking": 0.0, "PassEasyShower": 0.0, "PassEasyToilet": 0.0, "PassEasyWay": 0.0, "WheelchairAuditorium": 0.0, "disabled": "無無障礙設備" }, "geometry": { "type": "Point", "coordinates": [ 121.5990293, 25.08650418 ] } },
{ "type": "Feature", "properties": { "GymType": "球類運動設施/網球場館", "Name": "天壽公園", "Addr": "臺北市士林區中山北路6段405巷右側", "OperationTel": "02-25702330#6535", "WebUrl": "https://sports.gov.taipei/", "Lat": 25.11690742, "Lng": 121.5244907, "PassEasyEle": 0.0, "PassEasyParking": 0.0, "PassEasyShower": 0.0, "PassEasyToilet": 0.0, "PassEasyWay": 0.0, "WheelchairAuditorium": 0.0, "disabled": "無無障礙設備" }, "geometry": { "type": "Point", "coordinates": [ 121.5244907, 25.11690742 ] } },
{ "type": "Feature", "properties": { "GymType": "陸上/射擊運動設施/田徑場", "Name": "南港高中田徑場", "Addr": "臺北市南港區西新里向陽路21號", "OperationTel": "02-27837863#245", "WebUrl": null, "Lat": 25.05219512, "Lng": 121.5941628, "PassEasyEle": 0.0, "PassEasyParking": 0.0, "PassEasyShower": 0.0, "PassEasyToilet": 0.0, "PassEasyWay": 0.0, "WheelchairAuditorium": 0.0, "disabled": "無無障礙設備" }, "geometry": { "type": "Point", "coordinates": [ 121.5941628, 25.05219512 ] } },
{ "type": "Feature", "properties": { "GymType": "水上/冰上運動設施/游泳池", "Name": "南港高中游泳池", "Addr": "臺北市南港區西新里向陽路21號", "OperationTel": "02-27837863#230", "WebUrl": null, "Lat": 25.05282515, "Lng": 121.5932884, "PassEasyEle": 0.0, "PassEasyParking": 1.0, "PassEasyShower": 1.0, "PassEasyToilet": 1.0, "PassEasyWay": 0.0, "WheelchairAuditorium": 0.0, "disabled": "有無障礙設備" }, "geometry": { "type": "Point", "coordinates": [ 121.5932884, 25.05282515 ] } },
{ "type": "Feature", "properties": { "GymType": "球類運動設施/籃球場館", "Name": "籃球場", "Addr": "臺北市南港區聯成里東新街65號", "OperationTel": "02-27851376#152", "WebUrl": "http://www.ctps.tp.edu.tw", "Lat": 25.04714369, "Lng": 121.5878606, "PassEasyEle": 0.0, "PassEasyParking": 0.0, "PassEasyShower": 0.0, "PassEasyToilet": 0.0, "PassEasyWay": 0.0, "WheelchairAuditorium": 0.0, "disabled": "無無障礙設備" }, "geometry": { "type": "Point", "coordinates": [ 121.5878606, 25.04714369 ] } },
{ "type": "Feature", "properties": { "GymType": "球類運動設施/籃球場館", "Name": "寧安公園", "Addr": "臺北市 松山區 寧安街50巷", "OperationTel": "02-25850192", "WebUrl": "http://pkl.taipei.gov.tw", "Lat": 25.05042859, "Lng": 121.5549284, "PassEasyEle": 0.0, "PassEasyParking": 0.0, "PassEasyShower": 0.0, "PassEasyToilet": 0.0, "PassEasyWay": 0.0, "WheelchairAuditorium": 0.0, "disabled": "無無障礙設備" }, "geometry": { "type": "Point", "coordinates": [ 121.5549284, 25.05042859 ] } },
{ "type": "Feature", "properties": { "GymType": "球類運動設施/網球場館", "Name": "臺北網球場", "Addr": "臺北市 松山區 南京東路4段6號", "OperationTel": "02-25795349", "WebUrl": "https://zh-tw.facebook.com/TPTennisCourt/", "Lat": 25.05133738, "Lng": 121.5513343, "PassEasyEle": 0.0, "PassEasyParking": 0.0, "PassEasyShower": 1.0, "PassEasyToilet": 1.0, "PassEasyWay": 1.0, "WheelchairAuditorium": 0.0, "disabled": "有無障礙設備" }, "geometry": { "type": "Point", "coordinates": [ 121.5513343, 25.05133738 ] } },
{ "type": "Feature", "properties": { "GymType": "球類運動設施/籃球場館", "Name": "操場籃球場", "Addr": "臺北市文山區明興里木柵路2段138巷61號", "OperationTel": "02-29392821#20", "WebUrl": "http://www.mdps.tp.edu.tw", "Lat": 24.98772326, "Lng": 121.5636726, "PassEasyEle": 0.0, "PassEasyParking": 0.0, "PassEasyShower": 0.0, "PassEasyToilet": 1.0, "PassEasyWay": 0.0, "WheelchairAuditorium": 0.0, "disabled": "有無障礙設備" }, "geometry": { "type": "Point", "coordinates": [ 121.5636726, 24.98772326 ] } },
{ "type": "Feature", "properties": { "GymType": "陸上/射擊運動設施/田徑場", "Name": "臺北市立大同國小田徑場", "Addr": "臺北市大同區蓬萊里大龍街51號", "OperationTel": "02-25965407#333", "WebUrl": null, "Lat": 25.06504743, "Lng": 121.5170085, "PassEasyEle": 0.0, "PassEasyParking": 0.0, "PassEasyShower": 0.0, "PassEasyToilet": 0.0, "PassEasyWay": 0.0, "WheelchairAuditorium": 0.0, "disabled": "無無障礙設備" }, "geometry": { "type": "Point", "coordinates": [ 121.5170085, 25.06504743 ] } },
{ "type": "Feature", "properties": { "GymType": "球類運動設施/籃球場館", "Name": "臺北市立大同國小籃球場", "Addr": "臺北市大同區蓬萊里大龍街51號", "OperationTel": "02-25965407#333", "WebUrl": null, "Lat": 25.06511546, "Lng": 121.5170944, "PassEasyEle": 0.0, "PassEasyParking": 0.0, "PassEasyShower": 0.0, "PassEasyToilet": 0.0, "PassEasyWay": 0.0, "WheelchairAuditorium": 0.0, "disabled": "無無障礙設備" }, "geometry": { "type": "Point", "coordinates": [ 121.5170944, 25.06511546 ] } },
{ "type": "Feature", "properties": { "GymType": "球類運動設施/壘球場", "Name": "士商壘球場", "Addr": "臺北市士林區後港里士商路150號", "OperationTel": "02-28313114#406", "WebUrl": "http://www.slhs.tp.edu.tw", "Lat": 25.09421705, "Lng": 121.5155381, "PassEasyEle": 0.0, "PassEasyParking": 0.0, "PassEasyShower": 0.0, "PassEasyToilet": 0.0, "PassEasyWay": 0.0, "WheelchairAuditorium": 0.0, "disabled": "無無障礙設備" }, "geometry": { "type": "Point", "coordinates": [ 121.5155381, 25.09421705 ] } },
{ "type": "Feature", "properties": { "GymType": "球類運動設施/籃球場館", "Name": "士商籃球場", "Addr": "臺北市士林區後港里士商路150號", "OperationTel": "02-28313114#406", "WebUrl": "http://slhs.tp.edu.tw/", "Lat": 25.09429012, "Lng": 121.5156822, "PassEasyEle": 0.0, "PassEasyParking": 0.0, "PassEasyShower": 0.0, "PassEasyToilet": 0.0, "PassEasyWay": 0.0, "WheelchairAuditorium": 0.0, "disabled": "無無障礙設備" }, "geometry": { "type": "Point", "coordinates": [ 121.5156822, 25.09429012 ] } },
{ "type": "Feature", "properties": { "GymType": "陸上/射擊運動設施/田徑場", "Name": "士商田徑場", "Addr": "臺北市士林區後港里士商路150號", "OperationTel": "02-28313114", "WebUrl": "http://www.slhs.tp.edu.tw", "Lat": 25.09438242, "Lng": 121.5158217, "PassEasyEle": 0.0, "PassEasyParking": 0.0, "PassEasyShower": 0.0, "PassEasyToilet": 0.0, "PassEasyWay": 0.0, "WheelchairAuditorium": 0.0, "disabled": "無無障礙設備" }, "geometry": { "type": "Point", "coordinates": [ 121.5158217, 25.09438242 ] } },
{ "type": "Feature", "properties": { "GymType": "陸上/射擊運動設施/田徑場", "Name": "?公國中操場", "Addr": "臺北市信義區福德街221巷15號", "OperationTel": "02-27261481#401", "WebUrl": null, "Lat": 25.036599, "Lng": 121.5858076, "PassEasyEle": 1.0, "PassEasyParking": 1.0, "PassEasyShower": 0.0, "PassEasyToilet": 0.0, "PassEasyWay": 1.0, "WheelchairAuditorium": 0.0, "disabled": "有無障礙設備" }, "geometry": { "type": "Point", "coordinates": [ 121.5858076, 25.036599 ] } },
{ "type": "Feature", "properties": { "GymType": "水上/冰上運動設施/游泳池", "Name": "?公國中游泳池", "Addr": "臺北市信義區福德街221巷15號", "OperationTel": "02-27261481#310", "WebUrl": null, "Lat": 25.03653233, "Lng": 121.5854074, "PassEasyEle": 0.0, "PassEasyParking": 0.0, "PassEasyShower": 1.0, "PassEasyToilet": 1.0, "PassEasyWay": 1.0, "WheelchairAuditorium": 0.0, "disabled": "有無障礙設備" }, "geometry": { "type": "Point", "coordinates": [ 121.5854074, 25.03653233 ] } },
{ "type": "Feature", "properties": { "GymType": "水上/冰上運動設施/游泳池", "Name": "木柵國小游泳池", "Addr": "木柵路3段191號", "OperationTel": "02-29391234#633", "WebUrl": null, "Lat": 24.99130066, "Lng": 121.5696106, "PassEasyEle": 0.0, "PassEasyParking": 0.0, "PassEasyShower": 0.0, "PassEasyToilet": 1.0, "PassEasyWay": 0.0, "WheelchairAuditorium": 0.0, "disabled": "有無障礙設備" }, "geometry": { "type": "Point", "coordinates": [ 121.5696106, 24.99130066 ] } },
{ "type": "Feature", "properties": { "GymType": "陸上/射擊運動設施/環形或直線慢跑場（非田徑場）", "Name": "操場", "Addr": "臺北市南港區聯成里東新街65號", "OperationTel": "02-27851376#152", "WebUrl": "http://www.ctps.tp.edu.tw", "Lat": 25.04739155, "Lng": 121.5876603, "PassEasyEle": 0.0, "PassEasyParking": 0.0, "PassEasyShower": 0.0, "PassEasyToilet": 0.0, "PassEasyWay": 0.0, "WheelchairAuditorium": 0.0, "disabled": "無無障礙設備" }, "geometry": { "type": "Point", "coordinates": [ 121.5876603, 25.04739155 ] } },
{ "type": "Feature", "properties": { "GymType": "球類運動設施/籃球場館", "Name": "臺北市立誠正國民中學學生活動中心", "Addr": "臺北市南港區新富里富康街1巷24號", "OperationTel": "02-27828094#1510", "WebUrl": "http://www.ccjh.tp.edu.tw/default.asp", "Lat": 25.0541564, "Lng": 121.6197717, "PassEasyEle": 1.0, "PassEasyParking": 0.0, "PassEasyShower": 0.0, "PassEasyToilet": 2.0, "PassEasyWay": 1.0, "WheelchairAuditorium": 0.0, "disabled": "有無障礙設備" }, "geometry": { "type": "Point", "coordinates": [ 121.6197717, 25.0541564 ] } },
{ "type": "Feature", "properties": { "GymType": "水上/冰上運動設施/游泳池", "Name": "北一女中游泳池", "Addr": "臺北市中正區黎明里重慶南路1段165號", "OperationTel": "02-23820484#530", "WebUrl": "http://www.fg.tp.edu.tw/bin/home.php", "Lat": 25.03820284, "Lng": 121.51465, "PassEasyEle": 1.0, "PassEasyParking": 0.0, "PassEasyShower": 1.0, "PassEasyToilet": 1.0, "PassEasyWay": 1.0, "WheelchairAuditorium": 0.0, "disabled": "有無障礙設備" }, "geometry": { "type": "Point", "coordinates": [ 121.51465, 25.03820284 ] } },
{ "type": "Feature", "properties": { "GymType": "陸上/射擊運動設施/田徑場", "Name": "成德國中操場", "Addr": "臺北市南港區成福里東新街108巷23號", "OperationTel": "02-26515636#330", "WebUrl": null, "Lat": 25.04485912, "Lng": 121.5875763, "PassEasyEle": 0.0, "PassEasyParking": 0.0, "PassEasyShower": 0.0, "PassEasyToilet": 0.0, "PassEasyWay": 1.0, "WheelchairAuditorium": 0.0, "disabled": "有無障礙設備" }, "geometry": { "type": "Point", "coordinates": [ 121.5875763, 25.04485912 ] } },
{ "type": "Feature", "properties": { "GymType": "陸上/射擊運動設施/田徑場", "Name": "操場", "Addr": "臺北市萬華區日善里東園街73巷65號", "OperationTel": "02-23030257#112", "WebUrl": "http://www.hups.tp.edu.tw", "Lat": 25.02689362, "Lng": 121.4989133, "PassEasyEle": 1.0, "PassEasyParking": 0.0, "PassEasyShower": 0.0, "PassEasyToilet": 1.0, "PassEasyWay": 1.0, "WheelchairAuditorium": 0.0, "disabled": "有無障礙設備" }, "geometry": { "type": "Point", "coordinates": [ 121.4989133, 25.02689362 ] } },
{ "type": "Feature", "properties": { "GymType": "陸上/射擊運動設施/田徑場", "Name": "雙園國小田徑場", "Addr": "臺北市萬華區雙園里莒光路315號", "OperationTel": "02-23061893#165", "WebUrl": "http://www.syps.tp.edu.tw", "Lat": 25.03041039, "Lng": 121.4982695, "PassEasyEle": 0.0, "PassEasyParking": 0.0, "PassEasyShower": 0.0, "PassEasyToilet": 0.0, "PassEasyWay": 0.0, "WheelchairAuditorium": 0.0, "disabled": "無無障礙設備" }, "geometry": { "type": "Point", "coordinates": [ 121.4982695, 25.03041039 ] } },
{ "type": "Feature", "properties": { "GymType": "陸上/射擊運動設施/田徑場", "Name": "蘭雅國中田徑場", "Addr": "臺北市士林區三玉里忠誠路2段51號", "OperationTel": "02-28329377#230", "WebUrl": "http://163.21.26.20/enable01/", "Lat": 25.11090948, "Lng": 121.5322551, "PassEasyEle": 1.0, "PassEasyParking": 2.0, "PassEasyShower": 1.0, "PassEasyToilet": 1.0, "PassEasyWay": 1.0, "WheelchairAuditorium": 0.0, "disabled": "有無障礙設備" }, "geometry": { "type": "Point", "coordinates": [ 121.5322551, 25.11090948 ] } },
{ "type": "Feature", "properties": { "GymType": "球類運動設施/籃球場館", "Name": "靜心中學綜合球場", "Addr": "臺北市文山區興福里興隆路2段46號", "OperationTel": "02-29359063", "WebUrl": "https://zh-tw.facebook.com/sunsportc", "Lat": 24.99887941, "Lng": 121.5467262, "PassEasyEle": 1.0, "PassEasyParking": 1.0, "PassEasyShower": 1.0, "PassEasyToilet": 1.0, "PassEasyWay": 1.0, "WheelchairAuditorium": 1.0, "disabled": "有無障礙設備" }, "geometry": { "type": "Point", "coordinates": [ 121.5467262, 24.99887941 ] } },
{ "type": "Feature", "properties": { "GymType": "冒險性運動設施/極限運動場", "Name": "內湖運動公園", "Addr": "臺北市 內湖區 舊宗路2段", "OperationTel": "02-87919494#105", "WebUrl": null, "Lat": 25.06776953, "Lng": 121.5742817, "PassEasyEle": 1.0, "PassEasyParking": 0.0, "PassEasyShower": 0.0, "PassEasyToilet": 1.0, "PassEasyWay": 0.0, "WheelchairAuditorium": 0.0, "disabled": "有無障礙設備" }, "geometry": { "type": "Point", "coordinates": [ 121.5742817, 25.06776953 ] } },
{ "type": "Feature", "properties": { "GymType": "冒險性運動設施/攀岩場/抱石場", "Name": "攀岩場/抱石場", "Addr": "臺北市內湖區舊宗路二段2號", "OperationTel": "02-27206833", "WebUrl": null, "Lat": 25.06757568, "Lng": 121.5735445, "PassEasyEle": 1.0, "PassEasyParking": 0.0, "PassEasyShower": 0.0, "PassEasyToilet": 1.0, "PassEasyWay": 0.0, "WheelchairAuditorium": 0.0, "disabled": "有無障礙設備" }, "geometry": { "type": "Point", "coordinates": [ 121.5735445, 25.06757568 ] } },
{ "type": "Feature", "properties": { "GymType": "球類運動設施/籃球場館", "Name": "環形或直線慢跑場（非田徑場）", "Addr": "臺北市萬華區環河南路2段250巷42弄2號", "OperationTel": "02-23064352#134", "WebUrl": "http://web.hces.tp.edu.tw/front/bin/home.phtml", "Lat": 25.03416293, "Lng": 121.491267, "PassEasyEle": 0.0, "PassEasyParking": 0.0, "PassEasyShower": 0.0, "PassEasyToilet": 1.0, "PassEasyWay": 3.0, "WheelchairAuditorium": 0.0, "disabled": "有無障礙設備" }, "geometry": { "type": "Point", "coordinates": [ 121.491267, 25.03416293 ] } },
{ "type": "Feature", "properties": { "GymType": "球類運動設施/籃球場館", "Name": "蘭雅國中籃球場", "Addr": "臺北市士林區三玉里忠誠路2段51號", "OperationTel": "02-28329377#230", "WebUrl": "http://163.21.26.20/enable01/", "Lat": 25.11026964, "Lng": 121.5316163, "PassEasyEle": 0.0, "PassEasyParking": 1.0, "PassEasyShower": 0.0, "PassEasyToilet": 0.0, "PassEasyWay": 0.0, "WheelchairAuditorium": 0.0, "disabled": "有無障礙設備" }, "geometry": { "type": "Point", "coordinates": [ 121.5316163, 25.11026964 ] } },
{ "type": "Feature", "properties": { "GymType": "水上/冰上運動設施/游泳池", "Name": "萬華國中游泳池", "Addr": "臺北市萬華區日善里西藏路201號", "OperationTel": "02-23390988", "WebUrl": null, "Lat": 25.02915173, "Lng": 121.4992368, "PassEasyEle": 0.0, "PassEasyParking": 0.0, "PassEasyShower": 0.0, "PassEasyToilet": 0.0, "PassEasyWay": 0.0, "WheelchairAuditorium": 0.0, "disabled": "無無障礙設備" }, "geometry": { "type": "Point", "coordinates": [ 121.4992368, 25.02915173 ] } },
{ "type": "Feature", "properties": { "GymType": "陸上/射擊運動設施/環形或直線慢跑場（非田徑場）", "Name": "臺北市大安區幸安國民小學", "Addr": "臺北市大安區民炤里仁愛路3段22號", "OperationTel": "02-27074191", "WebUrl": "http://www.haps.tp.edu.tw", "Lat": 25.03728014, "Lng": 121.5348698, "PassEasyEle": 3.0, "PassEasyParking": 1.0, "PassEasyShower": 1.0, "PassEasyToilet": 1.0, "PassEasyWay": 2.0, "WheelchairAuditorium": 0.0, "disabled": "有無障礙設備" }, "geometry": { "type": "Point", "coordinates": [ 121.5348698, 25.03728014 ] } },
{ "type": "Feature", "properties": { "GymType": "陸上/射擊運動設施/田徑場", "Name": "田徑場", "Addr": "臺北市內湖區週美里21鄰行善路179號", "OperationTel": "02-27917334#232", "WebUrl": "http://www.tmes.tp.edu.tw", "Lat": 25.05828339, "Lng": 121.5811356, "PassEasyEle": 0.0, "PassEasyParking": 3.0, "PassEasyShower": 0.0, "PassEasyToilet": 1.0, "PassEasyWay": 0.0, "WheelchairAuditorium": 0.0, "disabled": "有無障礙設備" }, "geometry": { "type": "Point", "coordinates": [ 121.5811356, 25.05828339 ] } },
{ "type": "Feature", "properties": { "GymType": "球類運動設施/羽球場館", "Name": "臺北市內湖區潭美國民小多功能體育場", "Addr": "臺北市內湖區週美里21鄰行善路179號", "OperationTel": "02-27917334#225", "WebUrl": "http://www.tmes.tp.edu.tw", "Lat": 25.05808165, "Lng": 121.5820181, "PassEasyEle": 2.0, "PassEasyParking": 3.0, "PassEasyShower": 0.0, "PassEasyToilet": 1.0, "PassEasyWay": 0.0, "WheelchairAuditorium": 0.0, "disabled": "有無障礙設備" }, "geometry": { "type": "Point", "coordinates": [ 121.5820181, 25.05808165 ] } },
{ "type": "Feature", "properties": { "GymType": "球類運動設施/足球場館", "Name": "誠正田徑場", "Addr": "臺北市南港區新富里富康街1巷24號", "OperationTel": "02-27828094#1510", "WebUrl": "http://163.21.132.5", "Lat": 25.05316111, "Lng": 121.6184806, "PassEasyEle": 0.0, "PassEasyParking": 0.0, "PassEasyShower": 2.0, "PassEasyToilet": 2.0, "PassEasyWay": 1.0, "WheelchairAuditorium": 0.0, "disabled": "有無障礙設備" }, "geometry": { "type": "Point", "coordinates": [ 121.6184806, 25.05316111 ] } },
{ "type": "Feature", "properties": { "GymType": "球類運動設施/足球場館", "Name": "永安田徑場附屬足球場", "Addr": "臺北市中山區明水路397巷19弄1號", "OperationTel": "02-25335672", "WebUrl": "http://web.yaes.tp.edu.tw/front/bin/home.phtml", "Lat": 25.07963845, "Lng": 121.5497262, "PassEasyEle": 0.0, "PassEasyParking": 0.0, "PassEasyShower": 0.0, "PassEasyToilet": 0.0, "PassEasyWay": 0.0, "WheelchairAuditorium": 0.0, "disabled": "無無障礙設備" }, "geometry": { "type": "Point", "coordinates": [ 121.5497262, 25.07963845 ] } },
{ "type": "Feature", "properties": { "GymType": "球類運動設施/足球場館", "Name": "天母人工草皮足球場", "Addr": "臺北市士林區天玉里天玉街12號", "OperationTel": "02-28723336#9502", "WebUrl": "https://www.tmups.tp.edu.tw/", "Lat": 25.11970998, "Lng": 121.5274626, "PassEasyEle": 0.0, "PassEasyParking": 0.0, "PassEasyShower": 0.0, "PassEasyToilet": 0.0, "PassEasyWay": 0.0, "WheelchairAuditorium": 0.0, "disabled": "無無障礙設備" }, "geometry": { "type": "Point", "coordinates": [ 121.5274626, 25.11970998 ] } },
{ "type": "Feature", "properties": { "GymType": "水上/冰上運動設施/游泳池", "Name": "大安國中游泳池", "Addr": "臺北市大安區大安路2段63號", "OperationTel": "02-27557131", "WebUrl": null, "Lat": 25.0303891, "Lng": 121.5480181, "PassEasyEle": 0.0, "PassEasyParking": 1.0, "PassEasyShower": 1.0, "PassEasyToilet": 1.0, "PassEasyWay": 1.0, "WheelchairAuditorium": 0.0, "disabled": "有無障礙設備" }, "geometry": { "type": "Point", "coordinates": [ 121.5480181, 25.0303891 ] } },
{ "type": "Feature", "properties": { "GymType": "球類運動設施/籃球場館", "Name": "四維樓", "Addr": "臺北市南港區西新里向陽路31號", "OperationTel": "02-27836049#133", "WebUrl": "http://www.yhes.tp.edu.tw", "Lat": 25.05355865, "Lng": 121.594502, "PassEasyEle": 0.0, "PassEasyParking": 1.0, "PassEasyShower": 0.0, "PassEasyToilet": 0.0, "PassEasyWay": 2.0, "WheelchairAuditorium": 0.0, "disabled": "有無障礙設備" }, "geometry": { "type": "Point", "coordinates": [ 121.594502, 25.05355865 ] } },
{ "type": "Feature", "properties": { "GymType": "球類運動設施/籃球場館", "Name": "東湖國中學生活動中心", "Addr": "臺北市內湖區樂康里康樂街131號", "OperationTel": "02-26330373#634", "WebUrl": "http://www.dhjh.tp.edu.tw/", "Lat": 25.07310485, "Lng": 121.6198169, "PassEasyEle": 1.0, "PassEasyParking": 0.0, "PassEasyShower": 1.0, "PassEasyToilet": 1.0, "PassEasyWay": 1.0, "WheelchairAuditorium": 0.0, "disabled": "有無障礙設備" }, "geometry": { "type": "Point", "coordinates": [ 121.6198169, 25.07310485 ] } },
{ "type": "Feature", "properties": { "GymType": "球類運動設施/籃球場館", "Name": "明倫高中綜合體育館", "Addr": "臺北市大同區保安里承德路3段336號", "OperationTel": "02-25961567#147", "WebUrl": "http://www.mlsh.tp.edu.tw", "Lat": 25.07576413, "Lng": 121.5195247, "PassEasyEle": 1.0, "PassEasyParking": 2.0, "PassEasyShower": 1.0, "PassEasyToilet": 1.0, "PassEasyWay": 0.0, "WheelchairAuditorium": 0.0, "disabled": "有無障礙設備" }, "geometry": { "type": "Point", "coordinates": [ 121.5195247, 25.07576413 ] } },
{ "type": "Feature", "properties": { "GymType": "球類運動設施/網球場館", "Name": "中正高中網球場", "Addr": "臺北市北投區文林北路77號", "OperationTel": "02-28234811#330", "WebUrl": "http://www.ccsh.tp.edu.tw", "Lat": 25.10446689, "Lng": 121.5145898, "PassEasyEle": 0.0, "PassEasyParking": 0.0, "PassEasyShower": 0.0, "PassEasyToilet": 0.0, "PassEasyWay": 0.0, "WheelchairAuditorium": 0.0, "disabled": "無無障礙設備" }, "geometry": { "type": "Point", "coordinates": [ 121.5145898, 25.10446689 ] } },
{ "type": "Feature", "properties": { "GymType": "球類運動設施/羽球場館", "Name": "逸仙國小活動中心", "Addr": "臺北市北投區中心里新民路2號", "OperationTel": "02-28914537#123", "WebUrl": "http://www2.ysps.tp.edu.tw", "Lat": 25.13837426, "Lng": 121.5051574, "PassEasyEle": 0.0, "PassEasyParking": 0.0, "PassEasyShower": 0.0, "PassEasyToilet": 0.0, "PassEasyWay": 0.0, "WheelchairAuditorium": 0.0, "disabled": "無無障礙設備" }, "geometry": { "type": "Point", "coordinates": [ 121.5051574, 25.13837426 ] } },
{ "type": "Feature", "properties": { "GymType": "球類運動設施/籃球場館", "Name": "臺北市國語實驗國民小學戶外籃球場", "Addr": "臺北市中正區龍光里南海路58號", "OperationTel": "02-23033555#601", "WebUrl": "http://www.meps.tp.edu.tw", "Lat": 25.0304382, "Lng": 121.5107923, "PassEasyEle": 1.0, "PassEasyParking": 0.0, "PassEasyShower": 1.0, "PassEasyToilet": 1.0, "PassEasyWay": 0.0, "WheelchairAuditorium": 0.0, "disabled": "有無障礙設備" }, "geometry": { "type": "Point", "coordinates": [ 121.5107923, 25.0304382 ] } },
{ "type": "Feature", "properties": { "GymType": "水上/冰上運動設施/游泳池", "Name": "蘭雅國中游泳池", "Addr": "臺北市士林區三玉里忠誠路2段51號", "OperationTel": "02-28329377#230", "WebUrl": "http://163.21.26.20/enable01/", "Lat": 25.11057835, "Lng": 121.5325373, "PassEasyEle": 0.0, "PassEasyParking": 0.0, "PassEasyShower": 1.0, "PassEasyToilet": 1.0, "PassEasyWay": 1.0, "WheelchairAuditorium": 0.0, "disabled": "有無障礙設備" }, "geometry": { "type": "Point", "coordinates": [ 121.5325373, 25.11057835 ] } },
{ "type": "Feature", "properties": { "GymType": "水上/冰上運動設施/游泳池", "Name": "西湖國中游泳池", "Addr": "臺北市內湖區西湖里環山路1段27號", "OperationTel": "02-27991817#215", "WebUrl": "http://www.xhjhs.tp.edu.tw", "Lat": 25.08542885, "Lng": 121.5658933, "PassEasyEle": 0.0, "PassEasyParking": 2.0, "PassEasyShower": 1.0, "PassEasyToilet": 2.0, "PassEasyWay": 1.0, "WheelchairAuditorium": 0.0, "disabled": "有無障礙設備" }, "geometry": { "type": "Point", "coordinates": [ 121.5658933, 25.08542885 ] } },
{ "type": "Feature", "properties": { "GymType": "水上/冰上運動設施/游泳池", "Name": "臺北市立新民國中游泳池", "Addr": "臺北市北投區林泉里新民路10號", "OperationTel": "02-28979001#350", "WebUrl": "http://www.hmjh.tp.edu.tw", "Lat": 25.13818979, "Lng": 121.5063842, "PassEasyEle": 0.0, "PassEasyParking": 0.0, "PassEasyShower": 0.0, "PassEasyToilet": 0.0, "PassEasyWay": 1.0, "WheelchairAuditorium": 0.0, "disabled": "有無障礙設備" }, "geometry": { "type": "Point", "coordinates": [ 121.5063842, 25.13818979 ] } },
{ "type": "Feature", "properties": { "GymType": "水上/冰上運動設施/游泳池", "Name": "前山公園游泳池", "Addr": "臺北市 北投區 建國街4號", "OperationTel": "02-25702330", "WebUrl": "https://sports.gov.taipei/cp.aspx?n=6293F95CF8D99D64", "Lat": 25.15169443, "Lng": 121.5483731, "PassEasyEle": 0.0, "PassEasyParking": 0.0, "PassEasyShower": 1.0, "PassEasyToilet": 1.0, "PassEasyWay": 1.0, "WheelchairAuditorium": 0.0, "disabled": "有無障礙設備" }, "geometry": { "type": "Point", "coordinates": [ 121.5483731, 25.15169443 ] } },
{ "type": "Feature", "properties": { "GymType": "水上/冰上運動設施/游泳池", "Name": "前港公園游泳池", "Addr": "臺北市 士林區 前港街45號", "OperationTel": "02-25702330", "WebUrl": null, "Lat": 25.08523937, "Lng": 121.5208429, "PassEasyEle": 0.0, "PassEasyParking": 1.0, "PassEasyShower": 4.0, "PassEasyToilet": 1.0, "PassEasyWay": 1.0, "WheelchairAuditorium": 0.0, "disabled": "有無障礙設備" }, "geometry": { "type": "Point", "coordinates": [ 121.5208429, 25.08523937 ] } },
{ "type": "Feature", "properties": { "GymType": "水上/冰上運動設施/游泳池", "Name": "克強公園游泳池(閉館整修中)", "Addr": "臺北市 士林區 磺溪街55巷2號", "OperationTel": "02-88665105", "WebUrl": "https://zh-tw.facebook.com/pages/category/Public-Swimming-Pool/%E9%81%8B%E5%8D%9A%E5%85%8B%E5%BC%B7%E5%85%AC%E5%9C%92%E6%B8%B8%E6%B3%B3%E6%B1%A0-114122908662385/", "Lat": 25.10772701, "Lng": 121.5219533, "PassEasyEle": 0.0, "PassEasyParking": 0.0, "PassEasyShower": 1.0, "PassEasyToilet": 1.0, "PassEasyWay": 0.0, "WheelchairAuditorium": 0.0, "disabled": "有無障礙設備" }, "geometry": { "type": "Point", "coordinates": [ 121.5219533, 25.10772701 ] } },
{ "type": "Feature", "properties": { "GymType": "水上/冰上運動設施/游泳池", "Name": "七虎公園游泳池", "Addr": "臺北市 北投區 育仁路108號", "OperationTel": "02-25702330", "WebUrl": "https://sports.gov.taipei/cp.aspx?n=6293F95CF8D99D64", "Lat": 25.13643657, "Lng": 121.5012789, "PassEasyEle": 0.0, "PassEasyParking": 0.0, "PassEasyShower": 1.0, "PassEasyToilet": 1.0, "PassEasyWay": 1.0, "WheelchairAuditorium": 0.0, "disabled": "有無障礙設備" }, "geometry": { "type": "Point", "coordinates": [ 121.5012789, 25.13643657 ] } },
{ "type": "Feature", "properties": { "GymType": "水上/冰上運動設施/游泳池", "Name": "天溪綠地游泳池", "Addr": "臺北市 北投區 中山北路7段219巷3弄170號", "OperationTel": "02-25702330", "WebUrl": "https://sports.gov.taipei/cp.aspx?n=6293F95CF8D99D64", "Lat": 25.12870979, "Lng": 121.5310943, "PassEasyEle": 0.0, "PassEasyParking": 0.0, "PassEasyShower": 1.0, "PassEasyToilet": 1.0, "PassEasyWay": 1.0, "WheelchairAuditorium": 0.0, "disabled": "有無障礙設備" }, "geometry": { "type": "Point", "coordinates": [ 121.5310943, 25.12870979 ] } },
{ "type": "Feature", "properties": { "GymType": "水上/冰上運動設施/游泳池", "Name": "碧湖公園游泳池", "Addr": "臺北市 內湖區 內湖路二段103巷66號", "OperationTel": "02-25702330", "WebUrl": "https://sports.tms.gov.tw/", "Lat": 25.08222225, "Lng": 121.5812409, "PassEasyEle": 0.0, "PassEasyParking": 0.0, "PassEasyShower": 0.0, "PassEasyToilet": 0.0, "PassEasyWay": 0.0, "WheelchairAuditorium": 0.0, "disabled": "無無障礙設備" }, "geometry": { "type": "Point", "coordinates": [ 121.5812409, 25.08222225 ] } },
{ "type": "Feature", "properties": { "GymType": "水上/冰上運動設施/游泳池", "Name": "木柵公園游泳池", "Addr": "臺北市 文山區 興隆路四段50號", "OperationTel": "02-22342863", "WebUrl": "http://www.wdygsports.com.tw/swimming.asp?major=c47OxrbPc7TJfvK1", "Lat": 24.98695756, "Lng": 121.5604538, "PassEasyEle": 0.0, "PassEasyParking": 0.0, "PassEasyShower": 0.0, "PassEasyToilet": 0.0, "PassEasyWay": 0.0, "WheelchairAuditorium": 0.0, "disabled": "無無障礙設備" }, "geometry": { "type": "Point", "coordinates": [ 121.5604538, 24.98695756 ] } },
{ "type": "Feature", "properties": { "GymType": "球類運動設施/籃球場館", "Name": "石牌國中室外籃球場", "Addr": "臺北市北投區吉利里石牌路1段139號", "OperationTel": "02-28224682", "WebUrl": "http://www.spjh.tp.edu.tw/", "Lat": 25.11588127, "Lng": 121.5131012, "PassEasyEle": 1.0, "PassEasyParking": 1.0, "PassEasyShower": 0.0, "PassEasyToilet": 1.0, "PassEasyWay": 1.0, "WheelchairAuditorium": 0.0, "disabled": "有無障礙設備" }, "geometry": { "type": "Point", "coordinates": [ 121.5131012, 25.11588127 ] } },
{ "type": "Feature", "properties": { "GymType": "球類運動設施/排球場館", "Name": "石牌國中室外排球場", "Addr": "臺北市北投區吉利里石牌路1段139號", "OperationTel": "02-28224682", "WebUrl": "http://www.spjh.tp.edu.tw/", "Lat": 25.11590221, "Lng": 121.51297, "PassEasyEle": 1.0, "PassEasyParking": 1.0, "PassEasyShower": 0.0, "PassEasyToilet": 1.0, "PassEasyWay": 1.0, "WheelchairAuditorium": 0.0, "disabled": "有無障礙設備" }, "geometry": { "type": "Point", "coordinates": [ 121.51297, 25.11590221 ] } },
{ "type": "Feature", "properties": { "GymType": "水上/冰上運動設施/游泳池", "Name": "玉成公園游泳池(閉館整修中)", "Addr": "臺北市 南港區 中坡南路55號", "OperationTel": "02-27265151", "WebUrl": "http://www.wdygsports.com.tw/index.asp", "Lat": 25.04183128, "Lng": 121.5858597, "PassEasyEle": 0.0, "PassEasyParking": 0.0, "PassEasyShower": 0.0, "PassEasyToilet": 2.0, "PassEasyWay": 1.0, "WheelchairAuditorium": 0.0, "disabled": "有無障礙設備" }, "geometry": { "type": "Point", "coordinates": [ 121.5858597, 25.04183128 ] } },
{ "type": "Feature", "properties": { "GymType": "水上/冰上運動設施/游泳池", "Name": "三民公園游泳池", "Addr": "臺北市 松山區 撫遠街298號", "OperationTel": "02-87876527", "WebUrl": "https://sports.gov.taipei/cp.aspx?n=6293F95CF8D99D64", "Lat": 25.06114888, "Lng": 121.5665638, "PassEasyEle": 0.0, "PassEasyParking": 0.0, "PassEasyShower": 1.0, "PassEasyToilet": 1.0, "PassEasyWay": 1.0, "WheelchairAuditorium": 0.0, "disabled": "有無障礙設備" }, "geometry": { "type": "Point", "coordinates": [ 121.5665638, 25.06114888 ] } },
{ "type": "Feature", "properties": { "GymType": "水上/冰上運動設施/游泳池", "Name": "中正高中游泳館", "Addr": "臺北市北投區文林北路77號", "OperationTel": "02-28234811#330", "WebUrl": "http://www.ccsh.tp.edu.tw", "Lat": 25.1047833, "Lng": 121.515103, "PassEasyEle": 1.0, "PassEasyParking": 1.0, "PassEasyShower": 1.0, "PassEasyToilet": 1.0, "PassEasyWay": 1.0, "WheelchairAuditorium": 0.0, "disabled": "有無障礙設備" }, "geometry": { "type": "Point", "coordinates": [ 121.515103, 25.1047833 ] } },
{ "type": "Feature", "properties": { "GymType": "球類運動設施/籃球場館", "Name": "台北市前山公園", "Addr": "臺北市 北投區 建國街4號", "OperationTel": "02-28616361#211", "WebUrl": "https://pkl.gov.tw", "Lat": 25.15123325, "Lng": 121.5482931, "PassEasyEle": 0.0, "PassEasyParking": 0.0, "PassEasyShower": 0.0, "PassEasyToilet": 0.0, "PassEasyWay": 0.0, "WheelchairAuditorium": 0.0, "disabled": "無無障礙設備" }, "geometry": { "type": "Point", "coordinates": [ 121.5482931, 25.15123325 ] } },
{ "type": "Feature", "properties": { "GymType": "陸上/射擊運動設施/田徑場", "Name": "田徑場", "Addr": "臺北市文山區木柵路4段159巷14號之1", "OperationTel": "02-22302585#122", "WebUrl": null, "Lat": 25.00176657, "Lng": 121.5754254, "PassEasyEle": 0.0, "PassEasyParking": 0.0, "PassEasyShower": 0.0, "PassEasyToilet": 0.0, "PassEasyWay": 0.0, "WheelchairAuditorium": 0.0, "disabled": "無無障礙設備" }, "geometry": { "type": "Point", "coordinates": [ 121.5754254, 25.00176657 ] } },
{ "type": "Feature", "properties": { "GymType": "陸上/射擊運動設施/田徑場", "Name": "南湖國小田徑場", "Addr": "臺北市內湖區葫洲里康寧路3段200號", "OperationTel": "02-26321296#54", "WebUrl": "http://www.nhps.tp.edu.tw", "Lat": 25.06803195, "Lng": 121.6101853, "PassEasyEle": 0.0, "PassEasyParking": 0.0, "PassEasyShower": 0.0, "PassEasyToilet": 0.0, "PassEasyWay": 0.0, "WheelchairAuditorium": 0.0, "disabled": "無無障礙設備" }, "geometry": { "type": "Point", "coordinates": [ 121.6101853, 25.06803195 ] } },
{ "type": "Feature", "properties": { "GymType": "陸上/射擊運動設施/田徑場", "Name": "興雅國小操場", "Addr": "臺北市信義區雅祥里基隆路1段83巷9號", "OperationTel": "02-27618156#639", "WebUrl": "http://www.hyps.tp.edu.tw", "Lat": 25.04768102, "Lng": 121.5696485, "PassEasyEle": 2.0, "PassEasyParking": 1.0, "PassEasyShower": 0.0, "PassEasyToilet": 1.0, "PassEasyWay": 2.0, "WheelchairAuditorium": 0.0, "disabled": "有無障礙設備" }, "geometry": { "type": "Point", "coordinates": [ 121.5696485, 25.04768102 ] } },
{ "type": "Feature", "properties": { "GymType": "水上/冰上運動設施/游泳池", "Name": "興雅國小游泳池", "Addr": "臺北市信義區雅祥里基隆路1段83巷9號", "OperationTel": "02-27618156#639", "WebUrl": "http://www.hyps.tp.edu.tw", "Lat": 25.0478171, "Lng": 121.5702351, "PassEasyEle": 2.0, "PassEasyParking": 1.0, "PassEasyShower": 1.0, "PassEasyToilet": 1.0, "PassEasyWay": 2.0, "WheelchairAuditorium": 0.0, "disabled": "有無障礙設備" }, "geometry": { "type": "Point", "coordinates": [ 121.5702351, 25.0478171 ] } },
{ "type": "Feature", "properties": { "GymType": "球類運動設施/排球場館", "Name": "士商排球場", "Addr": "臺北市士林區後港里士商路150號", "OperationTel": "02-28313114#306", "WebUrl": "http://www.slhs.tp.edu.tw", "Lat": 25.09440482, "Lng": 121.5151425, "PassEasyEle": 0.0, "PassEasyParking": 0.0, "PassEasyShower": 0.0, "PassEasyToilet": 1.0, "PassEasyWay": 0.0, "WheelchairAuditorium": 0.0, "disabled": "有無障礙設備" }, "geometry": { "type": "Point", "coordinates": [ 121.5151425, 25.09440482 ] } },
{ "type": "Feature", "properties": { "GymType": "水上/冰上運動設施/游泳池", "Name": "大直國小溫水游泳池", "Addr": "臺北市中山區大直里大直街2號", "OperationTel": "02-25323449", "WebUrl": "http://www.tzes.tp.edu.tw/default.asp", "Lat": 25.08013008, "Lng": 121.5465893, "PassEasyEle": 0.0, "PassEasyParking": 0.0, "PassEasyShower": 1.0, "PassEasyToilet": 1.0, "PassEasyWay": 1.0, "WheelchairAuditorium": 0.0, "disabled": "有無障礙設備" }, "geometry": { "type": "Point", "coordinates": [ 121.5465893, 25.08013008 ] } },
{ "type": "Feature", "properties": { "GymType": "球類運動設施/籃球場館", "Name": "新和國小活動中心", "Addr": "臺北市萬華區西藏路125巷31號", "OperationTel": "02-23038298#1303", "WebUrl": "http://www.soes.tp.edu.tw", "Lat": 25.02596204, "Lng": 121.503326, "PassEasyEle": 0.0, "PassEasyParking": 0.0, "PassEasyShower": 0.0, "PassEasyToilet": 0.0, "PassEasyWay": 0.0, "WheelchairAuditorium": 0.0, "disabled": "無無障礙設備" }, "geometry": { "type": "Point", "coordinates": [ 121.503326, 25.02596204 ] } },
{ "type": "Feature", "properties": { "GymType": "球類運動設施/滾球場", "Name": "興雅國中滾球場", "Addr": "臺北市信義區松德路168巷15號", "OperationTel": "02-27232771#330", "WebUrl": "http://www.syajh.tp.edu.tw", "Lat": 25.03641998, "Lng": 121.5722367, "PassEasyEle": 0.0, "PassEasyParking": 0.0, "PassEasyShower": 0.0, "PassEasyToilet": 0.0, "PassEasyWay": 0.0, "WheelchairAuditorium": 0.0, "disabled": "無無障礙設備" }, "geometry": { "type": "Point", "coordinates": [ 121.5722367, 25.03641998 ] } },
{ "type": "Feature", "properties": { "GymType": "球類運動設施/羽球場館", "Name": "石牌國中活動中心3樓綜合球場", "Addr": "臺北市北投區吉利里石牌路1段139號", "OperationTel": "02-28224682#253", "WebUrl": "http://www.spjh.tp.edu.tw", "Lat": 25.11499367, "Lng": 121.5141749, "PassEasyEle": 1.0, "PassEasyParking": 3.0, "PassEasyShower": 0.0, "PassEasyToilet": 4.0, "PassEasyWay": 2.0, "WheelchairAuditorium": 0.0, "disabled": "有無障礙設備" }, "geometry": { "type": "Point", "coordinates": [ 121.5141749, 25.11499367 ] } },
{ "type": "Feature", "properties": { "GymType": "球類運動設施/籃球場館", "Name": "戶外籃球場", "Addr": "臺北市南港區中研里舊莊街1段1號", "OperationTel": "02-27824949#932", "WebUrl": null, "Lat": 25.04249736, "Lng": 121.617365, "PassEasyEle": 0.0, "PassEasyParking": 0.0, "PassEasyShower": 0.0, "PassEasyToilet": 0.0, "PassEasyWay": 0.0, "WheelchairAuditorium": 0.0, "disabled": "無無障礙設備" }, "geometry": { "type": "Point", "coordinates": [ 121.617365, 25.04249736 ] } }
]
}
